Item_Identifier,Item_Weight,Item_Fat_Content,Item_Visibility,Item_Type,Item_MRP,Outlet_Identifier,Outlet_Size,Outlet_Location_Type,Outlet_Type,Item_Outlet_Sales,Item_Type_Combined
FDA15,9.3,Low Fat,0.016047301,Dairy,249.8092,OUT049,Medium,Tier 1,Supermarket Type1,8.225807737,Food
DRC01,5.92,Regular,0.019278216,Soft Drinks,48.2692,OUT018,Medium,Tier 3,Supermarket Type2,6.096776362,Drinks
FDN15,17.5,Low Fat,0.016760075,Meat,141.618,OUT049,Medium,Tier 1,Supermarket Type1,7.648868475,Food
FDX07,19.2,Regular,0.02291051,Fruits and Vegetables,182.095,OUT010,Small,Tier 3,Grocery Store,6.597663985,Food
NCD19,8.93,Non-Edible,0.016164306,Household,53.8614,OUT013,High,Tier 3,Supermarket Type1,6.90345123,Non-Consumable
FDP36,10.395,Regular,0.091392321,Baking Goods,51.4008,OUT018,Medium,Tier 3,Supermarket Type2,6.323657641,Food
FDO10,13.65,Regular,0.012741089,Snack Foods,57.6588,OUT013,High,Tier 3,Supermarket Type1,5.842247344,Food
FDP10,19,Low Fat,0.127469857,Snack Foods,107.7622,OUT027,Medium,Tier 3,Supermarket Type3,8.299972963,Food
FDH17,16.2,Regular,0.016687114,Frozen Foods,96.9726,OUT045,Small,Tier 2,Supermarket Type1,6.982490326,Food
FDU28,19.2,Regular,0.09444959,Frozen Foods,187.8214,OUT017,Small,Tier 2,Supermarket Type1,8.457769036,Food
FDY07,11.8,Low Fat,0.121879573,Fruits and Vegetables,45.5402,OUT049,Medium,Tier 1,Supermarket Type1,7.324507514,Food
FDA03,18.5,Regular,0.045463773,Dairy,144.1102,OUT046,Small,Tier 1,Supermarket Type1,7.690813088,Food
FDX32,15.1,Regular,0.1000135,Fruits and Vegetables,145.4786,OUT049,Medium,Tier 1,Supermarket Type1,7.371655696,Food
FDS46,17.6,Regular,0.047257328,Snack Foods,119.6782,OUT046,Small,Tier 1,Supermarket Type1,7.671457657,Food
FDF32,16.35,Low Fat,0.0680243,Fruits and Vegetables,196.4426,OUT013,High,Tier 3,Supermarket Type1,7.590056858,Food
FDP49,9,Regular,0.069088961,Breakfast,56.3614,OUT046,Small,Tier 1,Supermarket Type1,7.344925234,Food
NCB42,11.8,Non-Edible,0.008596051,Health and Hygiene,115.3492,OUT018,Medium,Tier 3,Supermarket Type2,7.39196305,Non-Consumable
FDP49,9,Regular,0.069196376,Breakfast,54.3614,OUT049,Medium,Tier 1,Supermarket Type1,6.578415029,Food
DRI11,8.26,Low Fat,0.034237682,Hard Drinks,113.2834,OUT027,Medium,Tier 3,Supermarket Type3,7.74269191,Drinks
FDU02,13.35,Low Fat,0.10249212,Dairy,230.5352,OUT035,Small,Tier 2,Supermarket Type1,7.919146132,Food
FDN22,18.85,Regular,0.138190277,Snack Foods,250.8724,OUT013,High,Tier 3,Supermarket Type1,8.236443302,Food
FDW12,8.315,Regular,0.035399923,Baking Goods,144.5444,OUT027,Medium,Tier 3,Supermarket Type3,8.310179649,Food
NCB30,14.6,Non-Edible,0.025698134,Household,196.5084,OUT035,Small,Tier 2,Supermarket Type1,7.37039889,Non-Consumable
FDC37,15.5,Low Fat,0.057556998,Baking Goods,107.6938,OUT019,Small,Tier 1,Grocery Store,5.372439196,Food
FDR28,13.85,Regular,0.025896485,Frozen Foods,165.021,OUT046,Small,Tier 1,Supermarket Type1,8.313613268,Food
NCD06,13,Non-Edible,0.099887103,Household,45.906,OUT017,Small,Tier 2,Supermarket Type1,6.733292362,Non-Consumable
FDV10,7.645,Regular,0.066693437,Snack Foods,42.3112,OUT035,Small,Tier 2,Supermarket Type1,6.971931234,Food
DRJ59,11.65,Low Fat,0.019356132,Hard Drinks,39.1164,OUT013,High,Tier 3,Supermarket Type1,5.736350337,Drinks
FDE51,5.925,Regular,0.161466534,Dairy,45.5086,OUT010,Small,Tier 3,Grocery Store,5.189809682,Food
FDC14,14.5,Regular,0.072221801,Canned,43.6454,OUT019,Small,Tier 1,Grocery Store,4.84289649,Food
FDV38,19.25,Low Fat,0.170348551,Dairy,55.7956,OUT010,Small,Tier 3,Grocery Store,5.104652517,Food
NCS17,18.6,Non-Edible,0.080829372,Health and Hygiene,96.4436,OUT018,Medium,Tier 3,Supermarket Type2,7.916721596,Non-Consumable
FDP33,18.7,Low Fat,0.102678314,Snack Foods,256.6672,OUT018,Medium,Tier 3,Supermarket Type2,8.02910914,Food
FDO23,17.85,Low Fat,0.164846377,Breads,93.1436,OUT045,Small,Tier 2,Supermarket Type1,7.685015089,Food
DRH01,17.5,Low Fat,0.097904029,Soft Drinks,174.8738,OUT046,Small,Tier 1,Supermarket Type1,7.643140539,Drinks
NCX29,10,Non-Edible,0.089291137,Health and Hygiene,146.7102,OUT049,Medium,Tier 1,Supermarket Type1,8.240666057,Non-Consumable
FDV20,20.2,Regular,0.059511812,Fruits and Vegetables,128.0678,OUT027,Medium,Tier 3,Supermarket Type3,7.936907301,Food
DRZ11,8.85,Regular,0.113123893,Soft Drinks,122.5388,OUT018,Medium,Tier 3,Supermarket Type2,7.384551039,Drinks
FDX10,6.385,Regular,0.123111453,Snack Foods,36.9874,OUT027,Medium,Tier 3,Supermarket Type3,5.963994168,Food
FDB34,15.25,Low Fat,0.026480954,Snack Foods,87.6198,OUT027,Medium,Tier 3,Supermarket Type3,7.687765701,Food
FDU02,13.35,Low Fat,0.102511504,Dairy,230.6352,OUT046,Small,Tier 1,Supermarket Type1,8.142216938,Food
FDK43,9.8,Low Fat,0.02681843,Meat,126.002,OUT013,High,Tier 3,Supermarket Type1,7.673936355,Food
FDA46,13.6,Low Fat,0.117818348,Snack Foods,192.9136,OUT049,Medium,Tier 1,Supermarket Type1,7.835332795,Food
FDC02,21.35,Low Fat,0.069102831,Canned,259.9278,OUT018,Medium,Tier 3,Supermarket Type2,8.820185876,Food
FDL50,12.15,Regular,0.042277867,Canned,126.5046,OUT013,High,Tier 3,Supermarket Type1,5.925628651,Food
FDM39,6.42,Low Fat,0.089498926,Dairy,178.1002,OUT010,Small,Tier 3,Grocery Store,5.88388045,Food
NCP05,19.6,Non-Edible,0.028135431,Health and Hygiene,153.3024,OUT045,Small,Tier 2,Supermarket Type1,7.795580032,Non-Consumable
FDV49,10,Low Fat,0.025879577,Canned,265.2226,OUT045,Small,Tier 2,Supermarket Type1,8.668384732,Food
FDL12,15.85,Regular,0.121632721,Baking Goods,60.622,OUT046,Small,Tier 1,Supermarket Type1,7.854631858,Food
FDS02,10.195,Regular,0.255394896,Dairy,196.8794,OUT019,Small,Tier 1,Grocery Store,6.660981725,Food
NCL17,7.39,Non-Edible,0.067779712,Health and Hygiene,143.8812,OUT046,Small,Tier 1,Supermarket Type1,8.050571485,Non-Consumable
FDM40,10.195,Low Fat,0.159803853,Frozen Foods,141.5154,OUT013,High,Tier 3,Supermarket Type1,6.747460228,Food
FDR13,9.895,Regular,0.028696932,Canned,117.0492,OUT013,High,Tier 3,Supermarket Type1,6.699431865,Food
FDA43,10.895,Low Fat,0.065041581,Fruits and Vegetables,196.3794,OUT017,Small,Tier 2,Supermarket Type1,8.046315708,Food
NCP18,12.15,Non-Edible,0.028760013,Household,151.4708,OUT017,Small,Tier 2,Supermarket Type1,8.479712608,Non-Consumable
FDK21,7.905,Low Fat,0.010053105,Snack Foods,249.0408,OUT018,Medium,Tier 3,Supermarket Type2,8.741858784,Food
NCX54,9.195,Non-Edible,0.048157338,Household,106.1622,OUT045,Small,Tier 2,Supermarket Type1,7.658342723,Non-Consumable
DRK35,8.365,Low Fat,0.071958197,Hard Drinks,38.0506,OUT049,Medium,Tier 1,Supermarket Type1,6.682061729,Drinks
FDY21,15.1,Low Fat,0.173481304,Snack Foods,194.511,OUT046,Small,Tier 1,Supermarket Type1,8.499288861,Food
FDI26,5.94,Low Fat,0.061082177,Canned,180.0344,OUT019,Small,Tier 1,Grocery Store,6.794779172,Food
FDM20,10,Low Fat,0.038748011,Fruits and Vegetables,246.9144,OUT018,Medium,Tier 3,Supermarket Type2,8.066580246,Food
FDV27,7.97,Regular,0.040071131,Meat,87.3514,OUT045,Small,Tier 2,Supermarket Type1,6.969430455,Food
FDF09,6.215,Low Fat,0.012090074,Fruits and Vegetables,38.2848,OUT027,Medium,Tier 3,Supermarket Type3,6.185596091,Food
FDY40,15.5,Regular,0.15028599,Frozen Foods,51.0692,OUT019,Small,Tier 1,Grocery Store,5.002654196,Food
FDY45,17.5,Low Fat,0.026015519,Snack Foods,255.8356,OUT027,Medium,Tier 3,Supermarket Type3,7.841632852,Food
FDC46,17.7,Low Fat,0.195068226,Snack Foods,185.4266,OUT010,Small,Tier 3,Grocery Store,5.222659116,Food
FDH19,19.35,Low Fat,0.033082215,Meat,172.5738,OUT035,Small,Tier 2,Supermarket Type1,8.490164464,Food
FDZ03,13.65,Regular,0.078946455,Dairy,186.024,OUT045,Small,Tier 2,Supermarket Type1,7.020676739,Food
DRH37,17.6,Low Fat,0.041700756,Soft Drinks,164.8526,OUT045,Small,Tier 2,Supermarket Type1,7.742113959,Drinks
NCI17,8.645,Non-Edible,0.143422643,Health and Hygiene,95.841,OUT046,Small,Tier 1,Supermarket Type1,7.614983357,Non-Consumable
FDJ58,15.6,Regular,0.105296072,Snack Foods,170.1764,OUT046,Small,Tier 1,Supermarket Type1,8.142216938,Food
FDL12,15.85,Regular,0.121531501,Baking Goods,59.222,OUT013,High,Tier 3,Supermarket Type1,6.397296255,Food
FDH35,18.25,Low Fat,0.068386192,Starchy Foods,164.7526,OUT045,Small,Tier 2,Supermarket Type1,8.43504404,Food
FDG02,7.855,Low Fat,0.011324862,Canned,189.6188,OUT017,Small,Tier 2,Supermarket Type1,7.734570043,Food
NCZ18,7.825,Non-Edible,0.186357148,Household,254.3698,OUT049,Medium,Tier 1,Supermarket Type1,8.627255046,Non-Consumable
FDC29,8.39,Regular,0.024205661,Frozen Foods,114.0176,OUT046,Small,Tier 1,Supermarket Type1,7.736897315,Food
FDQ10,12.85,Low Fat,0.033230816,Snack Foods,172.3422,OUT049,Medium,Tier 1,Supermarket Type1,7.096800349,Food
FDN48,13.35,Low Fat,0.113720344,Baking Goods,89.9804,OUT019,Small,Tier 1,Grocery Store,6.467951489,Food
FDL04,19,Low Fat,0.112556507,Frozen Foods,104.9622,OUT017,Small,Tier 2,Supermarket Type1,7.370818001,Food
FDV25,5.905,Low Fat,0.054276717,Canned,222.5456,OUT045,Small,Tier 2,Supermarket Type1,8.576611326,Food
FDD58,7.76,Low Fat,0.059352241,Snack Foods,101.87,OUT046,Small,Tier 1,Supermarket Type1,7.437671512,Food
FDN04,11.8,Regular,0.014087057,Frozen Foods,180.3344,OUT046,Small,Tier 1,Supermarket Type1,7.264362861,Food
FDV45,16.75,Low Fat,0.045230944,Snack Foods,187.9556,OUT018,Medium,Tier 3,Supermarket Type2,8.454229962,Food
NCL18,18.85,Non-Edible,0.293417759,Household,194.6136,OUT019,Small,Tier 1,Grocery Store,6.370313227,Non-Consumable
FDR12,12.6,Regular,0.031382044,Baking Goods,171.3764,OUT027,Medium,Tier 3,Supermarket Type3,8.036888755,Food
FDG20,15.5,Regular,0.12639886,Fruits and Vegetables,177.0028,OUT017,Small,Tier 2,Supermarket Type1,7.81619092,Food
FDZ55,6.055,Low Fat,0.025403898,Fruits and Vegetables,160.992,OUT035,Small,Tier 2,Supermarket Type1,7.907454371,Food
FDQ49,20.2,Regular,0.039057677,Breakfast,155.963,OUT027,Medium,Tier 3,Supermarket Type3,8.097646299,Food
FDN33,6.305,Regular,0.123115764,Snack Foods,95.6436,OUT046,Small,Tier 1,Supermarket Type1,6.496481131,Food
FDN27,20.85,Low Fat,0.039624006,Meat,117.2808,OUT049,Medium,Tier 1,Supermarket Type1,7.329323631,Food
FDW20,20.75,Low Fat,0.040421193,Fruits and Vegetables,122.173,OUT010,Small,Tier 3,Grocery Store,5.914904725,Food
DRG27,8.895,Low Fat,0.105274111,Dairy,39.9138,OUT049,Medium,Tier 1,Supermarket Type1,6.53876857,Drinks
DRI25,19.6,Low Fat,0.033970195,Soft Drinks,55.1614,OUT045,Small,Tier 2,Supermarket Type1,7.23167405,Drinks
FDA44,19.7,Low Fat,0.053212652,Fruits and Vegetables,57.893,OUT035,Small,Tier 2,Supermarket Type1,6.435385653,Food
NCR17,9.8,Non-Edible,0.024378706,Health and Hygiene,114.5492,OUT035,Small,Tier 2,Supermarket Type1,7.15096903,Non-Consumable
FDU04,7.93,Low Fat,0.009714595,Frozen Foods,120.0414,OUT019,Small,Tier 1,Grocery Store,6.191064306,Food
FDF41,12.15,Low Fat,0.131383762,Frozen Foods,246.046,OUT049,Medium,Tier 1,Supermarket Type1,7.116986501,Food
FDB56,8.75,Regular,0.07461309,Fruits and Vegetables,187.4556,OUT035,Small,Tier 2,Supermarket Type1,8.231139659,Food
NCP18,12.15,Non-Edible,0.028459761,Household,149.9708,OUT027,Medium,Tier 3,Supermarket Type3,8.381294015,Non-Consumable
FDB56,8.75,Regular,0.074627201,Fruits and Vegetables,187.8556,OUT046,Small,Tier 1,Supermarket Type1,7.181811844,Food
FDT28,13.3,Low Fat,0.063695084,Frozen Foods,151.0708,OUT045,Small,Tier 2,Supermarket Type1,7.499229359,Food
FDD10,20.6,Regular,0.045797829,Snack Foods,178.5344,OUT027,Medium,Tier 3,Supermarket Type3,7.957159956,Food
FDW57,8.31,Regular,0.115857223,Snack Foods,179.1028,OUT049,Medium,Tier 1,Supermarket Type1,8.268029432,Food
DRB48,16.75,Regular,0.024832806,Soft Drinks,38.7822,OUT013,High,Tier 3,Supermarket Type1,6.505481174,Drinks
FDP09,19.75,Low Fat,0.034027909,Snack Foods,212.0902,OUT018,Medium,Tier 3,Supermarket Type2,8.066789188,Food
FDH14,17.1,Regular,0.0467696,Canned,141.1838,OUT013,High,Tier 3,Supermarket Type1,7.718125694,Food
FDA47,10.5,Regular,0.116576702,Baking Goods,163.121,OUT013,High,Tier 3,Supermarket Type1,7.492944685,Food
FDG12,6.635,Regular,0.006336295,Baking Goods,121.3098,OUT045,Small,Tier 2,Supermarket Type1,7.836648584,Food
DRE60,9.395,Low Fat,0.278974075,Soft Drinks,225.372,OUT019,Small,Tier 1,Grocery Store,6.522263372,Drinks
DRK49,14.15,Low Fat,0.035913805,Soft Drinks,41.4138,OUT013,High,Tier 3,Supermarket Type1,6.701070535,Drinks
FDD03,13.3,Low Fat,0.079806266,Dairy,232.53,OUT046,Small,Tier 1,Supermarket Type1,6.551208898,Food
FDS52,8.89,Low Fat,0.005505481,Frozen Foods,102.4016,OUT017,Small,Tier 2,Supermarket Type1,7.913317339,Food
FDW39,6.69,Regular,0.064625342,Meat,176.937,OUT019,Small,Tier 1,Grocery Store,5.178615616,Food
FDX34,6.195,Low Fat,0.071636937,Snack Foods,121.7098,OUT027,Medium,Tier 3,Supermarket Type3,8.318335633,Food
FDV11,9.1,Regular,0.100047421,Breads,173.2054,OUT045,Small,Tier 2,Supermarket Type1,8.056077055,Food
FDD17,7.5,Low Fat,0.032677678,Frozen Foods,239.0906,OUT049,Medium,Tier 1,Supermarket Type1,8.690013925,Food
FDZ16,16.85,Regular,0.160760054,Frozen Foods,192.4478,OUT017,Small,Tier 2,Supermarket Type1,8.485639571,Food
FDZ46,7.485,Low Fat,0.06911065,Snack Foods,109.0228,OUT035,Small,Tier 2,Supermarket Type1,7.84110936,Food
DRA12,11.6,Low Fat,0.041177505,Soft Drinks,140.3154,OUT017,Small,Tier 2,Supermarket Type1,7.845289639,Drinks
FDY58,11.65,Low Fat,0.040081193,Snack Foods,227.0694,OUT018,Medium,Tier 3,Supermarket Type2,7.041277797,Food
NCF19,13,Non-Edible,0.035307322,Household,47.5034,OUT017,Small,Tier 2,Supermarket Type1,6.524219359,Non-Consumable
DRJ13,12.65,Low Fat,0.063017847,Soft Drinks,159.0578,OUT045,Small,Tier 2,Supermarket Type1,7.64345962,Drinks
FDB14,20.25,Regular,0.171938781,Canned,92.512,OUT010,Small,Tier 3,Grocery Store,5.23337343,Food
FDJ38,8.6,Regular,0.040197932,Canned,190.153,OUT035,Small,Tier 2,Supermarket Type1,8.01864127,Food
FDW11,12.6,Low Fat,0.049058014,Breads,62.7194,OUT017,Small,Tier 2,Supermarket Type1,6.766043777,Food
FDL40,17.7,Low Fat,0.01161096,Frozen Foods,95.041,OUT035,Small,Tier 2,Supermarket Type1,6.768342626,Food
DRI49,14.15,Low Fat,0.183507295,Soft Drinks,82.4276,OUT046,Small,Tier 1,Supermarket Type1,7.037191397,Drinks
FDV38,19.25,Low Fat,0.102349519,Dairy,52.7956,OUT017,Small,Tier 2,Supermarket Type1,6.834243498,Food
DRG23,8.88,Low Fat,0.086708987,Hard Drinks,151.7682,OUT013,High,Tier 3,Supermarket Type1,6.637704851,Drinks
NCP30,20.5,Non-Edible,0.032835147,Household,40.2822,OUT045,Small,Tier 2,Supermarket Type1,6.562556517,Non-Consumable
FDY25,12,Low Fat,0.033809913,Canned,180.5976,OUT027,Medium,Tier 3,Supermarket Type3,8.983351236,Food
NCH54,13.5,Non-Edible,0.07266912,Household,160.292,OUT046,Small,Tier 1,Supermarket Type1,7.271792654,Non-Consumable
NCR53,12.15,Non-Edible,0.144338493,Health and Hygiene,224.4404,OUT027,Medium,Tier 3,Supermarket Type3,8.850410479,Non-Consumable
FDS52,8.89,Low Fat,0.009163216,Frozen Foods,101.7016,OUT010,Small,Tier 3,Grocery Store,4.626947333,Food
FDG02,7.855,Low Fat,0.011307038,Canned,188.5188,OUT018,Medium,Tier 3,Supermarket Type2,6.859713535,Food
NCO26,7.235,Non-Edible,0.076855628,Household,116.0492,OUT046,Small,Tier 1,Supermarket Type1,7.58601032,Non-Consumable
FDH35,18.25,Low Fat,0.059956876,Starchy Foods,165.4526,OUT027,Medium,Tier 3,Supermarket Type3,8.568548292,Food
FDB51,6.92,Low Fat,0.038532062,Dairy,60.5852,OUT045,Small,Tier 2,Supermarket Type1,7.181811844,Food
FDX44,9.3,Low Fat,0.043209581,Fruits and Vegetables,90.8172,OUT017,Small,Tier 2,Supermarket Type1,6.284699673,Food
NCN07,18.5,Non-Edible,0.056816465,Others,132.1284,OUT010,Small,Tier 3,Grocery Store,5.578433892,Non-Consumable
NCC31,8.02,Non-Edible,0.019866705,Household,154.5972,OUT035,Small,Tier 2,Supermarket Type1,7.246492663,Non-Consumable
NCX54,9.195,Non-Edible,0.048331717,Household,105.1622,OUT017,Small,Tier 2,Supermarket Type1,7.435317187,Non-Consumable
NCO55,12.8,Non-Edible,0.091221855,Others,105.5938,OUT045,Small,Tier 2,Supermarket Type1,7.670837021,Non-Consumable
NCC30,16.6,Non-Edible,0.027622076,Household,177.6344,OUT049,Medium,Tier 1,Supermarket Type1,7.892644778,Non-Consumable
FDI16,14,Regular,0.15402922,Frozen Foods,53.064,OUT035,Small,Tier 2,Supermarket Type1,6.809577792,Food
FDP16,18.6,Low Fat,0.039355947,Frozen Foods,246.3802,OUT049,Medium,Tier 1,Supermarket Type1,8.90536374,Food
FDB11,16,Low Fat,0.060836524,Starchy Foods,226.8404,OUT035,Small,Tier 2,Supermarket Type1,8.748643141,Food
NCB06,17.6,Non-Edible,0.082316506,Health and Hygiene,160.692,OUT035,Small,Tier 2,Supermarket Type1,7.37708368,Non-Consumable
FDA45,21.25,Low Fat,0.155350299,Snack Foods,178.237,OUT035,Small,Tier 2,Supermarket Type1,6.273463627,Food
NCO26,7.235,Non-Edible,0.076841095,Household,117.5492,OUT035,Small,Tier 2,Supermarket Type1,7.58601032,Non-Consumable
DRJ25,14.6,Low Fat,0.151419185,Soft Drinks,50.3692,OUT017,Small,Tier 2,Supermarket Type1,6.942787618,Drinks
FDR28,13.85,Regular,0.026001976,Frozen Foods,161.521,OUT018,Medium,Tier 3,Supermarket Type2,7.492944685,Food
FDI04,13.65,Regular,0.073209447,Frozen Foods,197.6426,OUT018,Medium,Tier 3,Supermarket Type2,7.926384669,Food
DRK12,9.5,Low Fat,0.041683481,Soft Drinks,31.29,OUT027,Medium,Tier 3,Supermarket Type3,6.802205857,Drinks
FDX20,7.365,Low Fat,0.042560252,Fruits and Vegetables,226.172,OUT046,Small,Tier 1,Supermarket Type1,8.06155248,Food
NCI18,18.35,Non-Edible,0.014081156,Household,223.5746,OUT018,Medium,Tier 3,Supermarket Type2,8.186184212,Non-Consumable
FDB36,5.465,Regular,0.048544854,Baking Goods,132.5626,OUT018,Medium,Tier 3,Supermarket Type2,5.57338977,Food
FDN13,18.6,Low Fat,0.152918384,Breakfast,99.8358,OUT017,Small,Tier 2,Supermarket Type1,7.555476236,Food
DRD24,13.85,Low Fat,0.030969274,Soft Drinks,140.9154,OUT017,Small,Tier 2,Supermarket Type1,7.440020307,Drinks
FDQ28,14,Regular,0.060376776,Frozen Foods,154.5656,OUT013,High,Tier 3,Supermarket Type1,7.812964679,Food
FDM22,14,Regular,0.04192285,Snack Foods,54.764,OUT013,High,Tier 3,Supermarket Type1,7.1948872,Food
FDR07,21.35,Low Fat,0.077367431,Fruits and Vegetables,97.0094,OUT027,Medium,Tier 3,Supermarket Type3,7.501070301,Food
FDV25,5.905,Low Fat,0.045838211,Canned,222.5456,OUT018,Medium,Tier 3,Supermarket Type2,8.106720768,Food
DRF49,7.27,Low Fat,0.071077939,Soft Drinks,114.2518,OUT046,Small,Tier 1,Supermarket Type1,7.87077363,Drinks
FDW51,6.155,Regular,0.094659871,Meat,214.556,OUT046,Small,Tier 1,Supermarket Type1,7.926865381,Food
DRL01,19.5,Regular,0.077608838,Soft Drinks,233.4958,OUT017,Small,Tier 2,Supermarket Type1,8.589700515,Drinks
FDP25,15.2,Low Fat,0.021327477,Canned,216.8824,OUT017,Small,Tier 2,Supermarket Type1,7.95154919,Food
FDL50,12.15,Regular,0.042485444,Canned,125.0046,OUT018,Medium,Tier 3,Supermarket Type2,7.46397353,Food
NCB30,14.6,Non-Edible,0.025578526,Household,198.8084,OUT027,Medium,Tier 3,Supermarket Type3,8.622712031,Non-Consumable
FDW11,12.6,Low Fat,0.0489808,Breads,61.9194,OUT018,Medium,Tier 3,Supermarket Type2,6.430032332,Food
NCM43,14.5,Non-Edible,0.019471688,Others,164.821,OUT035,Small,Tier 2,Supermarket Type1,7.659913074,Non-Consumable
FDK44,16.6,Low Fat,0.122918852,Fruits and Vegetables,173.0738,OUT017,Small,Tier 2,Supermarket Type1,8.249058446,Food
FDM15,11.8,Regular,0.057373797,Meat,151.4366,OUT013,High,Tier 3,Supermarket Type1,7.216143541,Food
FDS31,13.1,Regular,0.044155597,Fruits and Vegetables,178.8318,OUT013,High,Tier 3,Supermarket Type1,8.28664721,Food
FDI32,17.7,Low Fat,0.291865402,Fruits and Vegetables,115.1834,OUT010,Small,Tier 3,Grocery Store,5.848027685,Food
FDR47,17.85,Low Fat,0.087609529,Breads,196.5794,OUT010,Small,Tier 3,Grocery Store,6.373726192,Food
FDB35,12.3,Regular,0.064750025,Starchy Foods,92.6804,OUT045,Small,Tier 2,Supermarket Type1,6.919371944,Food
NCU05,11.8,Non-Edible,0.098312421,Health and Hygiene,81.4618,OUT010,Small,Tier 3,Grocery Store,5.088359007,Non-Consumable
DRY23,9.395,Regular,0.191013663,Soft Drinks,42.1112,OUT019,Small,Tier 1,Grocery Store,3.775313998,Drinks
FDO24,11.1,Low Fat,0.176573035,Baking Goods,157.4604,OUT045,Small,Tier 2,Supermarket Type1,8.010275787,Food
FDQ28,14,Regular,0.060134441,Frozen Foods,153.0656,OUT027,Medium,Tier 3,Supermarket Type3,8.703699048,Food
FDV39,11.3,Low Fat,0.007294652,Meat,198.1426,OUT045,Small,Tier 2,Supermarket Type1,6.897415002,Food
NCO17,10,Non-Edible,0.128478462,Health and Hygiene,117.944,OUT019,Small,Tier 1,Grocery Store,5.483501489,Non-Consumable
FDU50,5.75,Regular,0.075107656,Dairy,112.8176,OUT013,High,Tier 3,Supermarket Type1,7.226362598,Food
FDT12,6.215,Regular,0.049381406,Baking Goods,226.8062,OUT027,Medium,Tier 3,Supermarket Type3,8.463967547,Food
FDK58,11.35,Regular,0.045165796,Snack Foods,100.0016,OUT018,Medium,Tier 3,Supermarket Type2,6.920687299,Food
FDO08,11.1,Regular,0.09415375,Fruits and Vegetables,165.7526,OUT019,Small,Tier 1,Grocery Store,6.490435784,Food
NCW29,14,Non-Edible,0.028907832,Health and Hygiene,130.431,OUT049,Medium,Tier 1,Supermarket Type1,6.659275971,Non-Consumable
FDE04,19.75,Regular,0.018059621,Frozen Foods,179.766,OUT045,Small,Tier 2,Supermarket Type1,7.757033178,Food
NCB19,6.525,Non-Edible,0.090436094,Household,85.0882,OUT049,Medium,Tier 1,Supermarket Type1,7.711590698,Non-Consumable
FDV15,10.3,Low Fat,0.146399712,Meat,103.9648,OUT049,Medium,Tier 1,Supermarket Type1,7.416280338,Food
FDL58,5.78,Regular,0.074264356,Snack Foods,264.7568,OUT049,Medium,Tier 1,Supermarket Type1,8.465230705,Food
FDA08,11.85,Regular,0.050186726,Fruits and Vegetables,164.1526,OUT045,Small,Tier 2,Supermarket Type1,8.047381352,Food
FDT43,16.35,Low Fat,0.020631654,Fruits and Vegetables,50.1324,OUT018,Medium,Tier 3,Supermarket Type2,6.149304698,Food
NCX06,17.6,Non-Edible,0.01561108,Household,182.5976,OUT027,Medium,Tier 3,Supermarket Type3,8.531437813,Non-Consumable
FDT20,10.5,Low Fat,0.041395445,Fruits and Vegetables,37.6164,OUT046,Small,Tier 1,Supermarket Type1,6.294582373,Food
FDB41,19,Regular,0.097313129,Frozen Foods,48.0718,OUT046,Small,Tier 1,Supermarket Type1,6.9014432,Food
NCN55,14.6,Non-Edible,0.059582996,Others,238.8538,OUT049,Medium,Tier 1,Supermarket Type1,8.701154237,Non-Consumable
FDE40,15.6,Regular,0.098663652,Dairy,62.9194,OUT027,Medium,Tier 3,Supermarket Type3,7.652668952,Food
FDX49,4.615,Regular,0.101338651,Canned,232.63,OUT027,Medium,Tier 3,Supermarket Type3,8.586847977,Food
NCM53,18.75,Non-Edible,0.052146456,Health and Hygiene,104.628,OUT045,Small,Tier 2,Supermarket Type1,6.615658141,Non-Consumable
FDE36,5.26,Regular,0.041764487,Baking Goods,161.8868,OUT035,Small,Tier 2,Supermarket Type1,8.094603084,Food
FDN57,18.25,Low Fat,0.054344186,Snack Foods,140.2154,OUT045,Small,Tier 2,Supermarket Type1,7.440020307,Food
FDI24,10.3,Low Fat,0.078362484,Baking Goods,177.937,OUT027,Medium,Tier 3,Supermarket Type3,8.810699172,Food
FDI19,15.1,Low Fat,0.052339069,Meat,242.7512,OUT046,Small,Tier 1,Supermarket Type1,8.323843949,Food
FDF24,15.5,Regular,0.042464962,Baking Goods,81.5934,OUT010,Small,Tier 3,Grocery Store,5.794760862,Food
FDG52,13.65,Low Fat,0.065732883,Frozen Foods,45.7402,OUT049,Medium,Tier 1,Supermarket Type1,6.661833513,Food
DRF36,16.1,Low Fat,0.023625114,Soft Drinks,189.3846,OUT045,Small,Tier 2,Supermarket Type1,8.197430639,Drinks
FDS45,5.175,Regular,0.051643608,Snack Foods,107.3622,OUT019,Small,Tier 1,Grocery Store,5.763894338,Food
FDX40,12.85,Low Fat,0.165694219,Frozen Foods,39.7164,OUT010,Small,Tier 3,Grocery Store,5.449743194,Food
DRK12,9.5,Low Fat,0.041878397,Soft Drinks,32.99,OUT035,Small,Tier 2,Supermarket Type1,4.899033118,Drinks
DRC27,13.8,Low Fat,0.058091482,Dairy,245.1802,OUT035,Small,Tier 2,Supermarket Type1,8.639701861,Drinks
FDL58,5.78,Regular,0.081356682,Snack Foods,263.7568,OUT017,Small,Tier 2,Supermarket Type1,7.877612559,Food
NCD30,19.7,Non-Edible,0.026903714,Household,96.0726,OUT045,Small,Tier 2,Supermarket Type1,7.149401633,Non-Consumable
NCZ54,14.65,Non-Edible,0.093830507,Household,161.5552,OUT010,Small,Tier 3,Grocery Store,5.786622497,Non-Consumable
FDE10,6.67,Regular,0.150554711,Snack Foods,130.0626,OUT010,Small,Tier 3,Grocery Store,4.884032983,Food
FDR44,6.11,Regular,0.103042643,Fruits and Vegetables,131.2968,OUT010,Small,Tier 3,Grocery Store,5.568320076,Food
FDP28,13.65,Regular,0.134975628,Frozen Foods,260.0936,OUT010,Small,Tier 3,Grocery Store,5.568320076,Food
FDX15,17.2,Low Fat,0.15616879,Meat,160.6578,OUT013,High,Tier 3,Supermarket Type1,8.213796123,Food
FDA39,6.32,Low Fat,0.013952322,Meat,40.2822,OUT035,Small,Tier 2,Supermarket Type1,7.038944756,Food
FDY24,4.88,Regular,0.133700752,Baking Goods,52.9298,OUT049,Medium,Tier 1,Supermarket Type1,7.59910214,Food
FDC60,5.425,Regular,0.115119905,Baking Goods,88.3514,OUT017,Small,Tier 2,Supermarket Type1,7.256877452,Food
FDH28,15.85,Regular,0.110030997,Frozen Foods,37.2506,OUT046,Small,Tier 1,Supermarket Type1,5.585952688,Food
FDT25,7.5,Low Fat,0.051038045,Canned,121.7072,OUT017,Small,Tier 2,Supermarket Type1,8.17574707,Food
DRJ13,12.65,Low Fat,0.062837968,Soft Drinks,161.5578,OUT013,High,Tier 3,Supermarket Type1,7.786496572,Drinks
NCO07,9.06,Non-Edible,0.017116983,Others,211.956,OUT019,Small,Tier 1,Grocery Store,5.366237663,Non-Consumable
FDW20,20.75,Low Fat,0.024129332,Fruits and Vegetables,124.173,OUT013,High,Tier 3,Supermarket Type1,7.991981922,Food
DRF27,8.93,Low Fat,0.049754975,Dairy,152.134,OUT019,Small,Tier 1,Grocery Store,5.037822354,Drinks
FDS49,9,Low Fat,0.079562248,Canned,79.7644,OUT035,Small,Tier 2,Supermarket Type1,7.40904704,Food
FDX25,16.7,Low Fat,0.101561568,Canned,181.9292,OUT027,Medium,Tier 3,Supermarket Type3,8.03989789,Food
NCX42,6.36,Non-Edible,0.005949644,Household,165.6526,OUT027,Medium,Tier 3,Supermarket Type3,8.470127873,Non-Consumable
FDG33,5.365,Regular,0.13956116,Seafood,170.4764,OUT027,Medium,Tier 3,Supermarket Type3,8.142216938,Food
FDL56,14.1,Low Fat,0.126035694,Fruits and Vegetables,86.4198,OUT045,Small,Tier 2,Supermarket Type1,7.034262283,Food
FDF14,7.55,Low Fat,0.027164679,Canned,152.334,OUT035,Small,Tier 2,Supermarket Type1,7.864910756,Food
NCD06,13,Non-Edible,0.099325278,Household,45.406,OUT046,Small,Tier 1,Supermarket Type1,6.408327782,Non-Consumable
DRM47,9.3,Low Fat,0.04357366,Hard Drinks,192.8846,OUT027,Medium,Tier 3,Supermarket Type3,7.738058924,Drinks
FDS46,17.6,Regular,0.082741482,Snack Foods,118.7782,OUT019,Small,Tier 1,Grocery Store,4.788975641,Food
FDB35,12.3,Regular,0.064565202,Starchy Foods,92.9804,OUT013,High,Tier 3,Supermarket Type1,7.565528307,Food
FDX21,7.05,Low Fat,0.084554569,Snack Foods,109.8912,OUT027,Medium,Tier 3,Supermarket Type3,7.63802135,Food
NCU05,11.8,Non-Edible,0.058451805,Health and Hygiene,79.9618,OUT027,Medium,Tier 3,Supermarket Type3,5.491765954,Non-Consumable
NCR38,17.25,Non-Edible,0.113748685,Household,251.3724,OUT045,Small,Tier 2,Supermarket Type1,8.824112261,Non-Consumable
NCR18,15.85,Non-Edible,0.020603511,Household,42.7112,OUT017,Small,Tier 2,Supermarket Type1,6.461730642,Non-Consumable
NCU41,18.85,Non-Edible,0.052044976,Health and Hygiene,192.1846,OUT035,Small,Tier 2,Supermarket Type1,8.086237399,Non-Consumable
FDY56,16.35,Regular,0.062764429,Fruits and Vegetables,227.6062,OUT017,Small,Tier 2,Supermarket Type1,8.885108501,Food
DRJ51,14.1,Low Fat,0.087977262,Dairy,229.0668,OUT035,Small,Tier 2,Supermarket Type1,8.079040167,Drinks
FDK21,7.905,Low Fat,0.010010425,Snack Foods,249.0408,OUT035,Small,Tier 2,Supermarket Type1,8.231139659,Food
FDY25,12,Low Fat,0.033946163,Canned,179.3976,OUT013,High,Tier 3,Supermarket Type1,8.143765675,Food
FDU44,12.15,Regular,0.058414678,Fruits and Vegetables,163.4552,OUT035,Small,Tier 2,Supermarket Type1,6.883187139,Food
FDL43,10.1,Low Fat,0.027106459,Meat,75.367,OUT049,Medium,Tier 1,Supermarket Type1,6.285940365,Food
FDF05,17.5,Low Fat,0.027022883,Frozen Foods,262.491,OUT017,Small,Tier 2,Supermarket Type1,8.568042187,Food
DRF15,18.35,Low Fat,0.058153409,Dairy,152.034,OUT019,Small,Tier 1,Grocery Store,5.727720331,Drinks
FDL20,17.1,Low Fat,0.128937661,Fruits and Vegetables,112.3886,OUT018,Medium,Tier 3,Supermarket Type2,7.484378531,Food
FDV32,7.785,Low Fat,0.088846306,Fruits and Vegetables,61.451,OUT049,Medium,Tier 1,Supermarket Type1,6.633334223,Food
FDJ34,11.8,Regular,0.09357779,Snack Foods,125.9704,OUT013,High,Tier 3,Supermarket Type1,7.538258676,Food
FDG08,13.15,Regular,0.165694678,Fruits and Vegetables,171.8764,OUT045,Small,Tier 2,Supermarket Type1,8.237500664,Food
FDQ04,6.4,Low Fat,0.148392623,Frozen Foods,41.5796,OUT019,Small,Tier 1,Grocery Store,3.7443047,Food
FDW13,8.5,Low Fat,0.098438394,Canned,51.1324,OUT017,Small,Tier 2,Supermarket Type1,5.563224549,Food
NCI17,8.645,Non-Edible,0.143303291,Health and Hygiene,96.341,OUT013,High,Tier 3,Supermarket Type1,5.26828075,Non-Consumable
FDY03,17.6,Regular,0.076276208,Meat,110.9202,OUT045,Small,Tier 2,Supermarket Type1,7.431775273,Food
FDS12,9.1,Low Fat,0.175103435,Baking Goods,127.5362,OUT017,Small,Tier 2,Supermarket Type1,8.44611373,Food
FDJ55,12.8,Regular,0.023511371,Meat,225.9404,OUT013,High,Tier 3,Supermarket Type1,8.507524359,Food
DRK01,7.63,Low Fat,0.06105276,Soft Drinks,95.4436,OUT035,Small,Tier 2,Supermarket Type1,7.257816198,Drinks
FDG28,9.285,Regular,0.049559042,Frozen Foods,246.4144,OUT017,Small,Tier 2,Supermarket Type1,7.111570842,Food
FDY38,13.6,Regular,0.119418124,Dairy,231.03,OUT045,Small,Tier 2,Supermarket Type1,8.586847977,Food
FDN01,8.895,Low Fat,0.072545601,Breakfast,176.237,OUT045,Small,Tier 2,Supermarket Type1,7.476115579,Food
NCR54,16.35,Non-Edible,0.090486828,Household,195.211,OUT013,High,Tier 3,Supermarket Type1,7.845550327,Non-Consumable
FDG29,17.6,Low Fat,0.056245075,Frozen Foods,43.3454,OUT013,High,Tier 3,Supermarket Type1,6.915415465,Food
FDG24,7.975,Low Fat,0.014618973,Baking Goods,85.225,OUT013,High,Tier 3,Supermarket Type1,6.987420993,Food
FDG59,15.85,Low Fat,0.043479126,Starchy Foods,36.7164,OUT017,Small,Tier 2,Supermarket Type1,5.736350337,Food
FDM28,15.7,Low Fat,0.045166237,Frozen Foods,178.666,OUT013,High,Tier 3,Supermarket Type1,7.831110598,Food
FDW04,8.985,Regular,0.057827101,Frozen Foods,128.831,OUT046,Small,Tier 1,Supermarket Type1,7.264828843,Food
FDS26,20.35,Low Fat,0.089394766,Dairy,260.1594,OUT013,High,Tier 3,Supermarket Type1,7.646962806,Food
FDQ56,6.59,Low Fat,0.10550944,Fruits and Vegetables,85.6908,OUT013,High,Tier 3,Supermarket Type1,7.565528307,Food
FDK51,19.85,Low Fat,0.005234153,Dairy,264.0884,OUT035,Small,Tier 2,Supermarket Type1,8.670900024,Food
FDL22,16.85,Low Fat,0.036390174,Snack Foods,91.4488,OUT046,Small,Tier 1,Supermarket Type1,7.641863196,Food
FDH19,19.35,Low Fat,0.03292824,Meat,173.1738,OUT027,Medium,Tier 3,Supermarket Type3,8.895561077,Food
FDY55,16.75,Low Fat,0.081252534,Fruits and Vegetables,256.4988,OUT013,High,Tier 3,Supermarket Type1,8.916501411,Food
FDY03,17.6,Regular,0.076552407,Meat,110.5202,OUT017,Small,Tier 2,Supermarket Type1,6.111646481,Food
FDK21,7.905,Low Fat,0.016758569,Snack Foods,250.4408,OUT010,Small,Tier 3,Grocery Store,6.217965656,Food
FDZ10,17.85,Low Fat,0.044248175,Snack Foods,126.202,OUT027,Medium,Tier 3,Supermarket Type3,8.207826498,Food
FDZ32,7.785,Regular,0.038288087,Fruits and Vegetables,103.1964,OUT018,Medium,Tier 3,Supermarket Type2,6.603096311,Food
NCZ18,7.825,Non-Edible,0.186032678,Household,253.0698,OUT035,Small,Tier 2,Supermarket Type1,8.714251494,Non-Consumable
NCF07,9,Non-Edible,0.031867464,Household,101.0016,OUT027,Medium,Tier 3,Supermarket Type3,7.662107431,Non-Consumable
DRE49,20.75,Low Fat,0.021370201,Soft Drinks,153.0024,OUT017,Small,Tier 2,Supermarket Type1,7.731068947,Drinks
FDJ08,11.1,Low Fat,0.193772568,Fruits and Vegetables,190.3846,OUT019,Small,Tier 1,Grocery Store,6.353071459,Food
FDT39,6.26,Regular,0.009866049,Meat,151.1366,OUT035,Small,Tier 2,Supermarket Type1,7.72667527,Food
FDE08,18.2,Low Fat,0.082551042,Fruits and Vegetables,147.3734,OUT010,Small,Tier 3,Grocery Store,5.696914947,Food
NCD06,13,Non-Edible,0.099729888,Household,46.306,OUT018,Medium,Tier 3,Supermarket Type2,6.32842238,Non-Consumable
FDB57,20.25,Regular,0.018801549,Fruits and Vegetables,222.1772,OUT035,Small,Tier 2,Supermarket Type1,8.623430722,Food
NCT54,8.695,Non-Edible,0.119721451,Household,95.5094,OUT049,Medium,Tier 1,Supermarket Type1,7.121835643,Non-Consumable
DRF49,7.27,Low Fat,0.071222087,Soft Drinks,113.5518,OUT045,Small,Tier 2,Supermarket Type1,6.346090644,Drinks
FDM25,10.695,Regular,0.060371962,Breakfast,174.0712,OUT027,Medium,Tier 3,Supermarket Type3,8.26048417,Food
FDF20,12.85,Low Fat,0.033287541,Fruits and Vegetables,198.4768,OUT045,Small,Tier 2,Supermarket Type1,7.230228268,Food
FDH27,7.075,Low Fat,0.05858462,Dairy,142.7128,OUT018,Medium,Tier 3,Supermarket Type2,7.533996552,Food
FDV60,20.2,Regular,0.11679292,Baking Goods,196.211,OUT027,Medium,Tier 3,Supermarket Type3,8.612595731,Food
FDY59,8.195,Low Fat,0.031452265,Baking Goods,94.3462,OUT049,Medium,Tier 1,Supermarket Type1,6.83137303,Food
FDK36,7.09,Low Fat,0.00721395,Baking Goods,47.9034,OUT035,Small,Tier 2,Supermarket Type1,6.370313227,Food
NCM31,6.095,Non-Edible,0.081196619,Others,141.4154,OUT046,Small,Tier 1,Supermarket Type1,7.257816198,Non-Consumable
FDE33,19.35,Regular,0.049916364,Fruits and Vegetables,80.2644,OUT017,Small,Tier 2,Supermarket Type1,6.849885459,Food
FDU36,6.15,Low Fat,0.04627095,Baking Goods,99.3384,OUT046,Small,Tier 1,Supermarket Type1,7.768922908,Food
FDV13,17.35,Regular,0.02747716,Canned,87.9856,OUT027,Medium,Tier 3,Supermarket Type3,8.087261359,Food
FDV20,20.2,Regular,0.104704537,Fruits and Vegetables,125.2678,OUT019,Small,Tier 1,Grocery Store,5.542578758,Food
NCQ54,17.7,Non-Edible,0.012540003,Household,167.0474,OUT035,Small,Tier 2,Supermarket Type1,8.682141198,Non-Consumable
FDO23,17.85,Low Fat,0.147023834,Breads,93.7436,OUT018,Medium,Tier 3,Supermarket Type2,7.034848793,Food
DRE60,9.395,Low Fat,0.159657596,Soft Drinks,224.972,OUT045,Small,Tier 2,Supermarket Type1,8.948670107,Drinks
DRP47,15.75,Low Fat,0.141398626,Hard Drinks,250.5382,OUT017,Small,Tier 2,Supermarket Type1,7.929025726,Drinks
FDB21,7.475,Low Fat,0.148821808,Fruits and Vegetables,241.2854,OUT045,Small,Tier 2,Supermarket Type1,8.578867389,Food
FDR04,7.075,Low Fat,0.024750683,Frozen Foods,98.0068,OUT018,Medium,Tier 3,Supermarket Type2,6.775207631,Food
FDX23,6.445,Low Fat,0.029691762,Baking Goods,92.6436,OUT046,Small,Tier 1,Supermarket Type1,6.947917472,Food
FDX19,19.1,Low Fat,0.096715523,Fruits and Vegetables,235.0958,OUT035,Small,Tier 2,Supermarket Type1,8.019298732,Food
FDD40,20.25,Regular,0.014790559,Dairy,193.6162,OUT035,Small,Tier 2,Supermarket Type1,8.255652827,Food
FDA01,15,Regular,0.054378253,Canned,59.1904,OUT046,Small,Tier 1,Supermarket Type1,6.269690047,Food
FDS33,6.67,Regular,0.123428594,Snack Foods,89.1514,OUT046,Small,Tier 1,Supermarket Type1,7.779838208,Food
FDM50,13,Regular,0.029943463,Canned,60.222,OUT027,Medium,Tier 3,Supermarket Type3,7.425844062,Food
FDB29,16.7,Regular,0.052368061,Frozen Foods,112.7176,OUT013,High,Tier 3,Supermarket Type1,6.687885363,Food
FDF46,7.07,Low Fat,0.093861144,Snack Foods,115.5834,OUT045,Small,Tier 2,Supermarket Type1,7.145209857,Food
FDA33,6.48,Low Fat,0.033968647,Snack Foods,148.0076,OUT045,Small,Tier 2,Supermarket Type1,6.788797854,Food
FDC08,19,Regular,0.173154079,Fruits and Vegetables,228.272,OUT010,Small,Tier 3,Grocery Store,6.117533162,Food
FDB53,13.35,Low Fat,0.139735226,Frozen Foods,147.5392,OUT045,Small,Tier 2,Supermarket Type1,8.263234493,Food
FDY31,5.98,Low Fat,0.043351896,Fruits and Vegetables,146.6418,OUT027,Medium,Tier 3,Supermarket Type3,8.392820643,Food
DRQ35,9.3,Low Fat,0.042086652,Hard Drinks,122.4388,OUT027,Medium,Tier 3,Supermarket Type3,8.60335386,Drinks
FDX36,9.695,Regular,0.12848269,Baking Goods,223.9404,OUT049,Medium,Tier 1,Supermarket Type1,8.507524359,Food
DRD13,15,Low Fat,0.049357077,Soft Drinks,62.6168,OUT017,Small,Tier 2,Supermarket Type1,6.866674918,Drinks
FDC52,11.15,Regular,0.008326735,Dairy,149.9708,OUT017,Small,Tier 2,Supermarket Type1,7.579229488,Food
FDB45,20.85,Low Fat,0.021362955,Fruits and Vegetables,103.2306,OUT049,Medium,Tier 1,Supermarket Type1,7.785389919,Food
NCK19,9.8,Non-Edible,0.151420934,Others,194.3478,OUT010,Small,Tier 3,Grocery Store,5.962281844,Non-Consumable
FDV51,16.35,Low Fat,0.032511818,Meat,165.0842,OUT013,High,Tier 3,Supermarket Type1,6.90345123,Food
FDZ35,9.6,Regular,0.022323658,Breads,101.299,OUT045,Small,Tier 2,Supermarket Type1,7.470442346,Food
NCW17,18,Non-Edible,0.019292355,Health and Hygiene,129.9994,OUT027,Medium,Tier 3,Supermarket Type3,8.114320041,Non-Consumable
FDV59,13.35,Low Fat,0.048124443,Breads,216.7166,OUT045,Small,Tier 2,Supermarket Type1,8.273821116,Food
DRH39,20.7,Low Fat,0.09261307,Dairy,76.367,OUT013,High,Tier 3,Supermarket Type1,5.727720331,Drinks
FDN60,15.1,Low Fat,0.094697274,Baking Goods,158.4604,OUT027,Medium,Tier 3,Supermarket Type3,8.361575289,Food
FDU55,16.2,Low Fat,0.035984104,Fruits and Vegetables,260.6278,OUT045,Small,Tier 2,Supermarket Type1,8.395380884,Food
FDN58,13.8,Regular,0.056596985,Snack Foods,230.9984,OUT027,Medium,Tier 3,Supermarket Type3,9.134423873,Food
FDC41,15.6,Low Fat,0.2047,Frozen Foods,76.867,OUT019,Small,Tier 1,Grocery Store,5.4411225,Food
FDO01,21.1,Regular,0.020618324,Breakfast,129.3994,OUT027,Medium,Tier 3,Supermarket Type3,7.628999223,Food
NCO43,5.5,Non-Edible,0.04709821,Others,101.3016,OUT046,Small,Tier 1,Supermarket Type1,8.113921516,Non-Consumable
FDQ07,15.1,Regular,0.087584126,Fruits and Vegetables,221.7456,OUT045,Small,Tier 2,Supermarket Type1,8.765820831,Food
FDF28,15.7,Regular,0.038078899,Frozen Foods,122.9046,OUT017,Small,Tier 2,Supermarket Type1,7.597433249,Food
FDM01,7.895,Regular,0.095102092,Breakfast,104.4332,OUT017,Small,Tier 2,Supermarket Type1,7.962739417,Food
FDY49,17.2,Regular,0.011953902,Canned,164.5184,OUT027,Medium,Tier 3,Supermarket Type3,7.940232324,Food
FDR24,17.35,Regular,0.062799379,Baking Goods,88.183,OUT013,High,Tier 3,Supermarket Type1,6.292120839,Food
NCY18,7.285,Non-Edible,0.031125709,Household,174.3054,OUT013,High,Tier 3,Supermarket Type1,8.384492311,Non-Consumable
NCY30,20.25,Non-Edible,0.026005891,Household,180.9976,OUT045,Small,Tier 2,Supermarket Type1,7.907454371,Non-Consumable
FDJ22,18.75,Low Fat,0.09246392,Snack Foods,190.9504,OUT019,Small,Tier 1,Grocery Store,5.95194587,Food
DRI37,15.85,Low Fat,0.107765165,Soft Drinks,59.5904,OUT049,Medium,Tier 1,Supermarket Type1,6.556898803,Drinks
FDL27,6.17,Low Fat,0.010647477,Meat,66.3826,OUT049,Medium,Tier 1,Supermarket Type1,7.569658408,Food
NCO30,19.5,Non-Edible,0.015749341,Household,182.2608,OUT049,Medium,Tier 1,Supermarket Type1,8.104308949,Non-Consumable
NCB07,19.2,Non-Edible,0.077628053,Household,197.611,OUT049,Medium,Tier 1,Supermarket Type1,8.053116284,Non-Consumable
FDX25,16.7,Low Fat,0.102071718,Canned,181.2292,OUT018,Medium,Tier 3,Supermarket Type2,7.845810947,Food
FDP59,20.85,Regular,0.056695731,Breads,104.0648,OUT018,Medium,Tier 3,Supermarket Type2,7.533996552,Food
FDR59,14.5,Regular,0.063993068,Breads,260.4594,OUT045,Small,Tier 2,Supermarket Type1,8.611748068,Food
FDT27,11.395,Regular,0.069529262,Meat,233.1616,OUT013,High,Tier 3,Supermarket Type1,8.715125858,Food
DRI01,7.97,Low Fat,0.034452949,Soft Drinks,174.0422,OUT046,Small,Tier 1,Supermarket Type1,7.858498837,Drinks
FDU09,7.71,Regular,0.06670068,Snack Foods,55.2956,OUT049,Medium,Tier 1,Supermarket Type1,7.136243562,Food
FDH26,19.25,Regular,0.034699737,Canned,141.7496,OUT046,Small,Tier 1,Supermarket Type1,8.31736042,Food
FDH27,7.075,Low Fat,0.058346939,Dairy,142.2128,OUT046,Small,Tier 1,Supermarket Type1,8.059870925,Food
FDN39,19.35,Regular,0.065203103,Meat,166.0816,OUT027,Medium,Tier 3,Supermarket Type3,8.524059167,Food
FDH40,11.6,Regular,0.078929571,Frozen Foods,79.9276,OUT046,Small,Tier 1,Supermarket Type1,7.037191397,Food
FDJ56,8.985,Low Fat,0.182514881,Fruits and Vegetables,98.77,OUT027,Medium,Tier 3,Supermarket Type3,7.90007699,Food
DRN47,12.1,Low Fat,0.016895293,Hard Drinks,178.566,OUT018,Medium,Tier 3,Supermarket Type2,6.802205857,Drinks
NCO17,10,Non-Edible,0.073379745,Health and Hygiene,118.244,OUT046,Small,Tier 1,Supermarket Type1,7.922047838,Non-Consumable
FDX60,14.35,Low Fat,0.08075758,Baking Goods,81.896,OUT045,Small,Tier 2,Supermarket Type1,6.779758258,Food
FDT22,10.395,Low Fat,0.112271498,Snack Foods,58.222,OUT049,Medium,Tier 1,Supermarket Type1,6.492454963,Food
FDX26,17.7,Low Fat,0.153741385,Dairy,182.6292,OUT019,Small,Tier 1,Grocery Store,5.211828762,Food
FDG45,8.1,Low Fat,0.127929521,Fruits and Vegetables,211.4902,OUT013,High,Tier 3,Supermarket Type1,8.191915414,Food
FDD44,8.05,Regular,0.07838564,Fruits and Vegetables,256.4646,OUT035,Small,Tier 2,Supermarket Type1,8.547585045,Food
FDS15,9.195,Regular,0.078502143,Meat,108.7596,OUT017,Small,Tier 2,Supermarket Type1,7.859270442,Food
FDL51,20.7,Regular,0.047684831,Dairy,212.5876,OUT018,Medium,Tier 3,Supermarket Type2,7.160322167,Food
FDL32,15.7,Regular,0.123159656,Fruits and Vegetables,110.1544,OUT017,Small,Tier 2,Supermarket Type1,7.115905713,Food
FDZ07,15.1,Regular,0.138527892,Fruits and Vegetables,60.2194,OUT027,Medium,Tier 3,Supermarket Type3,7.45861467,Food
NCW53,18.35,Non-Edible,0.053392944,Health and Hygiene,193.8162,OUT019,Small,Tier 1,Grocery Store,5.955403078,Non-Consumable
NCA54,16.5,Non-Edible,0.036715907,Household,180.0318,OUT045,Small,Tier 2,Supermarket Type1,8.28664721,Non-Consumable
FDX09,9,Low Fat,0.065236932,Snack Foods,176.437,OUT035,Small,Tier 2,Supermarket Type1,8.95728231,Food
FDO51,6.785,Regular,0.041947547,Meat,41.2112,OUT013,High,Tier 3,Supermarket Type1,6.697790505,Food
FDW49,19.5,Low Fat,0.082888496,Canned,178.6002,OUT018,Medium,Tier 3,Supermarket Type2,7.134652895,Food
FDB27,7.575,Low Fat,0.055390121,Dairy,195.2768,OUT046,Small,Tier 1,Supermarket Type1,8.651064286,Food
FDF45,18.2,Regular,0.012194556,Fruits and Vegetables,57.7904,OUT013,High,Tier 3,Supermarket Type1,7.290129158,Food
FDV02,16.75,Low Fat,0.060495243,Dairy,169.8106,OUT013,High,Tier 3,Supermarket Type1,8.087056651,Food
FDY28,7.47,Regular,0.181050859,Frozen Foods,214.3218,OUT035,Small,Tier 2,Supermarket Type1,8.360641364,Food
FDX31,20.35,Regular,0.014753811,Fruits and Vegetables,231.7958,OUT027,Medium,Tier 3,Supermarket Type3,8.589700515,Food
FDR43,18.2,Low Fat,0.160707489,Fruits and Vegetables,38.019,OUT027,Medium,Tier 3,Supermarket Type3,7.184844444,Food
FDP51,13.85,Regular,0.085622362,Meat,119.4124,OUT018,Medium,Tier 3,Supermarket Type2,7.719900579,Food
FDL52,6.635,Regular,0.046350909,Frozen Foods,37.4506,OUT017,Small,Tier 2,Supermarket Type1,7.071122159,Food
FDR44,6.11,Regular,0.102920886,Fruits and Vegetables,130.4968,OUT046,Small,Tier 1,Supermarket Type1,8.167469347,Food
FDB34,15.25,Low Fat,0.026604781,Snack Foods,86.2198,OUT035,Small,Tier 2,Supermarket Type1,6.415978077,Food
FDC50,15.85,Low Fat,0.151983839,Canned,96.4094,OUT035,Small,Tier 2,Supermarket Type1,7.121835643,Food
FDT57,15.2,Low Fat,0.031860325,Snack Foods,235.1248,OUT010,Small,Tier 3,Grocery Store,6.16341922,Food
FDP22,14.65,Regular,0.099392369,Snack Foods,52.6666,OUT027,Medium,Tier 3,Supermarket Type3,6.577489105,Food
DRE49,20.75,Low Fat,0.021250002,Soft Drinks,150.5024,OUT046,Small,Tier 1,Supermarket Type1,7.856180445,Drinks
FDM40,10.195,Low Fat,0.159936948,Frozen Foods,143.2154,OUT046,Small,Tier 1,Supermarket Type1,7.845289639,Food
FDY32,7.605,Low Fat,0.129503146,Fruits and Vegetables,164.021,OUT045,Small,Tier 2,Supermarket Type1,8.272801489,Food
FDW07,18,Regular,0.142688846,Fruits and Vegetables,88.5514,OUT046,Small,Tier 1,Supermarket Type1,6.682061729,Food
FDU02,13.35,Low Fat,0.179484411,Dairy,228.9352,OUT019,Small,Tier 1,Grocery Store,6.821261005,Food
NCF18,18.35,Non-Edible,0.089163056,Household,191.3504,OUT045,Small,Tier 2,Supermarket Type1,8.089714595,Non-Consumable
FDQ56,6.59,Low Fat,0.105761491,Fruits and Vegetables,84.8908,OUT049,Medium,Tier 1,Supermarket Type1,7.425844062,Food
FDN58,13.8,Regular,0.056960814,Snack Foods,230.0984,OUT049,Medium,Tier 1,Supermarket Type1,8.218294959,Food
FDG35,21.2,Regular,0.00704098,Starchy Foods,173.5738,OUT046,Small,Tier 1,Supermarket Type1,7.991306247,Food
FDY34,10.5,Regular,0.011026594,Snack Foods,166.4842,OUT018,Medium,Tier 3,Supermarket Type2,7.88365259,Food
NCE19,8.97,Non-Edible,0.093203257,Household,52.7956,OUT045,Small,Tier 2,Supermarket Type1,6.945355834,Non-Consumable
NCK31,10.895,Non-Edible,0.026916794,Others,50.9666,OUT027,Medium,Tier 3,Supermarket Type3,6.577489105,Non-Consumable
NCJ29,10.6,Non-Edible,0.035264298,Health and Hygiene,86.1224,OUT045,Small,Tier 2,Supermarket Type1,6.057046274,Non-Consumable
FDT59,13.65,Low Fat,0.015908424,Breads,231.1668,OUT035,Small,Tier 2,Supermarket Type1,8.841014889,Food
NCX41,19,Non-Edible,0.017719277,Health and Hygiene,211.0244,OUT046,Small,Tier 1,Supermarket Type1,8.245919548,Non-Consumable
FDU45,15.6,Regular,0.035334201,Snack Foods,115.3518,OUT027,Medium,Tier 3,Supermarket Type3,7.731068947,Food
FDW24,6.8,Low Fat,0.065652494,Baking Goods,48.9034,OUT019,Small,Tier 1,Grocery Store,3.90405938,Food
FDF22,6.865,Low Fat,0.056919038,Snack Foods,212.8218,OUT049,Medium,Tier 1,Supermarket Type1,8.660685316,Food
FDM60,10.8,Regular,0.048143292,Baking Goods,40.2138,OUT046,Small,Tier 1,Supermarket Type1,6.53876857,Food
FDR02,16.7,Low Fat,0.022047313,Dairy,110.2886,OUT013,High,Tier 3,Supermarket Type1,7.544970106,Food
DRP35,18.85,Low Fat,0.090427268,Hard Drinks,126.2336,OUT027,Medium,Tier 3,Supermarket Type3,8.069918101,Drinks
FDS48,15.15,Low Fat,0.027779254,Baking Goods,150.1708,OUT046,Small,Tier 1,Supermarket Type1,7.317018498,Food
NCZ42,10.5,Non-Edible,0.011305397,Household,238.3248,OUT010,Small,Tier 3,Grocery Store,6.5681824,Non-Consumable
FDZ38,17.6,Low Fat,0.008033611,Dairy,174.2422,OUT018,Medium,Tier 3,Supermarket Type2,8.369169868,Food
FDH19,19.35,Low Fat,0.033088472,Meat,175.4738,OUT046,Small,Tier 1,Supermarket Type1,6.258283107,Food
NCB55,15.7,Non-Edible,0.160663021,Household,59.4562,OUT046,Small,Tier 1,Supermarket Type1,6.722132439,Non-Consumable
FDC15,18.1,Low Fat,0.178975721,Dairy,155.5288,OUT017,Small,Tier 2,Supermarket Type1,7.360287162,Food
FDF11,10.195,Regular,0.017627888,Starchy Foods,239.6538,OUT035,Small,Tier 2,Supermarket Type1,7.785113064,Food
FDW35,10.6,Low Fat,0.0194158,Breads,41.6454,OUT019,Small,Tier 1,Grocery Store,4.441365725,Food
FDB44,6.655,Low Fat,0.016993225,Fruits and Vegetables,211.0586,OUT045,Small,Tier 2,Supermarket Type1,6.739613985,Food
NCC06,19,Non-Edible,0.027139013,Household,127.3336,OUT017,Small,Tier 2,Supermarket Type1,7.986563692,Non-Consumable
FDR04,7.075,Low Fat,0.03777249,Frozen Foods,98.0068,OUT010,Small,Tier 3,Grocery Store,5.678876206,Food
FDB17,13.15,Low Fat,0.036746479,Frozen Foods,181.2976,OUT045,Small,Tier 2,Supermarket Type1,8.089714595,Food
FDW43,20.1,Regular,0.022460102,Fruits and Vegetables,226.8036,OUT049,Medium,Tier 1,Supermarket Type1,8.13638772,Food
FDA27,20.35,Regular,0.030999068,Dairy,256.7672,OUT018,Medium,Tier 3,Supermarket Type2,8.635096824,Food
NCU41,18.85,Non-Edible,0.05213575,Health and Hygiene,190.1846,OUT049,Medium,Tier 1,Supermarket Type1,8.808213835,Non-Consumable
FDY56,16.35,Regular,0.062508438,Fruits and Vegetables,227.1062,OUT049,Medium,Tier 1,Supermarket Type1,8.638287184,Food
FDV39,11.3,Low Fat,0.007309544,Meat,196.2426,OUT018,Medium,Tier 3,Supermarket Type2,8.506044273,Food
FDN32,17.5,Low Fat,0.015623754,Fruits and Vegetables,182.6266,OUT018,Medium,Tier 3,Supermarket Type2,8.050783799,Food
FDW07,18,Regular,0.142978223,Fruits and Vegetables,87.4514,OUT045,Small,Tier 2,Supermarket Type1,6.682061729,Food
FDZ27,7.935,Low Fat,0.017191055,Dairy,51.535,OUT045,Small,Tier 2,Supermarket Type1,6.745112812,Food
FDW23,5.765,Low Fat,0.143592939,Baking Goods,37.3164,OUT019,Small,Tier 1,Grocery Store,3.679243174,Food
FDU01,20.25,Regular,0.011995271,Canned,184.5924,OUT046,Small,Tier 1,Supermarket Type1,8.516892106,Food
FDF10,15.5,Regular,0.15717236,Snack Foods,149.1418,OUT049,Medium,Tier 1,Supermarket Type1,6.379388708,Food
DRH03,17.25,Low Fat,0.061393095,Dairy,91.812,OUT019,Small,Tier 1,Grocery Store,5.923849298,Drinks
FDW27,5.86,Regular,0.264124669,Meat,155.7314,OUT019,Small,Tier 1,Grocery Store,5.05069796,Food
DRI13,15.35,Low Fat,0.020310046,Soft Drinks,218.0508,OUT013,High,Tier 3,Supermarket Type1,8.01951779,Drinks
NCR05,10.1,Non-Edible,0.054630834,Health and Hygiene,200.2084,OUT046,Small,Tier 1,Supermarket Type1,7.37039889,Non-Consumable
FDB29,16.7,Regular,0.052517969,Frozen Foods,115.4176,OUT045,Small,Tier 2,Supermarket Type1,6.533942315,Food
FDL51,20.7,Regular,0.047565208,Dairy,213.4876,OUT049,Medium,Tier 1,Supermarket Type1,7.565528307,Food
FDB11,16,Low Fat,0.060797393,Starchy Foods,223.8404,OUT013,High,Tier 3,Supermarket Type1,8.189146353,Food
FDI35,14,Low Fat,0.041291169,Starchy Foods,180.7634,OUT046,Small,Tier 1,Supermarket Type1,7.688070858,Food
FDX08,12.85,Low Fat,0.022604051,Fruits and Vegetables,181.4318,OUT046,Small,Tier 1,Supermarket Type1,8.140083502,Food
FDP59,20.85,Regular,0.056580228,Breads,105.6648,OUT045,Small,Tier 2,Supermarket Type1,6.436452887,Food
NCJ18,12.35,Non-Edible,0.164196823,Household,120.5124,OUT049,Medium,Tier 1,Supermarket Type1,7.665858019,Non-Consumable
FDJ41,6.85,Low Fat,0.022976497,Frozen Foods,261.6594,OUT018,Medium,Tier 3,Supermarket Type2,8.132286954,Food
FDU08,10.3,Low Fat,0.027310252,Fruits and Vegetables,101.0042,OUT035,Small,Tier 2,Supermarket Type1,7.162904811,Food
FDS09,8.895,Regular,0.141975462,Snack Foods,49.6008,OUT019,Small,Tier 1,Grocery Store,3.943537176,Food
DRH15,8.775,Low Fat,0.137570242,Dairy,45.9428,OUT013,High,Tier 3,Supermarket Type1,6.674524017,Drinks
NCV17,18.85,Non-Edible,0.01619866,Health and Hygiene,129.2626,OUT017,Small,Tier 2,Supermarket Type1,8.054809227,Non-Consumable
NCO54,19.5,Non-Edible,0.014205168,Household,56.7614,OUT027,Medium,Tier 3,Supermarket Type3,7.819139192,Non-Consumable
FDE24,14.85,Low Fat,0.09344495,Baking Goods,141.0812,OUT035,Small,Tier 2,Supermarket Type1,7.039528527,Food
FDH53,20.5,Regular,0.019199733,Frozen Foods,84.3592,OUT046,Small,Tier 1,Supermarket Type1,7.505108483,Food
FDZ13,7.84,Regular,0.154120252,Canned,51.935,OUT018,Medium,Tier 3,Supermarket Type2,5.302010538,Food
FDW28,18.25,Low Fat,0.089004389,Frozen Foods,196.7452,OUT045,Small,Tier 2,Supermarket Type1,6.887272941,Food
FDU46,10.3,Regular,0.011117041,Snack Foods,85.854,OUT013,High,Tier 3,Supermarket Type1,7.895128325,Food
NCE43,12.5,Non-Edible,0.103422709,Household,169.9448,OUT035,Small,Tier 2,Supermarket Type1,7.971969893,Non-Consumable
FDS26,20.35,Low Fat,0.089035961,Dairy,260.5594,OUT027,Medium,Tier 3,Supermarket Type3,9.122500907,Food
FDB14,20.25,Regular,0.102723919,Canned,93.212,OUT046,Small,Tier 1,Supermarket Type1,7.579909644,Food
DRB48,16.75,Regular,0.024733134,Soft Drinks,40.2822,OUT027,Medium,Tier 3,Supermarket Type3,7.168050173,Drinks
NCC42,15,Non-Edible,0.044871033,Health and Hygiene,140.3838,OUT013,High,Tier 3,Supermarket Type1,7.835859318,Non-Consumable
FDQ20,8.325,Low Fat,0.029760052,Fruits and Vegetables,38.7138,OUT013,High,Tier 3,Supermarket Type1,5.653529341,Food
FDA13,15.85,Low Fat,0.078999287,Canned,38.6506,OUT017,Small,Tier 2,Supermarket Type1,6.633334223,Food
FDZ15,13.1,Low Fat,0.020870744,Dairy,117.3782,OUT046,Small,Tier 1,Supermarket Type1,7.489229283,Food
NCV42,6.26,Non-Edible,0.031599715,Household,111.3228,OUT017,Small,Tier 2,Supermarket Type1,7.796675472,Non-Consumable
DRI51,17.25,Low Fat,0.042413704,Dairy,173.1764,OUT018,Medium,Tier 3,Supermarket Type2,8.404514049,Drinks
FDO28,5.765,Low Fat,0.072284689,Frozen Foods,119.9098,OUT035,Small,Tier 2,Supermarket Type1,7.625432425,Food
NCS54,13.6,Non-Edible,0.009984847,Household,175.437,OUT013,High,Tier 3,Supermarket Type1,7.571374262,Non-Consumable
FDH16,10.5,Low Fat,0.052852621,Frozen Foods,88.783,OUT017,Small,Tier 2,Supermarket Type1,7.634486644,Food
FDG24,7.975,Low Fat,0.014660821,Baking Goods,85.125,OUT045,Small,Tier 2,Supermarket Type1,7.887659104,Food
FDR52,12.65,Regular,0.076354362,Frozen Foods,192.1846,OUT018,Medium,Tier 3,Supermarket Type2,7.045347565,Food
NCH06,12.3,Non-Edible,0.076709639,Household,247.846,OUT045,Small,Tier 2,Supermarket Type1,8.146084292,Non-Consumable
FDA36,5.985,Low Fat,0.005677876,Baking Goods,184.8924,OUT045,Small,Tier 2,Supermarket Type1,7.418679858,Food
FDU56,16.85,Low Fat,0.044395576,Fruits and Vegetables,184.7266,OUT027,Medium,Tier 3,Supermarket Type3,9.001564411,Food
FDT09,15.15,Regular,0.012282366,Snack Foods,132.5284,OUT049,Medium,Tier 1,Supermarket Type1,7.447033773,Food
FDU25,12.35,Low Fat,0.026681262,Canned,56.4246,OUT046,Small,Tier 1,Supermarket Type1,6.699431865,Food
FDK41,14.3,Low Fat,0.127541722,Frozen Foods,84.9224,OUT046,Small,Tier 1,Supermarket Type1,7.085159432,Food
NCT54,8.695,Non-Edible,0.119513002,Household,93.4094,OUT035,Small,Tier 2,Supermarket Type1,6.754469592,Non-Consumable
FDV51,16.35,Low Fat,0.054463442,Meat,163.8842,OUT010,Small,Tier 3,Grocery Store,5.116700761,Food
FDM24,6.135,Regular,0.079339758,Baking Goods,151.3366,OUT045,Small,Tier 2,Supermarket Type1,6.965038985,Food
NCO30,19.5,Non-Edible,0.015756784,Household,185.0608,OUT045,Small,Tier 2,Supermarket Type1,7.698994947,Non-Consumable
FDQ45,9.5,Regular,0.010907967,Snack Foods,182.3608,OUT013,High,Tier 3,Supermarket Type1,7.986563692,Food
DRK59,8.895,Low Fat,0.07543556,Hard Drinks,235.8616,OUT035,Small,Tier 2,Supermarket Type1,8.022142749,Drinks
FDW28,18.25,Low Fat,0.09880266,Frozen Foods,196.8452,OUT046,Small,Tier 1,Supermarket Type1,8.110327623,Food
FDC02,21.35,Low Fat,0.115194717,Canned,258.3278,OUT010,Small,Tier 3,Grocery Store,6.2570076,Food
FDR21,19.7,Low Fat,0.066922802,Snack Foods,174.837,OUT035,Small,Tier 2,Supermarket Type1,8.006510557,Food
FDN48,13.35,Low Fat,0.064636203,Baking Goods,90.0804,OUT027,Medium,Tier 3,Supermarket Type3,7.65645504,Food
FDT44,16.6,Low Fat,0.103195401,Fruits and Vegetables,117.8466,OUT045,Small,Tier 2,Supermarket Type1,6.849885459,Food
FDX14,13.1,Low Fat,0.13121032,Dairy,74.0354,OUT019,Small,Tier 1,Grocery Store,4.333825922,Food
FDH57,10.895,Low Fat,0.035747522,Fruits and Vegetables,133.6284,OUT046,Small,Tier 1,Supermarket Type1,7.367039662,Food
FDH28,15.85,Regular,0.192650072,Frozen Foods,37.4506,OUT019,Small,Tier 1,Grocery Store,3.662294177,Food
NCT41,15.7,Non-Edible,0.098031771,Health and Hygiene,151.3024,OUT019,Small,Tier 1,Grocery Store,5.029145583,Non-Consumable
FDO11,8,Regular,0.030118338,Breads,248.8092,OUT027,Medium,Tier 3,Supermarket Type3,8.156833983,Food
NCP42,8.51,Non-Edible,0.016201845,Household,195.2478,OUT017,Small,Tier 2,Supermarket Type1,8.357834346,Non-Consumable
FDN09,14.15,Low Fat,0.05837308,Snack Foods,243.9828,OUT010,Small,Tier 3,Grocery Store,6.595846632,Food
FDP32,6.65,Low Fat,0.087652908,Fruits and Vegetables,128.8678,OUT035,Small,Tier 2,Supermarket Type1,7.244117367,Food
FDV57,15.25,Regular,0.065999008,Snack Foods,177.966,OUT049,Medium,Tier 1,Supermarket Type1,7.757033178,Food
FDW28,18.25,Low Fat,0.088750333,Frozen Foods,196.5452,OUT013,High,Tier 3,Supermarket Type1,7.762146096,Food
FDR56,15.5,Regular,0.100277876,Fruits and Vegetables,196.8768,OUT027,Medium,Tier 3,Supermarket Type3,8.867253378,Food
FDA40,16,Regular,0.099252438,Frozen Foods,87.4856,OUT035,Small,Tier 2,Supermarket Type1,6.961890372,Food
NCG42,19.2,Non-Edible,0.041283893,Household,127.831,OUT045,Small,Tier 2,Supermarket Type1,7.169588633,Non-Consumable
NCK54,12.15,Non-Edible,0.029510977,Household,117.815,OUT017,Small,Tier 2,Supermarket Type1,7.754181331,Non-Consumable
FDE16,8.895,Low Fat,0.026384672,Frozen Foods,208.9954,OUT049,Medium,Tier 1,Supermarket Type1,8.430697783,Food
FDB15,10.895,Low Fat,0.228993134,Dairy,263.4568,OUT010,Small,Tier 3,Grocery Store,6.269690047,Food
FDC40,16,Regular,0.065431917,Dairy,76.1986,OUT017,Small,Tier 2,Supermarket Type1,7.533996552,Food
FDE53,10.895,Low Fat,0.026749991,Frozen Foods,106.928,OUT027,Medium,Tier 3,Supermarket Type3,7.964592341,Food
FDK24,9.195,Low Fat,0.116445981,Baking Goods,43.6744,OUT018,Medium,Tier 3,Supermarket Type2,6.012417493,Food
FDW31,11.35,Regular,0.043333912,Fruits and Vegetables,201.0742,OUT018,Medium,Tier 3,Supermarket Type2,7.692029447,Food
NCX29,10,Non-Edible,0.089656812,Health and Hygiene,144.0102,OUT017,Small,Tier 2,Supermarket Type1,7.38082433,Non-Consumable
NCM07,9.395,Non-Edible,0.039954281,Others,82.4908,OUT035,Small,Tier 2,Supermarket Type1,7.608066338,Non-Consumable
DRN36,15.2,Low Fat,0.087854925,Soft Drinks,95.9752,OUT019,Small,Tier 1,Grocery Store,4.573423552,Drinks
FDQ37,20.75,Low Fat,0.149404057,Breakfast,192.8478,OUT010,Small,Tier 3,Grocery Store,6.65414118,Food
FDK43,9.8,Low Fat,0.0268952,Meat,128.402,OUT045,Small,Tier 2,Supermarket Type1,7.785113064,Food
FDK28,5.695,Low Fat,0.065857092,Frozen Foods,258.5646,OUT018,Medium,Tier 3,Supermarket Type2,8.385100352,Food
FDR43,18.2,Low Fat,0.161817014,Fruits and Vegetables,37.819,OUT045,Small,Tier 2,Supermarket Type1,5.396867746,Food
FDL48,19.35,Regular,0.082197959,Baking Goods,49.2034,OUT013,High,Tier 3,Supermarket Type1,6.593114395,Food
DRL23,18.35,Low Fat,0.015335349,Hard Drinks,106.6938,OUT045,Small,Tier 2,Supermarket Type1,7.240305119,Drinks
NCX42,6.36,Non-Edible,0.00599072,Household,163.6526,OUT045,Small,Tier 2,Supermarket Type1,8.568548292,Non-Consumable
DRD37,9.8,Low Fat,0.013898123,Soft Drinks,46.506,OUT018,Medium,Tier 3,Supermarket Type2,5.923849298,Drinks
FDZ47,20.7,Regular,0.078912473,Baking Goods,99.9042,OUT027,Medium,Tier 3,Supermarket Type3,8.093993328,Food
NCJ54,9.895,Non-Edible,0.059776237,Household,231.7642,OUT027,Medium,Tier 3,Supermarket Type3,8.583987279,Non-Consumable
FDL52,6.635,Regular,0.057071605,Frozen Foods,39.7506,OUT013,High,Tier 3,Supermarket Type1,5.719015199,Food
FDC15,18.1,Low Fat,0.297883712,Dairy,156.7288,OUT010,Small,Tier 3,Grocery Store,5.753390082,Food
NCD19,8.93,Non-Edible,0.022059594,Household,56.0614,OUT010,Small,Tier 3,Grocery Store,5.625125196,Non-Consumable
FDD08,8.3,Low Fat,0.03532494,Fruits and Vegetables,38.9506,OUT013,High,Tier 3,Supermarket Type1,6.582110177,Food
NCN18,8.895,Non-Edible,0.124967595,Household,112.7544,OUT045,Small,Tier 2,Supermarket Type1,8.151473582,Non-Consumable
FDY56,16.35,Regular,0.062411404,Fruits and Vegetables,225.9062,OUT046,Small,Tier 1,Supermarket Type1,8.597472573,Food
NCI29,8.6,Non-Edible,0.032754431,Health and Hygiene,140.5154,OUT018,Medium,Tier 3,Supermarket Type2,5.651192902,Non-Consumable
NCE06,5.825,Non-Edible,0.160178832,Household,160.2894,OUT019,Small,Tier 1,Grocery Store,5.782528342,Non-Consumable
FDC08,19,Regular,0.104035148,Fruits and Vegetables,227.772,OUT017,Small,Tier 2,Supermarket Type1,8.557865927,Food
FDU52,7.56,Low Fat,0.06390019,Frozen Foods,157.263,OUT045,Small,Tier 2,Supermarket Type1,7.825807658,Food
FDN16,12.6,Regular,0.062648111,Frozen Foods,104.899,OUT013,High,Tier 3,Supermarket Type1,7.581608013,Food
NCM55,15.6,Non-Edible,0.111685868,Others,184.7924,OUT010,Small,Tier 3,Grocery Store,5.916700052,Non-Consumable
FDR49,8.71,Low Fat,0.233039817,Canned,49.5376,OUT010,Small,Tier 3,Grocery Store,4.573423552,Food
FDC15,18.1,Low Fat,0.17824575,Dairy,158.1288,OUT049,Medium,Tier 1,Supermarket Type1,8.1018913,Food
FDB53,13.35,Low Fat,0.140241213,Frozen Foods,150.2392,OUT017,Small,Tier 2,Supermarket Type1,7.895624295,Food
FDK44,16.6,Low Fat,0.122308545,Fruits and Vegetables,173.3738,OUT046,Small,Tier 1,Supermarket Type1,7.643140539,Food
FDA16,6.695,Low Fat,0.033935576,Frozen Foods,221.9456,OUT035,Small,Tier 2,Supermarket Type1,7.701406401,Food
FDO19,17.7,Regular,0.016516275,Fruits and Vegetables,47.4034,OUT027,Medium,Tier 3,Supermarket Type3,7.690813088,Food
FDO04,16.6,Low Fat,0.026537206,Frozen Foods,57.2614,OUT046,Small,Tier 1,Supermarket Type1,6.957465591,Food
NCL19,15.35,Non-Edible,0.015673267,Others,145.047,OUT035,Small,Tier 2,Supermarket Type1,7.908678661,Non-Consumable
FDA44,19.7,Low Fat,0.089083914,Fruits and Vegetables,54.593,OUT010,Small,Tier 3,Grocery Store,4.053401033,Food
FDR60,14.3,Low Fat,0.131152799,Baking Goods,78.6328,OUT017,Small,Tier 2,Supermarket Type1,5.449743194,Food
FDV37,13,Regular,0.083109455,Canned,195.8426,OUT027,Medium,Tier 3,Supermarket Type3,8.654436382,Food
FDG53,10,Low Fat,0.045818773,Frozen Foods,138.718,OUT013,High,Tier 3,Supermarket Type1,7.24364163,Food
DRG01,14.8,Low Fat,0.044869794,Soft Drinks,76.467,OUT035,Small,Tier 2,Supermarket Type1,7.334551258,Drinks
FDB38,19.5,Regular,0.02734015,Canned,160.692,OUT019,Small,Tier 1,Grocery Store,5.770144333,Food
FDI27,8.71,Regular,0.04605781,Dairy,43.8744,OUT049,Medium,Tier 1,Supermarket Type1,6.453375519,Food
FDD29,12.15,Low Fat,0.030815427,Frozen Foods,252.0698,OUT010,Small,Tier 3,Grocery Store,6.92331283,Food
NCR41,17.85,Non-Edible,0.01806055,Health and Hygiene,97.0094,OUT045,Small,Tier 2,Supermarket Type1,7.647598432,Non-Consumable
FDW44,9.5,Regular,0.035205866,Fruits and Vegetables,171.3448,OUT049,Medium,Tier 1,Supermarket Type1,7.777887804,Food
FDU21,11.8,Regular,0.076705948,Snack Foods,34.7558,OUT035,Small,Tier 2,Supermarket Type1,6.661833513,Food
FDI14,14.1,Low Fat,0.089677773,Canned,139.8496,OUT046,Small,Tier 1,Supermarket Type1,7.435317187,Food
FDW50,13.1,Low Fat,0.132327406,Dairy,168.4158,OUT019,Small,Tier 1,Grocery Store,5.814821636,Food
FDN39,19.35,Regular,0.065520388,Meat,168.3816,OUT046,Small,Tier 1,Supermarket Type1,7.202849414,Food
FDT31,19.75,Low Fat,0.012518707,Fruits and Vegetables,190.6872,OUT017,Small,Tier 2,Supermarket Type1,8.500508208,Food
FDJ14,10.3,Regular,0.050353695,Canned,78.696,OUT017,Small,Tier 2,Supermarket Type1,7.472337002,Food
NCQ43,17.75,Non-Edible,0.110762642,Others,108.5912,OUT027,Medium,Tier 3,Supermarket Type3,7.401761039,Non-Consumable
FDZ22,9.395,Low Fat,0.045050674,Snack Foods,84.925,OUT027,Medium,Tier 3,Supermarket Type3,7.46664223,Food
FDU38,10.8,Low Fat,0.083016832,Dairy,193.4504,OUT017,Small,Tier 2,Supermarket Type1,7.964592341,Food
FDS32,17.75,Regular,0.032994795,Fruits and Vegetables,139.9838,OUT045,Small,Tier 2,Supermarket Type1,7.584657827,Food
DRH13,8.575,Low Fat,0.023983258,Soft Drinks,106.328,OUT018,Medium,Tier 3,Supermarket Type2,6.866674918,Drinks
DRF03,19.1,Low Fat,0.075836522,Dairy,40.2138,OUT010,Small,Tier 3,Grocery Store,4.409491012,Drinks
FDJ20,20.7,Regular,0.100330684,Fruits and Vegetables,123.4388,OUT049,Medium,Tier 1,Supermarket Type1,7.122372988,Food
FDE22,9.695,Low Fat,0.051778173,Snack Foods,157.892,OUT019,Small,Tier 1,Grocery Store,5.770144333,Food
FDX22,6.785,Regular,0.022970468,Snack Foods,211.0928,OUT035,Small,Tier 2,Supermarket Type1,8.393725006,Food
DRM11,6.57,Low Fat,0.066014596,Hard Drinks,259.7278,OUT013,High,Tier 3,Supermarket Type1,7.960186028,Drinks
FDL58,5.78,Regular,0.07429945,Snack Foods,264.9568,OUT045,Small,Tier 2,Supermarket Type1,7.52110009,Food
FDL25,6.92,Regular,0.131128467,Breakfast,93.1804,OUT049,Medium,Tier 1,Supermarket Type1,7.354341089,Food
FDD40,20.25,Regular,0.014816356,Dairy,194.1162,OUT049,Medium,Tier 1,Supermarket Type1,8.255652827,Food
FDT08,13.65,Low Fat,0.049318315,Fruits and Vegetables,149.005,OUT045,Small,Tier 2,Supermarket Type1,7.648868475,Food
FDO22,13.5,Regular,0.017960492,Snack Foods,81.596,OUT017,Small,Tier 2,Supermarket Type1,6.461730642,Food
NCM41,16.5,Non-Edible,0.035801238,Health and Hygiene,92.612,OUT018,Medium,Tier 3,Supermarket Type2,6.32842238,Non-Consumable
FDJ21,16.7,Regular,0.038606365,Snack Foods,146.5102,OUT045,Small,Tier 2,Supermarket Type1,7.92710565,Food
FDC53,8.68,Low Fat,0.008871687,Frozen Foods,99.7384,OUT018,Medium,Tier 3,Supermarket Type2,5.692435676,Food
DRK35,8.365,Low Fat,0.125793938,Hard Drinks,36.2506,OUT019,Small,Tier 1,Grocery Store,3.662294177,Drinks
FDQ09,7.235,Low Fat,0.058369013,Snack Foods,115.2834,OUT018,Medium,Tier 3,Supermarket Type2,7.145209857,Food
DRB48,16.75,Regular,0.027650095,Soft Drinks,39.3822,OUT046,Small,Tier 1,Supermarket Type1,5.87082061,Drinks
DRE25,15.35,Low Fat,0.073269336,Soft Drinks,92.112,OUT035,Small,Tier 2,Supermarket Type1,7.020676739,Drinks
FDL08,10.8,Low Fat,0.049677651,Fruits and Vegetables,245.9144,OUT013,High,Tier 3,Supermarket Type1,8.445970751,Food
NCV42,6.26,Non-Edible,0.031470832,Household,110.2228,OUT049,Medium,Tier 1,Supermarket Type1,7.344925234,Non-Consumable
FDW03,5.63,Regular,0.024579432,Meat,105.3306,OUT049,Medium,Tier 1,Supermarket Type1,6.953021145,Food
FDL25,6.92,Regular,0.131665479,Breakfast,91.8804,OUT017,Small,Tier 2,Supermarket Type1,5.62272136,Food
FDC17,12.15,Low Fat,0.015523707,Frozen Foods,212.0928,OUT018,Medium,Tier 3,Supermarket Type2,7.914291167,Food
FDK44,16.6,Low Fat,0.122475364,Fruits and Vegetables,175.5738,OUT045,Small,Tier 2,Supermarket Type1,5.853774806,Food
FDE34,9.195,Low Fat,0.107891398,Snack Foods,182.7634,OUT046,Small,Tier 1,Supermarket Type1,8.247490228,Food
FDP10,19,Low Fat,0.128065918,Snack Foods,104.3622,OUT035,Small,Tier 2,Supermarket Type1,7.55303466,Food
FDZ22,9.395,Low Fat,0.045361705,Snack Foods,83.825,OUT045,Small,Tier 2,Supermarket Type1,6.502490151,Food
NCK19,9.8,Non-Edible,0.090390357,Others,192.1478,OUT013,High,Tier 3,Supermarket Type1,7.751893983,Non-Consumable
FDO44,12.6,Low Fat,0.087029712,Fruits and Vegetables,109.2228,OUT027,Medium,Tier 3,Supermarket Type3,8.072829613,Food
NCU41,18.85,Non-Edible,0.052054819,Health and Hygiene,189.1846,OUT046,Small,Tier 1,Supermarket Type1,7.651087175,Non-Consumable
NCF31,9.13,Non-Edible,0.051952573,Household,152.3024,OUT045,Small,Tier 2,Supermarket Type1,7.508035134,Non-Consumable
FDG14,9,Regular,0.050786366,Canned,152.2024,OUT017,Small,Tier 2,Supermarket Type1,8.200907947,Food
NCH30,17.1,Non-Edible,0.067141355,Household,114.586,OUT035,Small,Tier 2,Supermarket Type1,7.987468772,Non-Consumable
FDR36,6.715,Regular,0.121485195,Baking Goods,40.2454,OUT013,High,Tier 3,Supermarket Type1,6.377127548,Food
NCJ30,5.82,Non-Edible,0.080640478,Household,167.779,OUT046,Small,Tier 1,Supermarket Type1,7.968057347,Non-Consumable
FDR08,18.7,Low Fat,0.037699254,Fruits and Vegetables,110.2886,OUT045,Small,Tier 2,Supermarket Type1,7.707409717,Food
FDU04,7.93,Low Fat,0.006939681,Frozen Foods,123.2414,OUT018,Medium,Tier 3,Supermarket Type2,6.191064306,Food
NCQ50,18.75,Non-Edible,0.034501405,Household,211.7218,OUT017,Small,Tier 2,Supermarket Type1,8.660685316,Non-Consumable
FDL46,20.35,Low Fat,0.053795154,Snack Foods,117.7466,OUT027,Medium,Tier 3,Supermarket Type3,7.254997313,Food
DRK37,5,Low Fat,0.044004675,Soft Drinks,188.853,OUT046,Small,Tier 1,Supermarket Type1,8.613200764,Drinks
FDK48,7.445,Low Fat,0.037673587,Baking Goods,76.8354,OUT046,Small,Tier 1,Supermarket Type1,7.688375921,Food
FDV58,20.85,Low Fat,0.121250374,Snack Foods,193.9452,OUT046,Small,Tier 1,Supermarket Type1,7.356893737,Food
FDN27,20.85,Low Fat,0.039516645,Meat,115.1808,OUT018,Medium,Tier 3,Supermarket Type2,6.961890372,Food
FDZ52,19.2,Low Fat,0.100230114,Frozen Foods,112.9886,OUT049,Medium,Tier 1,Supermarket Type1,7.419877462,Food
NCF42,17.35,Non-Edible,0.167383061,Household,175.6712,OUT046,Small,Tier 1,Supermarket Type1,7.942127384,Non-Consumable
FDQ48,14.3,Regular,0.034404732,Baking Goods,98.1726,OUT035,Small,Tier 2,Supermarket Type1,6.195145933,Food
FDW49,19.5,Low Fat,0.082719632,Canned,179.3002,OUT045,Small,Tier 2,Supermarket Type1,7.960883054,Food
FDR58,6.675,Low Fat,0.041913535,Snack Foods,90.7462,OUT035,Small,Tier 2,Supermarket Type1,7.418679858,Food
NCE07,8.18,Non-Edible,0.0132043,Household,143.8154,OUT017,Small,Tier 2,Supermarket Type1,7.89933625,Non-Consumable
FDK14,6.98,Low Fat,0.041105789,Canned,83.4934,OUT046,Small,Tier 1,Supermarket Type1,7.350499858,Food
FDC11,20.5,Low Fat,0.141106202,Starchy Foods,87.9172,OUT027,Medium,Tier 3,Supermarket Type3,8.252534593,Food
FDL22,16.85,Low Fat,0.036463975,Snack Foods,90.7488,OUT045,Small,Tier 2,Supermarket Type1,6.299487337,Food
NCQ41,14.8,Non-Edible,0.01946418,Health and Hygiene,196.3794,OUT013,High,Tier 3,Supermarket Type1,7.576504229,Non-Consumable
FDX46,12.3,Regular,0.058099917,Snack Foods,57.3562,OUT013,High,Tier 3,Supermarket Type1,5.186092232,Food
FDC35,7.435,Low Fat,0.123086812,Starchy Foods,206.9638,OUT045,Small,Tier 2,Supermarket Type1,6.94343029,Food
FDH45,15.1,Regular,0.105646853,Fruits and Vegetables,42.8796,OUT035,Small,Tier 2,Supermarket Type1,6.856915355,Food
FDX33,9.195,Regular,0.118149377,Snack Foods,160.5578,OUT017,Small,Tier 2,Supermarket Type1,7.158251239,Food
DRJ35,10.1,Low Fat,0.046545786,Hard Drinks,59.9878,OUT013,High,Tier 3,Supermarket Type1,6.185596091,Drinks
FDC40,16,Regular,0.065009745,Dairy,79.5986,OUT013,High,Tier 3,Supermarket Type1,6.841383826,Food
FDO19,17.7,Regular,0.016630303,Fruits and Vegetables,48.1034,OUT045,Small,Tier 2,Supermarket Type1,6.28345744,Food
FDP13,8.1,Regular,0.134532392,Canned,39.448,OUT049,Medium,Tier 1,Supermarket Type1,6.779758258,Food
FDP24,20.6,Low Fat,0.083133128,Baking Goods,120.1756,OUT049,Medium,Tier 1,Supermarket Type1,7.195885951,Food
NCQ42,20.35,Non-Edible,0.039428167,Household,127.9678,OUT018,Medium,Tier 3,Supermarket Type2,8.177992789,Non-Consumable
FDY59,8.195,Low Fat,0.031391502,Baking Goods,93.1462,OUT018,Medium,Tier 3,Supermarket Type2,6.475160569,Food
FDU14,17.75,Low Fat,0.034823127,Dairy,248.675,OUT045,Small,Tier 2,Supermarket Type1,8.516092586,Food
FDB21,7.475,Low Fat,0.148492521,Fruits and Vegetables,240.6854,OUT035,Small,Tier 2,Supermarket Type1,7.434137942,Food
FDT32,19,Regular,0.065901299,Fruits and Vegetables,188.7214,OUT018,Medium,Tier 3,Supermarket Type2,7.436495042,Food
FDK20,12.6,Regular,0.041622264,Fruits and Vegetables,124.0072,OUT049,Medium,Tier 1,Supermarket Type1,8.304924692,Food
FDX09,9,Low Fat,0.064933297,Snack Foods,174.837,OUT027,Medium,Tier 3,Supermarket Type3,8.469010633,Food
FDM01,7.895,Regular,0.0945493,Breakfast,102.6332,OUT035,Small,Tier 2,Supermarket Type1,7.403384744,Food
DRI37,15.85,Low Fat,0.107076832,Soft Drinks,58.7904,OUT027,Medium,Tier 3,Supermarket Type3,7.162388815,Drinks
FDL20,17.1,Low Fat,0.128674983,Fruits and Vegetables,112.3886,OUT045,Small,Tier 2,Supermarket Type1,7.756178477,Food
FDU13,8.355,Low Fat,0.188322664,Canned,148.5418,OUT018,Medium,Tier 3,Supermarket Type2,7.699899924,Food
FDE05,10.895,Regular,0.036827402,Frozen Foods,145.2102,OUT019,Small,Tier 1,Grocery Store,6.083201532,Food
FDE58,18.5,Low Fat,0.052025392,Snack Foods,118.4124,OUT013,High,Tier 3,Supermarket Type1,7.771171678,Food
FDT32,19,Regular,0.065316099,Fruits and Vegetables,189.9214,OUT027,Medium,Tier 3,Supermarket Type3,8.534714355,Food
FDZ01,8.975,Regular,0.01516265,Canned,101.899,OUT010,Small,Tier 3,Grocery Store,4.646302532,Food
FDM08,10.1,Regular,0.053584207,Fruits and Vegetables,224.4088,OUT046,Small,Tier 1,Supermarket Type1,8.455080483,Food
FDS58,9.285,Regular,0.020989132,Snack Foods,158.6578,OUT013,High,Tier 3,Supermarket Type1,7.786496572,Food
FDZ26,11.6,Regular,0.144017405,Dairy,238.3222,OUT046,Small,Tier 1,Supermarket Type1,8.654784571,Food
FDC46,17.7,Low Fat,0.115978122,Snack Foods,183.4266,OUT027,Medium,Tier 3,Supermarket Type3,8.88095222,Food
FDY51,12.5,Low Fat,0.081465335,Meat,220.7798,OUT018,Medium,Tier 3,Supermarket Type2,8.796701046,Food
FDL34,16,Low Fat,0.041177505,Snack Foods,142.3496,OUT017,Small,Tier 2,Supermarket Type1,8.085622519,Food
DRG39,14.15,Low Fat,0.042352822,Dairy,51.6982,OUT018,Medium,Tier 3,Supermarket Type2,7.141527584,Drinks
NCG43,20.2,Non-Edible,0.074541867,Household,94.1462,OUT018,Medium,Tier 3,Supermarket Type2,7.472715503,Non-Consumable
FDT01,13.65,Regular,0.18454121,Canned,211.5902,OUT045,Small,Tier 2,Supermarket Type1,8.449681594,Food
NCR38,17.25,Non-Edible,0.114160573,Household,253.1724,OUT017,Small,Tier 2,Supermarket Type1,8.236443302,Non-Consumable
DRF01,5.655,Low Fat,0.175352413,Soft Drinks,147.4102,OUT049,Medium,Tier 1,Supermarket Type1,7.815922464,Drinks
FDF53,20.75,Regular,0.083590755,Frozen Foods,182.2318,OUT035,Small,Tier 2,Supermarket Type1,8.028892173,Food
FDS45,5.175,Regular,0.029471408,Snack Foods,105.4622,OUT013,High,Tier 3,Supermarket Type1,8.096430124,Food
FDR20,20,Regular,0.028282832,Fruits and Vegetables,46.2744,OUT017,Small,Tier 2,Supermarket Type1,6.991715473,Food
FDY07,11.8,Low Fat,0.121879573,Fruits and Vegetables,46.5402,OUT010,Small,Tier 3,Grocery Store,5.4411225,Food
FDD38,16.75,Regular,0.008208342,Canned,102.8674,OUT045,Small,Tier 2,Supermarket Type1,7.3323764,Food
DRF15,18.35,Low Fat,0.03334929,Dairy,155.034,OUT018,Medium,Tier 3,Supermarket Type2,7.596764912,Drinks
FDH32,12.8,Low Fat,0.076060037,Fruits and Vegetables,95.141,OUT046,Small,Tier 1,Supermarket Type1,6.768342626,Food
NCJ42,19.75,Non-Edible,0.014301326,Household,103.0332,OUT046,Small,Tier 1,Supermarket Type1,7.115905713,Non-Consumable
FDB56,8.75,Regular,0.074931201,Fruits and Vegetables,187.6556,OUT018,Medium,Tier 3,Supermarket Type2,6.845643677,Food
FDD03,13.3,Low Fat,0.080131363,Dairy,234.03,OUT018,Medium,Tier 3,Supermarket Type2,8.341777335,Food
NCL18,18.85,Non-Edible,0.167444431,Household,194.6136,OUT013,High,Tier 3,Supermarket Type1,7.062604229,Non-Consumable
FDW22,9.695,Regular,0.03033748,Snack Foods,222.9114,OUT049,Medium,Tier 1,Supermarket Type1,8.659646535,Food
FDE32,20.7,Low Fat,0.04874969,Fruits and Vegetables,37.5506,OUT035,Small,Tier 2,Supermarket Type1,4.743642602,Food
FDA34,11.5,Low Fat,0.014788594,Starchy Foods,174.408,OUT027,Medium,Tier 3,Supermarket Type3,8.915250127,Food
FDJ08,11.1,Low Fat,0.111298111,Fruits and Vegetables,191.7846,OUT017,Small,Tier 2,Supermarket Type1,8.025632011,Food
FDG38,8.975,Regular,0.05268526,Canned,83.3224,OUT013,High,Tier 3,Supermarket Type1,8.18321327,Food
FDD29,12.15,Low Fat,0.018485511,Frozen Foods,253.1698,OUT018,Medium,Tier 3,Supermarket Type2,7.328449697,Food
NCE31,7.67,Non-Edible,0.184689756,Household,35.4216,OUT013,High,Tier 3,Supermarket Type1,6.111646481,Non-Consumable
FDS19,13.8,Regular,0.064153845,Fruits and Vegetables,76.9012,OUT013,High,Tier 3,Supermarket Type1,6.410519559,Food
FDU11,4.785,Low Fat,0.092516598,Breads,120.1098,OUT013,High,Tier 3,Supermarket Type1,7.190380437,Food
FDL02,20,Regular,0.104245198,Canned,105.3622,OUT049,Medium,Tier 1,Supermarket Type1,7.147831775,Food
FDO51,6.785,Regular,0.041779181,Meat,43.4112,OUT027,Medium,Tier 3,Supermarket Type3,7.011115876,Food
DRK23,8.395,Low Fat,0.07226985,Hard Drinks,254.104,OUT018,Medium,Tier 3,Supermarket Type2,8.172744911,Drinks
FDO27,6.175,Regular,0.179806961,Meat,95.2752,OUT018,Medium,Tier 3,Supermarket Type2,7.336287745,Food
FDB16,8.21,Low Fat,0.044995631,Dairy,89.2198,OUT049,Medium,Tier 1,Supermarket Type1,7.177245631,Food
FDA44,19.7,Low Fat,0.053523765,Fruits and Vegetables,55.393,OUT017,Small,Tier 2,Supermarket Type1,7.294661226,Food
NCB18,19.6,Non-Edible,0.041459372,Household,89.6514,OUT018,Medium,Tier 3,Supermarket Type2,7.123446813,Non-Consumable
NCL53,7.5,Non-Edible,0.036234918,Health and Hygiene,175.3028,OUT046,Small,Tier 1,Supermarket Type1,8.268029432,Non-Consumable
FDR16,5.845,Regular,0.105445801,Frozen Foods,214.4218,OUT018,Medium,Tier 3,Supermarket Type2,7.311253521,Food
NCQ05,11.395,Non-Edible,0.027777042,Health and Hygiene,151.6708,OUT013,High,Tier 3,Supermarket Type1,8.149552168,Non-Consumable
FDF44,7.17,Regular,0.05997133,Fruits and Vegetables,132.1968,OUT018,Medium,Tier 3,Supermarket Type2,7.962739417,Food
FDU50,5.75,Regular,0.075595405,Dairy,114.7176,OUT017,Small,Tier 2,Supermarket Type1,7.139417325,Food
FDG20,15.5,Regular,0.210375806,Fruits and Vegetables,178.2028,OUT010,Small,Tier 3,Grocery Store,5.182360912,Food
FDD58,7.76,Low Fat,0.059341019,Snack Foods,99.77,OUT035,Small,Tier 2,Supermarket Type1,6.684561726,Food
FDT01,13.65,Regular,0.18520944,Canned,212.9902,OUT017,Small,Tier 2,Supermarket Type1,8.066789188,Food
FDK15,10.8,Low Fat,0.098566832,Meat,98.3042,OUT049,Medium,Tier 1,Supermarket Type1,7.305902342,Food
FDJ08,11.1,Low Fat,0.11084417,Fruits and Vegetables,189.2846,OUT049,Medium,Tier 1,Supermarket Type1,8.548746934,Food
FDS10,19.2,Low Fat,0.0350152,Snack Foods,182.0318,OUT027,Medium,Tier 3,Supermarket Type3,8.692028362,Food
FDJ55,12.8,Regular,0.023567538,Meat,226.8404,OUT049,Medium,Tier 1,Supermarket Type1,8.412234373,Food
FDU32,8.785,Low Fat,0.030809543,Fruits and Vegetables,123.0414,OUT010,Small,Tier 3,Grocery Store,4.810894092,Food
FDG09,20.6,Regular,0.04792722,Fruits and Vegetables,185.9556,OUT035,Small,Tier 2,Supermarket Type1,8.370866875,Food
FDE39,7.89,Low Fat,0.036207786,Dairy,121.0782,OUT045,Small,Tier 2,Supermarket Type1,8.148204978,Food
FDU56,16.85,Low Fat,0.044377096,Fruits and Vegetables,185.8266,OUT013,High,Tier 3,Supermarket Type1,7.415078416,Food
NCH55,16.35,Non-Edible,0.034742632,Household,127.402,OUT045,Small,Tier 2,Supermarket Type1,6.633334223,Non-Consumable
FDX33,9.195,Regular,0.116915909,Snack Foods,159.4578,OUT027,Medium,Tier 3,Supermarket Type3,8.512219202,Food
FDR24,17.35,Regular,0.062979148,Baking Goods,87.983,OUT045,Small,Tier 2,Supermarket Type1,7.443533189,Food
FDC33,8.96,Regular,0.068604503,Fruits and Vegetables,197.3768,OUT027,Medium,Tier 3,Supermarket Type3,8.921313182,Food
NCV54,11.1,Non-Edible,0.03294861,Household,116.8124,OUT027,Medium,Tier 3,Supermarket Type3,7.81994176,Non-Consumable
NCQ02,12.6,Non-Edible,0.007450258,Household,186.7556,OUT013,High,Tier 3,Supermarket Type1,7.943546327,Non-Consumable
NCU17,5.32,Non-Edible,0.093027718,Health and Hygiene,101.4674,OUT049,Medium,Tier 1,Supermarket Type1,7.991306247,Non-Consumable
NCZ06,19.6,Non-Edible,0.164864915,Household,255.2698,OUT019,Small,Tier 1,Grocery Store,6.635958892,Non-Consumable
FDV37,13,Regular,0.083498083,Canned,199.4426,OUT035,Small,Tier 2,Supermarket Type1,6.387262748,Food
DRH25,18.7,Low Fat,0.014522363,Soft Drinks,50.2324,OUT027,Medium,Tier 3,Supermarket Type3,7.169588633,Drinks
NCI43,19.85,Non-Edible,0.025963795,Household,46.3376,OUT035,Small,Tier 2,Supermarket Type1,7.048822803,Non-Consumable
NCQ53,17.6,Non-Edible,0.019012262,Health and Hygiene,237.159,OUT017,Small,Tier 2,Supermarket Type1,8.03062659,Non-Consumable
NCT18,14.6,Non-Edible,0.059393919,Household,181.7976,OUT035,Small,Tier 2,Supermarket Type1,8.089714595,Non-Consumable
FDF14,7.55,Low Fat,0.027212058,Canned,152.734,OUT049,Medium,Tier 1,Supermarket Type1,7.922047838,Food
FDM14,13.8,Low Fat,0.013263968,Canned,106.9254,OUT046,Small,Tier 1,Supermarket Type1,7.98316233,Food
FDX57,17.25,Regular,0.079113947,Snack Foods,99.2068,OUT010,Small,Tier 3,Grocery Store,4.587075459,Food
NCV05,10.1,Non-Edible,0.03020851,Health and Hygiene,153.1656,OUT046,Small,Tier 1,Supermarket Type1,7.343203695,Non-Consumable
FDX39,14.3,Regular,0.049634817,Meat,212.5586,OUT013,High,Tier 3,Supermarket Type1,8.060501839,Food
FDA23,9.8,Low Fat,0.047187038,Baking Goods,100.6016,OUT046,Small,Tier 1,Supermarket Type1,7.390320678,Food
NCV06,11.3,Non-Edible,0.066681333,Household,194.4478,OUT046,Small,Tier 1,Supermarket Type1,5.962281844,Non-Consumable
NCE31,7.67,Non-Edible,0.185218446,Household,36.3216,OUT045,Small,Tier 2,Supermarket Type1,6.031788498,Non-Consumable
DRI39,13.8,Low Fat,0.162462044,Dairy,55.893,OUT010,Small,Tier 3,Grocery Store,5.426587443,Drinks
FDH21,10.395,Low Fat,0.031273559,Seafood,160.0604,OUT049,Medium,Tier 1,Supermarket Type1,7.145734791,Food
FDR26,20.7,Low Fat,0.042836778,Dairy,175.8028,OUT046,Small,Tier 1,Supermarket Type1,7.374582118,Food
FDA14,16.1,Low Fat,0.114127418,Dairy,147.176,OUT019,Small,Tier 1,Grocery Store,6.374861263,Food
FDG21,17.35,Regular,0.146895866,Seafood,149.605,OUT018,Medium,Tier 3,Supermarket Type2,8.228477251,Food
NCQ38,16.35,Non-Edible,0.013420879,Others,104.828,OUT018,Medium,Tier 3,Supermarket Type2,7.502173241,Non-Consumable
FDN20,19.35,Low Fat,0.026181893,Fruits and Vegetables,167.0474,OUT046,Small,Tier 1,Supermarket Type1,7.766104815,Food
NCN29,15.2,Non-Edible,0.012184999,Health and Hygiene,50.3034,OUT017,Small,Tier 2,Supermarket Type1,4.989140596,Non-Consumable
FDI28,14.3,Low Fat,0.026428924,Frozen Foods,78.2302,OUT018,Medium,Tier 3,Supermarket Type2,6.320069129,Food
FDA03,18.5,Regular,0.045243613,Dairy,146.8102,OUT027,Medium,Tier 3,Supermarket Type3,8.160645325,Food
FDZ28,20,Regular,0.060317708,Frozen Foods,127.3678,OUT046,Small,Tier 1,Supermarket Type1,7.485126334,Food
FDO52,11.6,Regular,0.076790922,Frozen Foods,172.1106,OUT027,Medium,Tier 3,Supermarket Type3,7.850749868,Food
FDU10,10.1,Regular,0.045950475,Snack Foods,38.2848,OUT017,Small,Tier 2,Supermarket Type1,7.115905713,Food
FDP13,8.1,Regular,0.133673087,Canned,41.548,OUT027,Medium,Tier 3,Supermarket Type3,6.824160604,Food
FDV02,16.75,Low Fat,0.060252433,Dairy,170.7106,OUT027,Medium,Tier 3,Supermarket Type3,8.033006513,Food
FDS28,8.18,Regular,0.082529704,Frozen Foods,56.9588,OUT049,Medium,Tier 1,Supermarket Type1,6.613873226,Food
FDW49,19.5,Low Fat,0.082552214,Canned,179.8002,OUT046,Small,Tier 1,Supermarket Type1,6.57563468,Food
FDP33,18.7,Low Fat,0.089272253,Snack Foods,254.7672,OUT046,Small,Tier 1,Supermarket Type1,8.53980442,Food
FDJ03,12.35,Regular,0.072541731,Dairy,48.5692,OUT045,Small,Tier 2,Supermarket Type1,6.788797854,Food
FDQ51,16,Regular,0.017536671,Meat,45.5718,OUT013,High,Tier 3,Supermarket Type1,6.947917472,Food
DRK23,8.395,Low Fat,0.072088552,Hard Drinks,253.704,OUT049,Medium,Tier 1,Supermarket Type1,8.423996616,Drinks
FDU11,4.785,Low Fat,0.092781435,Breads,119.7098,OUT045,Small,Tier 2,Supermarket Type1,7.500334331,Food
NCK06,5.03,Non-Edible,0.008644894,Household,122.6756,OUT035,Small,Tier 2,Supermarket Type1,7.888658229,Non-Consumable
FDY09,15.6,Low Fat,0.025342692,Snack Foods,174.3054,OUT017,Small,Tier 2,Supermarket Type1,7.468544093,Food
NCY18,7.285,Non-Edible,0.031145743,Household,173.6054,OUT035,Small,Tier 2,Supermarket Type1,7.87381893,Non-Consumable
FDA10,20.35,Low Fat,0.163246377,Snack Foods,120.9072,OUT049,Medium,Tier 1,Supermarket Type1,7.293756454,Food
FDO34,17.7,Low Fat,0.030108283,Snack Foods,165.9816,OUT017,Small,Tier 2,Supermarket Type1,8.380988881,Food
FDE38,6.52,Low Fat,0.044391149,Canned,164.3842,OUT027,Medium,Tier 3,Supermarket Type3,8.406747189,Food
FDF40,20.25,Regular,0.022639471,Dairy,248.4092,OUT017,Small,Tier 2,Supermarket Type1,7.715160534,Food
FDY02,8.945,Regular,0.108472583,Dairy,264.791,OUT017,Small,Tier 2,Supermarket Type1,8.462702792,Food
FDS03,7.825,Low Fat,0.139419417,Meat,66.0826,OUT019,Small,Tier 1,Grocery Store,5.558102924,Food
FDB59,18.25,Low Fat,0.015278899,Snack Foods,199.0084,OUT046,Small,Tier 1,Supermarket Type1,8.063231212,Food
NCQ42,20.35,Non-Edible,0.039329257,Household,127.6678,OUT049,Medium,Tier 1,Supermarket Type1,7.981343528,Non-Consumable
FDO15,16.75,Regular,0.008579863,Meat,72.3038,OUT049,Medium,Tier 1,Supermarket Type1,6.868753918,Food
DRN47,12.1,Low Fat,0.028164527,Hard Drinks,178.166,OUT010,Small,Tier 3,Grocery Store,6.292120839,Drinks
FDA03,18.5,Regular,0.051552963,Dairy,144.2102,OUT035,Small,Tier 2,Supermarket Type1,7.621852859,Food
FDA01,15,Regular,0.054367971,Canned,58.5904,OUT035,Small,Tier 2,Supermarket Type1,6.90478768,Food
FDB38,19.5,Regular,0.0273467,Canned,158.992,OUT046,Small,Tier 1,Supermarket Type1,7.472337002,Food
FDT59,13.65,Low Fat,0.016001434,Breads,230.6668,OUT017,Small,Tier 2,Supermarket Type1,7.519656829,Food
FDG08,13.15,Regular,0.165328057,Fruits and Vegetables,170.6764,OUT035,Small,Tier 2,Supermarket Type1,8.142216938,Food
FDV56,16.1,Regular,0.013529884,Fruits and Vegetables,106.2596,OUT027,Medium,Tier 3,Supermarket Type3,7.246492663,Food
FDY26,20.6,Regular,0.030510526,Dairy,211.4244,OUT046,Small,Tier 1,Supermarket Type1,8.966330985,Food
DRE13,6.28,Low Fat,0.027699863,Soft Drinks,87.9198,OUT035,Small,Tier 2,Supermarket Type1,7.108307313,Drinks
FDE51,5.925,Regular,0.09646733,Dairy,42.8086,OUT046,Small,Tier 1,Supermarket Type1,6.507470231,Food
FDL40,17.7,Low Fat,0.011636708,Frozen Foods,94.541,OUT045,Small,Tier 2,Supermarket Type1,6.968804281,Food
FDD50,18.85,Low Fat,0.141642219,Canned,168.1132,OUT046,Small,Tier 1,Supermarket Type1,7.964129432,Food
FDC04,15.6,Low Fat,0.044767801,Dairy,241.8854,OUT027,Medium,Tier 3,Supermarket Type3,8.432293605,Food
FDN15,17.5,Low Fat,0.028009382,Meat,141.718,OUT010,Small,Tier 3,Grocery Store,6.04133508,Food
FDC46,17.7,Low Fat,0.1164455,Snack Foods,182.8266,OUT013,High,Tier 3,Supermarket Type1,8.549649694,Food
FDV56,16.1,Regular,0.013584408,Fruits and Vegetables,107.7596,OUT013,High,Tier 3,Supermarket Type1,5.782528342,Food
FDK43,9.8,Low Fat,0.026950104,Meat,128.402,OUT018,Medium,Tier 3,Supermarket Type2,7.1436334,Food
NCR29,7.565,Non-Edible,0.054751689,Health and Hygiene,54.793,OUT045,Small,Tier 2,Supermarket Type1,6.435385653,Non-Consumable
FDY03,17.6,Regular,0.076121831,Meat,111.7202,OUT046,Small,Tier 1,Supermarket Type1,7.026606189,Food
FDU44,12.15,Regular,0.058516562,Fruits and Vegetables,164.1552,OUT049,Medium,Tier 1,Supermarket Type1,8.556330516,Food
FDZ04,9.31,Low Fat,0.037923509,Frozen Foods,61.651,OUT013,High,Tier 3,Supermarket Type1,5.941501946,Food
FDU16,19.25,Regular,0.058365706,Frozen Foods,82.1908,OUT049,Medium,Tier 1,Supermarket Type1,7.797222742,Food
FDV07,9.5,Low Fat,0.031346387,Fruits and Vegetables,110.7228,OUT045,Small,Tier 2,Supermarket Type1,7.413875048,Food
NCL19,15.35,Non-Edible,0.015663185,Others,143.947,OUT013,High,Tier 3,Supermarket Type1,8.008727115,Non-Consumable
FDW01,14.5,Low Fat,0.063750302,Canned,153.4682,OUT027,Medium,Tier 3,Supermarket Type3,7.735443405,Food
FDC10,9.8,Regular,0.07252476,Snack Foods,120.3098,OUT027,Medium,Tier 3,Supermarket Type3,7.431380951,Food
DRC12,17.85,Low Fat,0.038040837,Soft Drinks,189.1188,OUT017,Small,Tier 2,Supermarket Type1,8.08274807,Drinks
DRK39,7.02,Low Fat,0.049823902,Dairy,82.225,OUT013,High,Tier 3,Supermarket Type1,7.918419388,Drinks
FDG24,7.975,Low Fat,0.014560297,Baking Goods,81.425,OUT027,Medium,Tier 3,Supermarket Type3,7.1948872,Food
FDO04,16.6,Low Fat,0.026408698,Frozen Foods,53.2614,OUT027,Medium,Tier 3,Supermarket Type3,6.411613649,Food
DRB25,12.3,Low Fat,0.069446588,Soft Drinks,106.3938,OUT035,Small,Tier 2,Supermarket Type1,6.755245386,Drinks
FDK26,5.46,Regular,0.03217132,Canned,184.824,OUT035,Small,Tier 2,Supermarket Type1,8.363751061,Food
FDM52,15.1,Low Fat,0.026046138,Frozen Foods,147.2076,OUT045,Small,Tier 2,Supermarket Type1,7.481381715,Food
FDY07,11.8,Low Fat,0.121848436,Fruits and Vegetables,46.8402,OUT045,Small,Tier 2,Supermarket Type1,6.393962925,Food
NCO06,19.25,Non-Edible,0.108470504,Household,33.4558,OUT018,Medium,Tier 3,Supermarket Type2,6.092271863,Non-Consumable
FDO10,13.65,Regular,0.014183265,Snack Foods,55.8588,OUT045,Small,Tier 2,Supermarket Type1,7.267155506,Food
FDK34,13.35,Low Fat,0.038494623,Snack Foods,240.2564,OUT013,High,Tier 3,Supermarket Type1,7.959023238,Food
FDS33,6.67,Regular,0.122830885,Snack Foods,86.9514,OUT027,Medium,Tier 3,Supermarket Type3,8.121466471,Food
FDO45,13.15,Regular,0.038029746,Snack Foods,88.6856,OUT045,Small,Tier 2,Supermarket Type1,7.472337002,Food
FDF08,14.3,Regular,0.065207559,Fruits and Vegetables,89.8856,OUT046,Small,Tier 1,Supermarket Type1,6.874965109,Food
FDH58,12.3,Low Fat,0.037014587,Snack Foods,115.1834,OUT045,Small,Tier 2,Supermarket Type1,7.580249549,Food
FDS03,7.825,Low Fat,0.133281968,Meat,63.2826,OUT010,Small,Tier 3,Grocery Store,4.868804413,Food
DRF03,19.1,Low Fat,0.045299563,Dairy,38.8138,OUT035,Small,Tier 2,Supermarket Type1,5.904064549,Drinks
FDE02,8.71,Low Fat,0.121149472,Canned,93.7778,OUT013,High,Tier 3,Supermarket Type1,7.486993398,Food
NCZ06,19.6,Non-Edible,0.094083303,Household,252.2698,OUT013,High,Tier 3,Supermarket Type1,7.934287006,Non-Consumable
FDW49,19.5,Low Fat,0.090361293,Canned,179.3002,OUT049,Medium,Tier 1,Supermarket Type1,7.753324188,Food
FDR23,15.85,Low Fat,0.098456371,Breads,174.737,OUT017,Small,Tier 2,Supermarket Type1,7.945906766,Food
NCJ29,10.6,Non-Edible,0.035022503,Health and Hygiene,85.1224,OUT027,Medium,Tier 3,Supermarket Type3,7.623806938,Non-Consumable
FDY35,17.6,Regular,0.016060186,Breads,47.2402,OUT045,Small,Tier 2,Supermarket Type1,6.227212725,Food
FDZ01,8.975,Regular,0.009014978,Canned,102.699,OUT027,Medium,Tier 3,Supermarket Type3,8.038179493,Food
FDX19,19.1,Low Fat,0.096733815,Fruits and Vegetables,233.1958,OUT046,Small,Tier 1,Supermarket Type1,8.545257207,Food
FDG44,6.13,Low Fat,0.102607233,Fruits and Vegetables,54.0298,OUT018,Medium,Tier 3,Supermarket Type2,6.696968813,Food
FDQ23,6.55,Low Fat,0.024521191,Breads,100.6332,OUT035,Small,Tier 2,Supermarket Type1,7.888658229,Food
FDY22,16.5,Regular,0.160624116,Snack Foods,143.8128,OUT017,Small,Tier 2,Supermarket Type1,7.859270442,Food
NCN41,17,Non-Edible,0.052165855,Health and Hygiene,125.073,OUT013,High,Tier 3,Supermarket Type1,7.011716116,Non-Consumable
FDA47,10.5,Regular,0.116768424,Baking Goods,162.421,OUT045,Small,Tier 2,Supermarket Type1,7.174699807,Food
NCD19,8.93,Non-Edible,0.016164306,Household,55.4614,OUT045,Small,Tier 2,Supermarket Type1,5.806845553,Non-Consumable
FDO36,19.7,Low Fat,0.07753654,Baking Goods,180.866,OUT027,Medium,Tier 3,Supermarket Type3,8.082336759,Food
FDH20,16.1,Regular,0.024928351,Fruits and Vegetables,95.141,OUT013,High,Tier 3,Supermarket Type1,8.036027336,Food
FDN12,15.6,Low Fat,0.08071118,Baking Goods,113.1544,OUT027,Medium,Tier 3,Supermarket Type3,8.118693369,Food
NCJ30,5.82,Non-Edible,0.080968973,Household,171.379,OUT018,Medium,Tier 3,Supermarket Type2,7.619894955,Non-Consumable
FDB09,16.25,Low Fat,0.057485328,Fruits and Vegetables,126.2046,OUT049,Medium,Tier 1,Supermarket Type1,7.532928176,Food
FDA09,13.35,Regular,0.149669322,Snack Foods,180.266,OUT045,Small,Tier 2,Supermarket Type1,6.802205857,Food
FDL24,10.3,Regular,0.024776026,Baking Goods,172.3422,OUT027,Medium,Tier 3,Supermarket Type3,8.956853457,Food
FDP03,5.15,Regular,0.061165512,Meat,125.6388,OUT035,Small,Tier 2,Supermarket Type1,7.954825962,Food
FDR58,6.675,Low Fat,0.041718456,Snack Foods,94.5462,OUT027,Medium,Tier 3,Supermarket Type3,7.962043685,Food
FDO13,7.865,Low Fat,0.06100886,Breakfast,166.0526,OUT013,High,Tier 3,Supermarket Type1,8.193941197,Food
DRD49,9.895,Low Fat,0.167799329,Soft Drinks,239.4564,OUT035,Small,Tier 2,Supermarket Type1,8.565000168,Drinks
NCF42,17.35,Non-Edible,0.167351411,Household,176.0712,OUT035,Small,Tier 2,Supermarket Type1,7.654563788,Non-Consumable
DRK35,8.365,Low Fat,0.071832909,Hard Drinks,36.1506,OUT035,Small,Tier 2,Supermarket Type1,6.582110177,Drinks
FDR58,6.675,Low Fat,0.041886576,Snack Foods,92.1462,OUT013,High,Tier 3,Supermarket Type1,7.093488177,Food
FDQ15,20.35,Regular,0.150341867,Meat,83.1276,OUT027,Medium,Tier 3,Supermarket Type3,7.533284428,Food
NCP50,17.35,Non-Edible,0.020542737,Others,80.5618,OUT013,High,Tier 3,Supermarket Type1,5.778417356,Non-Consumable
FDV45,16.75,Low Fat,0.045047439,Snack Foods,186.4556,OUT046,Small,Tier 1,Supermarket Type1,8.279917145,Food
DRP35,18.85,Low Fat,0.091008572,Hard Drinks,129.6336,OUT049,Medium,Tier 1,Supermarket Type1,8.069918101,Drinks
FDN23,6.575,Regular,0.07549348,Breads,143.5444,OUT035,Small,Tier 2,Supermarket Type1,8.113522832,Food
FDS44,12.65,Regular,0.156286566,Fruits and Vegetables,238.9538,OUT049,Medium,Tier 1,Supermarket Type1,8.315570056,Food
NCI54,15.2,Non-Edible,0.033735909,Household,110.9912,OUT018,Medium,Tier 3,Supermarket Type2,7.526852393,Non-Consumable
FDH40,11.6,Regular,0.078547351,Frozen Foods,79.3276,OUT027,Medium,Tier 3,Supermarket Type3,7.231192354,Food
FDF46,7.07,Low Fat,0.093653464,Snack Foods,113.3834,OUT035,Small,Tier 2,Supermarket Type1,7.145209857,Food
FDA21,13.65,Low Fat,0.036107198,Snack Foods,184.4924,OUT018,Medium,Tier 3,Supermarket Type2,8.553252605,Food
FDI41,18.5,Regular,0.109003832,Frozen Foods,145.2418,OUT019,Small,Tier 1,Grocery Store,4.998169923,Food
FDE35,7.06,Regular,0.073480266,Starchy Foods,58.8904,OUT010,Small,Tier 3,Grocery Store,4.087494487,Food
DRJ24,11.8,Low Fat,0.113234914,Soft Drinks,186.3924,OUT013,High,Tier 3,Supermarket Type1,8.588337273,Drinks
NCK17,11,Non-Edible,0.037711338,Health and Hygiene,41.548,OUT027,Medium,Tier 3,Supermarket Type3,7.214675113,Non-Consumable
FDA15,9.3,Low Fat,0.016054884,Dairy,250.2092,OUT045,Small,Tier 2,Supermarket Type1,8.69571099,Food
FDD36,13.3,Low Fat,0.021170542,Baking Goods,117.6124,OUT027,Medium,Tier 3,Supermarket Type3,7.719900579,Food
DRD60,15.7,Low Fat,0.065188619,Soft Drinks,181.1634,OUT019,Small,Tier 1,Grocery Store,5.20819242,Drinks
FDA46,13.6,Low Fat,0.117537563,Snack Foods,195.4136,OUT013,High,Tier 3,Supermarket Type1,8.602376044,Food
NCO54,19.5,Non-Edible,0.01430324,Household,57.2614,OUT045,Small,Tier 2,Supermarket Type1,7.344925234,Non-Consumable
FDL48,19.35,Regular,0.137697119,Baking Goods,47.1034,OUT010,Small,Tier 3,Grocery Store,4.989140596,Food
NCM19,12.65,Non-Edible,0.047008497,Others,112.0202,OUT027,Medium,Tier 3,Supermarket Type3,8.529992727,Non-Consumable
FDS31,13.1,Regular,0.044196145,Fruits and Vegetables,178.9318,OUT049,Medium,Tier 1,Supermarket Type1,8.028892173,Food
FDV12,16.7,Regular,0.060863167,Baking Goods,97.6384,OUT035,Small,Tier 2,Supermarket Type1,7.958092031,Food
FDQ31,5.785,Regular,0.061103113,Fruits and Vegetables,87.1856,OUT035,Small,Tier 2,Supermarket Type1,7.24933559,Food
FDK55,18.5,Low Fat,0.045105407,Meat,89.4172,OUT019,Small,Tier 1,Grocery Store,5.189809682,Food
DRG15,6.13,Low Fat,0.076855207,Dairy,59.3536,OUT049,Medium,Tier 1,Supermarket Type1,7.293756454,Drinks
NCR17,9.8,Non-Edible,0.024482644,Health and Hygiene,116.2492,OUT018,Medium,Tier 3,Supermarket Type2,7.971510387,Non-Consumable
FDV01,19.2,Regular,0.109285892,Canned,154.6314,OUT027,Medium,Tier 3,Supermarket Type3,8.782095586,Food
FDT21,7.42,Low Fat,0.020474913,Snack Foods,248.4092,OUT018,Medium,Tier 3,Supermarket Type2,6.90478768,Food
FDT10,16.7,Regular,0.062044506,Snack Foods,57.4562,OUT046,Small,Tier 1,Supermarket Type1,6.855513324,Food
FDL56,14.1,Low Fat,0.220225608,Fruits and Vegetables,85.6198,OUT019,Small,Tier 1,Grocery Store,4.479831428,Food
FDS49,9,Low Fat,0.079794329,Canned,80.1644,OUT017,Small,Tier 2,Supermarket Type1,7.072817073,Food
FDT32,19,Regular,0.114916546,Fruits and Vegetables,188.4214,OUT019,Small,Tier 1,Grocery Store,6.339060754,Food
NCX42,6.36,Non-Edible,0.00597362,Household,164.5526,OUT013,High,Tier 3,Supermarket Type1,7.668039383,Non-Consumable
FDX26,17.7,Low Fat,0.146973462,Dairy,184.1292,OUT010,Small,Tier 3,Grocery Store,6.306799967,Food
FDN02,16.5,Low Fat,0.07376631,Canned,208.5638,OUT013,High,Tier 3,Supermarket Type1,7.898347741,Food
FDJ40,13.6,Regular,0.049349121,Frozen Foods,108.6912,OUT027,Medium,Tier 3,Supermarket Type3,8.025632011,Food
FDU13,8.355,Low Fat,0.328390948,Canned,146.0418,OUT019,Small,Tier 1,Grocery Store,6.379388708,Food
DRE27,11.85,Low Fat,0.13267058,Dairy,96.4726,OUT046,Small,Tier 1,Supermarket Type1,6.887272941,Drinks
FDS27,10.195,Regular,0.012455787,Meat,197.511,OUT035,Small,Tier 2,Supermarket Type1,7.765540243,Food
FDU44,12.15,Regular,0.058142797,Fruits and Vegetables,162.1552,OUT027,Medium,Tier 3,Supermarket Type3,8.035165174,Food
DRM59,5.88,Low Fat,0.006289291,Hard Drinks,153.2998,OUT019,Small,Tier 1,Grocery Store,6.13642902,Drinks
FDT08,13.65,Low Fat,0.04929502,Fruits and Vegetables,150.505,OUT049,Medium,Tier 1,Supermarket Type1,7.90007699,Food
FDL46,20.35,Low Fat,0.054362695,Snack Foods,117.9466,OUT017,Small,Tier 2,Supermarket Type1,7.40904704,Food
NCV30,20.2,Non-Edible,0.110356797,Household,62.051,OUT010,Small,Tier 3,Grocery Store,4.848132051,Non-Consumable
FDP51,13.85,Regular,0.085274988,Meat,119.6124,OUT046,Small,Tier 1,Supermarket Type1,7.608727167,Food
FDA51,8.05,Regular,0.164542555,Dairy,112.2518,OUT013,High,Tier 3,Supermarket Type1,7.443533189,Food
FDM46,7.365,Low Fat,0.160292264,Snack Foods,94.712,OUT045,Small,Tier 2,Supermarket Type1,6.83853381,Food
FDK02,12.5,Low Fat,0.112859454,Canned,118.344,OUT017,Small,Tier 2,Supermarket Type1,7.677026113,Food
FDJ57,7.42,Regular,0.021569566,Seafood,184.8582,OUT035,Small,Tier 2,Supermarket Type1,8.443536963,Food
FDJ45,17.75,Low Fat,0.073055148,Seafood,33.7216,OUT027,Medium,Tier 3,Supermarket Type3,7.156176013,Food
NCB31,6.235,Non-Edible,0.119345629,Household,261.991,OUT017,Small,Tier 2,Supermarket Type1,7.769766789,Non-Consumable
FDJ03,12.35,Regular,0.072334667,Dairy,49.1692,OUT013,High,Tier 3,Supermarket Type1,6.788797854,Food
FDT50,6.75,Regular,0.108148913,Dairy,95.6752,OUT013,High,Tier 3,Supermarket Type1,6.866674918,Food
NCY41,16.75,Non-Edible,0.07585337,Health and Hygiene,36.8532,OUT049,Medium,Tier 1,Supermarket Type1,7.048822803,Non-Consumable
FDJ60,19.35,Regular,0.062655235,Baking Goods,163.3184,OUT045,Small,Tier 2,Supermarket Type1,7.879629959,Food
FDZ35,9.6,Regular,0.022278477,Breads,102.499,OUT046,Small,Tier 1,Supermarket Type1,7.345355157,Food
FDS21,19.85,Regular,0.020961192,Snack Foods,62.0194,OUT018,Medium,Tier 3,Supermarket Type2,6.430032332,Food
FDM52,15.1,Low Fat,0.025993423,Frozen Foods,147.4076,OUT046,Small,Tier 1,Supermarket Type1,7.940706425,Food
FDQ08,15.7,Regular,0.018838681,Fruits and Vegetables,62.9536,OUT027,Medium,Tier 3,Supermarket Type3,7.72638167,Food
FDQ56,6.59,Low Fat,0.105577348,Fruits and Vegetables,85.6908,OUT035,Small,Tier 2,Supermarket Type1,7.565528307,Food
FDS47,16.75,Low Fat,0.129086113,Breads,89.4856,OUT049,Medium,Tier 1,Supermarket Type1,6.961890372,Food
DRM48,15.2,Low Fat,0.113125627,Soft Drinks,38.6848,OUT045,Small,Tier 2,Supermarket Type1,7.053437747,Drinks
FDW46,13,Regular,0.070699313,Snack Foods,65.7484,OUT017,Small,Tier 2,Supermarket Type1,7.069424367,Food
FDW27,5.86,Regular,0.151467821,Meat,154.1314,OUT018,Medium,Tier 3,Supermarket Type2,8.135607917,Food
NCQ05,11.395,Non-Edible,0.03616416,Health and Hygiene,150.1708,OUT010,Small,Tier 3,Grocery Store,5.710233621,Non-Consumable
FDU40,20.85,Low Fat,0.062606583,Frozen Foods,192.2478,OUT010,Small,Tier 3,Grocery Store,5.962281844,Food
DRE12,4.59,Low Fat,0.0704378,Soft Drinks,112.886,OUT027,Medium,Tier 3,Supermarket Type3,7.987468772,Drinks
FDX35,5.035,Regular,0.079844043,Breads,226.3036,OUT013,High,Tier 3,Supermarket Type1,8.318660493,Food
FDD51,11.15,Low Fat,0.120139206,Dairy,45.0744,OUT049,Medium,Tier 1,Supermarket Type1,6.117533162,Food
FDY27,6.38,Low Fat,0.032028115,Dairy,178.3344,OUT018,Medium,Tier 3,Supermarket Type2,8.074904086,Food
NCN06,8.39,Non-Edible,0.120497266,Household,162.2868,OUT046,Small,Tier 1,Supermarket Type1,7.871535825,Non-Consumable
FDR57,5.675,Regular,0.023492524,Snack Foods,155.5288,OUT035,Small,Tier 2,Supermarket Type1,7.254997313,Food
FDL32,15.7,Regular,0.122657336,Fruits and Vegetables,110.1544,OUT049,Medium,Tier 1,Supermarket Type1,7.356893737,Food
FDW46,13,Regular,0.070588037,Snack Foods,65.9484,OUT018,Medium,Tier 3,Supermarket Type2,6.951747666,Food
NCO17,10,Non-Edible,0.073024401,Health and Hygiene,121.844,OUT027,Medium,Tier 3,Supermarket Type3,8.044608314,Non-Consumable
FDR19,13.5,Regular,0.159587755,Fruits and Vegetables,145.3102,OUT013,High,Tier 3,Supermarket Type1,6.593114395,Food
FDJ33,8.895,Regular,0.088821765,Snack Foods,125.173,OUT017,Small,Tier 2,Supermarket Type1,7.991981922,Food
FDB15,10.895,Low Fat,0.136810742,Dairy,263.0568,OUT046,Small,Tier 1,Supermarket Type1,6.269690047,Food
FDA52,16.2,Regular,0.128682722,Frozen Foods,178.437,OUT045,Small,Tier 2,Supermarket Type1,6.96566752,Food
FDZ08,12.5,Regular,0.109459733,Fruits and Vegetables,84.1592,OUT027,Medium,Tier 3,Supermarket Type3,7.18686108,Food
FDR27,15.1,Regular,0.096644015,Meat,131.9942,OUT017,Small,Tier 2,Supermarket Type1,8.022361185,Food
NCK42,7.475,Non-Edible,0.013120028,Household,217.6192,OUT046,Small,Tier 1,Supermarket Type1,7.453998393,Non-Consumable
FDZ12,9.17,Low Fat,0.116954919,Baking Goods,144.847,OUT019,Small,Tier 1,Grocery Store,4.970833612,Food
FDM60,10.8,Regular,0.048339408,Baking Goods,41.5138,OUT018,Medium,Tier 3,Supermarket Type2,6.104239061,Food
NCI31,20,Non-Edible,0.08165845,Others,35.019,OUT018,Medium,Tier 3,Supermarket Type2,6.374861263,Non-Consumable
FDX39,14.3,Regular,0.04975339,Meat,210.3586,OUT049,Medium,Tier 1,Supermarket Type1,8.753491123,Food
NCV05,10.1,Non-Edible,0.030379382,Health and Hygiene,153.4656,OUT017,Small,Tier 2,Supermarket Type1,7.525417417,Non-Consumable
FDX16,17.85,Low Fat,0.065810045,Frozen Foods,149.105,OUT046,Small,Tier 1,Supermarket Type1,7.717829573,Food
DRK12,9.5,Low Fat,0.04193089,Soft Drinks,32.89,OUT010,Small,Tier 3,Grocery Store,3.534853766,Drinks
NCA05,20.75,Non-Edible,0.025272781,Health and Hygiene,146.6734,OUT017,Small,Tier 2,Supermarket Type1,6.101260661,Non-Consumable
DRG51,12.1,Low Fat,0.019314961,Dairy,164.6526,OUT010,Small,Tier 3,Grocery Store,6.490435784,Drinks
NCR30,20.6,Non-Edible,0.071282168,Household,74.4696,OUT018,Medium,Tier 3,Supermarket Type2,5.414805342,Non-Consumable
NCE31,7.67,Non-Edible,0.184843579,Household,33.1216,OUT046,Small,Tier 1,Supermarket Type1,6.590374672,Non-Consumable
FDM56,16.7,Low Fat,0.122896411,Fruits and Vegetables,111.1912,OUT019,Small,Tier 1,Grocery Store,5.390816326,Food
FDP24,20.6,Low Fat,0.082935004,Baking Goods,119.5756,OUT013,High,Tier 3,Supermarket Type1,7.888658229,Food
DRM37,15.35,Low Fat,0.161350176,Soft Drinks,196.6768,OUT010,Small,Tier 3,Grocery Store,6.383895748,Drinks
FDN56,5.46,Regular,0.106968096,Fruits and Vegetables,142.6786,OUT013,High,Tier 3,Supermarket Type1,7.746152618,Food
DRE60,9.395,Low Fat,0.159582185,Soft Drinks,224.772,OUT049,Medium,Tier 1,Supermarket Type1,8.856309358,Drinks
FDW49,19.5,Low Fat,0.14453827,Canned,180.6002,OUT019,Small,Tier 1,Grocery Store,6.798499408,Food
FDM20,10,Low Fat,0.038685802,Fruits and Vegetables,243.8144,OUT046,Small,Tier 1,Supermarket Type1,8.445970751,Food
FDK15,10.8,Low Fat,0.172309903,Meat,98.2042,OUT019,Small,Tier 1,Grocery Store,5.295354983,Food
FDK48,7.445,Low Fat,0.037690731,Baking Goods,73.3354,OUT049,Medium,Tier 1,Supermarket Type1,6.114594153,Food
FDO49,10.6,Regular,0.05787008,Breakfast,49.7008,OUT019,Small,Tier 1,Grocery Store,3.943537176,Food
FDC09,15.5,Regular,0.026409147,Fruits and Vegetables,102.1332,OUT018,Medium,Tier 3,Supermarket Type2,6.423570288,Food
NCZ41,19.85,Non-Edible,0.064367627,Health and Hygiene,126.1704,OUT013,High,Tier 3,Supermarket Type1,6.776726809,Non-Consumable
FDP19,11.5,Low Fat,0.173516063,Fruits and Vegetables,128.1652,OUT046,Small,Tier 1,Supermarket Type1,7.805938576,Food
FDQ24,15.7,Low Fat,0.12898088,Baking Goods,250.4724,OUT019,Small,Tier 1,Grocery Store,5.532093788,Food
DRL11,10.5,Low Fat,0.048115543,Hard Drinks,159.0946,OUT045,Small,Tier 2,Supermarket Type1,8.31963444,Drinks
FDO36,19.7,Low Fat,0.077899109,Baking Goods,177.766,OUT035,Small,Tier 2,Supermarket Type1,7.90007699,Food
FDN52,12.87542024,Regular,0.13093275,Frozen Foods,86.9198,OUT027,Medium,Tier 3,Supermarket Type3,7.359439885,Food
FDF21,10.3,Regular,0.098464979,Fruits and Vegetables,188.653,OUT010,Small,Tier 3,Grocery Store,5.250979397,Food
FDU40,20.85,Low Fat,0.037372847,Frozen Foods,192.7478,OUT013,High,Tier 3,Supermarket Type1,8.039468568,Food
FDS51,13.35,Low Fat,0.032230526,Meat,61.4194,OUT049,Medium,Tier 1,Supermarket Type1,6.61208512,Food
FDE45,12.1,Low Fat,0.040357315,Fruits and Vegetables,177.8002,OUT046,Small,Tier 1,Supermarket Type1,7.385790196,Food
FDX50,20.1,Low Fat,0.07461309,Dairy,108.7228,OUT035,Small,Tier 2,Supermarket Type1,7.103939306,Food
NCN14,19.1,Non-Edible,0.160936178,Others,184.2608,OUT019,Small,Tier 1,Grocery Store,5.909499326,Non-Consumable
FDQ21,21.25,Low Fat,0.019502354,Snack Foods,120.8756,OUT018,Medium,Tier 3,Supermarket Type2,8.055654624,Food
FDV57,15.25,Regular,0.065577449,Snack Foods,181.766,OUT027,Medium,Tier 3,Supermarket Type3,8.90536374,Food
FDB44,6.655,Low Fat,0.016944719,Fruits and Vegetables,209.2586,OUT013,High,Tier 3,Supermarket Type1,7.991531522,Food
FDG52,13.65,Low Fat,0.065576228,Frozen Foods,47.7402,OUT013,High,Tier 3,Supermarket Type1,6.467951489,Food
FDL38,13.8,Regular,0.02579577,Canned,88.4172,OUT019,Small,Tier 1,Grocery Store,4.502220096,Food
NCS54,13.6,Non-Edible,0.010008699,Household,176.737,OUT049,Medium,Tier 1,Supermarket Type1,8.505370781,Non-Consumable
DRL37,15.5,Low Fat,0.053362086,Soft Drinks,41.577,OUT035,Small,Tier 2,Supermarket Type1,6.60219297,Drinks
FDA43,10.895,Low Fat,0.064621927,Fruits and Vegetables,196.6794,OUT013,High,Tier 3,Supermarket Type1,7.066020113,Food
FDZ39,19.7,Regular,0.018126724,Meat,101.799,OUT017,Small,Tier 2,Supermarket Type1,7.035434959,Food
FDG45,8.1,Low Fat,0.145460707,Fruits and Vegetables,211.8902,OUT018,Medium,Tier 3,Supermarket Type2,8.249058446,Food
FDH10,21,Low Fat,0.049263979,Snack Foods,195.0478,OUT013,High,Tier 3,Supermarket Type1,7.346643816,Food
FDO10,13.65,Regular,0.021343732,Snack Foods,58.3588,OUT010,Small,Tier 3,Grocery Store,4.749422899,Food
FDS35,9.3,Low Fat,0.110681931,Breads,63.2826,OUT027,Medium,Tier 3,Supermarket Type3,6.941501032,Food
FDI41,18.5,Regular,0.061955439,Frozen Foods,145.1418,OUT027,Medium,Tier 3,Supermarket Type3,8.425603159,Food
FDN21,18.6,Low Fat,0.076483451,Snack Foods,163.1236,OUT027,Medium,Tier 3,Supermarket Type3,7.790635649,Food
NCO18,13.15,Non-Edible,0.024701262,Household,176.8686,OUT045,Small,Tier 2,Supermarket Type1,7.665858019,Non-Consumable
FDB34,15.25,Low Fat,0.02671821,Snack Foods,85.2198,OUT018,Medium,Tier 3,Supermarket Type2,7.302318915,Food
FDD05,19.35,Low Fat,0.016597651,Frozen Foods,121.5098,OUT013,High,Tier 3,Supermarket Type1,7.970130601,Food
FDX59,10.195,Low Fat,0.0514111,Breads,33.0558,OUT027,Medium,Tier 3,Supermarket Type3,6.893370513,Food
FDZ23,17.75,Regular,0.112985849,Baking Goods,185.424,OUT010,Small,Tier 3,Grocery Store,6.615658141,Food
FDX27,20.7,Regular,0.11411709,Dairy,92.7436,OUT046,Small,Tier 1,Supermarket Type1,7.188873657,Food
FDV07,9.5,Low Fat,0.03130495,Fruits and Vegetables,110.4228,OUT017,Small,Tier 2,Supermarket Type1,7.344925234,Food
FDR14,11.65,Low Fat,0.175033524,Dairy,55.5298,OUT017,Small,Tier 2,Supermarket Type1,6.474133877,Food
FDO01,21.1,Regular,0.020760673,Breakfast,128.7994,OUT045,Small,Tier 2,Supermarket Type1,7.495537277,Food
FDO13,7.865,Low Fat,0.061405051,Breakfast,166.3526,OUT017,Small,Tier 2,Supermarket Type1,7.588035636,Food
FDU25,12.35,Low Fat,0.026676216,Canned,57.0246,OUT035,Small,Tier 2,Supermarket Type1,7.460914842,Food
NCK54,12.15,Non-Edible,0.029380407,Household,114.715,OUT027,Medium,Tier 3,Supermarket Type3,7.53114501,Non-Consumable
FDZ56,16.25,Low Fat,0.025715562,Fruits and Vegetables,168.1474,OUT013,High,Tier 3,Supermarket Type1,7.324507514,Food
NCL55,12.15,Non-Edible,0.065026434,Others,253.704,OUT017,Small,Tier 2,Supermarket Type1,8.529335178,Non-Consumable
FDD59,10.5,Regular,0.066315023,Starchy Foods,78.296,OUT045,Small,Tier 2,Supermarket Type1,7.677026113,Food
FDJ55,12.8,Regular,0.023664054,Meat,226.0404,OUT017,Small,Tier 2,Supermarket Type1,8.594518907,Food
FDA45,21.25,Low Fat,0.154627247,Snack Foods,177.637,OUT027,Medium,Tier 3,Supermarket Type3,8.60713389,Food
DRF23,4.61,Low Fat,0.205294827,Hard Drinks,172.8396,OUT010,Small,Tier 3,Grocery Store,5.167294824,Drinks
FDT49,7,Low Fat,0.152261999,Canned,105.728,OUT017,Small,Tier 2,Supermarket Type1,7.154096472,Food
NCO17,10,Non-Edible,0.082641652,Health and Hygiene,120.644,OUT035,Small,Tier 2,Supermarket Type1,7.559300995,Non-Consumable
FDH22,6.405,Low Fat,0.136275173,Snack Foods,128.1678,OUT035,Small,Tier 2,Supermarket Type1,6.925931486,Food
FDT34,9.3,Low Fat,0.174621343,Snack Foods,104.2964,OUT049,Medium,Tier 1,Supermarket Type1,7.600768251,Food
FDB39,11.6,Low Fat,0.038597077,Dairy,57.9272,OUT045,Small,Tier 2,Supermarket Type1,6.423570288,Food
FDQ22,16.75,Low Fat,0.029799965,Snack Foods,39.1822,OUT045,Small,Tier 2,Supermarket Type1,5.753390082,Food
NCN43,12.15,Non-Edible,0.011314423,Others,122.973,OUT010,Small,Tier 3,Grocery Store,4.821675755,Non-Consumable
FDG57,14.7,Low Fat,0.072410764,Fruits and Vegetables,48.2034,OUT049,Medium,Tier 1,Supermarket Type1,6.929195193,Food
FDR20,20,Regular,0.028118435,Fruits and Vegetables,46.7744,OUT035,Small,Tier 2,Supermarket Type1,7.10939634,Food
FDU22,12.35,Low Fat,0.163350221,Snack Foods,120.2124,OUT019,Small,Tier 1,Grocery Store,6.16341922,Food
NCC43,7.39,Non-Edible,0.093307713,Household,250.9066,OUT017,Small,Tier 2,Supermarket Type1,7.317902476,Non-Consumable
FDP01,20.75,Regular,0.105994654,Breakfast,150.5682,OUT010,Small,Tier 3,Grocery Store,6.637704851,Food
FDF52,9.3,Low Fat,0.067055339,Frozen Foods,184.2292,OUT018,Medium,Tier 3,Supermarket Type2,7.153055078,Food
FDZ33,10.195,Low Fat,0.107376743,Snack Foods,147.6076,OUT035,Small,Tier 2,Supermarket Type1,8.174247117,Food
FDP48,7.52,Regular,0.043810028,Baking Goods,181.395,OUT027,Medium,Tier 3,Supermarket Type3,8.706678196,Food
FDW56,7.68,Low Fat,0.118672537,Fruits and Vegetables,192.2162,OUT010,Small,Tier 3,Grocery Store,5.955403078,Food
FDC26,10.195,Low Fat,0.126897925,Canned,110.6886,OUT018,Medium,Tier 3,Supermarket Type2,7.109940409,Food
FDF34,9.3,Regular,0.014076503,Snack Foods,200.0084,OUT018,Medium,Tier 3,Supermarket Type2,7.688680892,Food
FDJ33,8.895,Regular,0.088305478,Snack Foods,123.473,OUT035,Small,Tier 2,Supermarket Type1,7.299172847,Food
FDD04,16,Low Fat,0.090153756,Dairy,143.2154,OUT045,Small,Tier 2,Supermarket Type1,7.257816198,Food
NCJ31,19.2,Non-Edible,0.182501773,Others,239.2196,OUT013,High,Tier 3,Supermarket Type1,8.52959825,Non-Consumable
FDO57,20.75,Low Fat,0.108710162,Snack Foods,161.7578,OUT046,Small,Tier 1,Supermarket Type1,7.968748909,Food
FDM36,11.65,Regular,0.058446424,Baking Goods,172.1422,OUT027,Medium,Tier 3,Supermarket Type3,8.615979214,Food
NCY05,13.5,Non-Edible,0.054990009,Health and Hygiene,35.2874,OUT046,Small,Tier 1,Supermarket Type1,6.609396951,Non-Consumable
FDS44,12.65,Regular,0.15528831,Fruits and Vegetables,241.7538,OUT027,Medium,Tier 3,Supermarket Type3,9.119807646,Food
FDZ39,19.7,Regular,0.018021361,Meat,101.199,OUT035,Small,Tier 2,Supermarket Type1,7.52756911,Food
NCM31,6.095,Non-Edible,0.0816559,Others,143.3154,OUT017,Small,Tier 2,Supermarket Type1,7.950610994,Non-Consumable
DRK11,8.21,Low Fat,0.010755465,Hard Drinks,150.8392,OUT013,High,Tier 3,Supermarket Type1,8.000947573,Drinks
FDO34,17.7,Low Fat,0.050111641,Snack Foods,165.9816,OUT010,Small,Tier 3,Grocery Store,5.128605571,Food
NCL30,18.1,Non-Edible,0.048931174,Household,127.3336,OUT035,Small,Tier 2,Supermarket Type1,7.048822803,Non-Consumable
FDK28,5.695,Low Fat,0.065960909,Frozen Foods,259.2646,OUT017,Small,Tier 2,Supermarket Type1,9.135285478,Food
DRJ39,20.25,Low Fat,0.036319195,Dairy,219.3482,OUT035,Small,Tier 2,Supermarket Type1,8.52498448,Drinks
NCP06,20.7,Non-Edible,0.039055756,Household,152.3366,OUT027,Medium,Tier 3,Supermarket Type3,7.657713891,Non-Consumable
FDE33,19.35,Regular,0.049395242,Fruits and Vegetables,80.3644,OUT027,Medium,Tier 3,Supermarket Type3,7.542502711,Food
FDZ44,8.185,Low Fat,0.038789271,Fruits and Vegetables,115.6808,OUT049,Medium,Tier 1,Supermarket Type1,6.556898803,Food
FDV46,18.2,Low Fat,0.012659235,Snack Foods,140.718,OUT018,Medium,Tier 3,Supermarket Type2,7.885156914,Food
NCO06,19.25,Non-Edible,0.108010006,Household,33.3558,OUT035,Small,Tier 2,Supermarket Type1,6.570983518,Non-Consumable
DRG03,14.5,Low Fat,0.061934991,Dairy,154.4998,OUT013,High,Tier 3,Supermarket Type1,7.434137942,Drinks
FDU37,9.5,Regular,0.104421237,Canned,80.196,OUT013,High,Tier 3,Supermarket Type1,7.677026113,Food
FDI57,19.85,Low Fat,0.053980686,Seafood,196.8768,OUT013,High,Tier 3,Supermarket Type1,7.848933102,Food
FDM45,8.655,Regular,0.088121336,Snack Foods,119.7756,OUT013,High,Tier 3,Supermarket Type1,7.6309394,Food
FDC26,10.195,Low Fat,0.126359196,Canned,109.2886,OUT035,Small,Tier 2,Supermarket Type1,7.196883705,Food
FDU14,17.75,Low Fat,0.034584356,Dairy,248.375,OUT027,Medium,Tier 3,Supermarket Type3,9.233829822,Food
FDB26,14,Regular,0.031267496,Canned,51.464,OUT046,Small,Tier 1,Supermarket Type1,6.541653182,Food
FDC29,8.39,Regular,0.024304264,Frozen Foods,114.0176,OUT018,Medium,Tier 3,Supermarket Type2,7.306349369,Food
FDY58,11.65,Low Fat,0.040144377,Snack Foods,228.9694,OUT017,Small,Tier 2,Supermarket Type1,8.798411307,Food
FDR59,14.5,Regular,0.063851475,Breads,260.4594,OUT035,Small,Tier 2,Supermarket Type1,8.052268737,Food
FDS03,7.825,Low Fat,0.079243005,Meat,65.8826,OUT027,Medium,Tier 3,Supermarket Type3,7.38744002,Food
FDR43,18.2,Low Fat,0.161355122,Fruits and Vegetables,38.319,OUT013,High,Tier 3,Supermarket Type1,6.374861263,Food
FDZ25,15.7,Regular,0.02748331,Canned,169.379,OUT027,Medium,Tier 3,Supermarket Type3,8.631183622,Food
NCN26,10.85,Non-Edible,0.028738058,Household,117.1808,OUT045,Small,Tier 2,Supermarket Type1,6.556898803,Non-Consumable
FDO38,17.25,Low Fat,0.073135768,Canned,77.2986,OUT018,Medium,Tier 3,Supermarket Type2,6.921344328,Food
FDP28,13.65,Regular,0.081096613,Frozen Foods,261.2936,OUT017,Small,Tier 2,Supermarket Type1,8.049721777,Food
FDG31,12.15,Low Fat,0.063430788,Meat,65.4826,OUT010,Small,Tier 3,Grocery Store,5.558102924,Food
FDI45,13.1,Low Fat,0.037549969,Fruits and Vegetables,176.1054,OUT013,High,Tier 3,Supermarket Type1,8.301130561,Food
NCS54,13.6,Non-Edible,0.016726506,Household,176.037,OUT010,Small,Tier 3,Grocery Store,5.868940918,Non-Consumable
FDE17,20.1,Regular,0.054565932,Frozen Foods,152.2366,OUT045,Small,Tier 2,Supermarket Type1,7.791186234,Food
NCG06,16.35,Non-Edible,0.029445361,Household,257.6646,OUT046,Small,Tier 1,Supermarket Type1,7.63158529,Non-Consumable
FDQ57,7.275,Low Fat,0.048932713,Snack Foods,144.476,OUT019,Small,Tier 1,Grocery Store,4.993665451,Food
NCB31,6.235,Non-Edible,0.118651919,Household,263.991,OUT035,Small,Tier 2,Supermarket Type1,8.344946156,Non-Consumable
NCP29,8.42,Non-Edible,0.112728355,Health and Hygiene,65.8168,OUT018,Medium,Tier 3,Supermarket Type2,6.723734359,Non-Consumable
NCX29,10,Non-Edible,0.156094569,Health and Hygiene,144.3102,OUT019,Small,Tier 1,Grocery Store,4.989140596,Non-Consumable
FDU37,9.5,Regular,0.104933928,Canned,78.796,OUT018,Medium,Tier 3,Supermarket Type2,7.08961006,Food
FDM02,12.5,Regular,0.12341737,Canned,86.0198,OUT010,Small,Tier 3,Grocery Store,4.479831428,Food
FDN16,12.6,Regular,0.062700289,Frozen Foods,102.199,OUT046,Small,Tier 1,Supermarket Type1,7.581608013,Food
FDR46,16.85,Low Fat,0.139417654,Snack Foods,147.476,OUT046,Small,Tier 1,Supermarket Type1,7.982935161,Food
FDE50,19.7,Regular,0.01612717,Canned,189.3556,OUT027,Medium,Tier 3,Supermarket Type3,7.720491508,Food
FDL52,6.635,Regular,0.077145553,Frozen Foods,39.8506,OUT010,Small,Tier 3,Grocery Store,4.342521481,Food
FDQ49,20.2,Regular,0.039215075,Breakfast,157.663,OUT013,High,Tier 3,Supermarket Type1,7.692333306,Food
FDI14,14.1,Low Fat,0.089859642,Canned,140.2496,OUT045,Small,Tier 2,Supermarket Type1,7.435317187,Food
FDS16,15.15,Regular,0.066121873,Frozen Foods,145.676,OUT013,High,Tier 3,Supermarket Type1,8.206010462,Food
FDU15,13.65,Regular,0.026643448,Meat,37.9532,OUT049,Medium,Tier 1,Supermarket Type1,6.761430166,Food
NCG43,20.2,Non-Edible,0.073879939,Household,94.0462,OUT027,Medium,Tier 3,Supermarket Type3,7.523980378,Non-Consumable
FDR23,15.85,Low Fat,0.08139146,Breads,177.837,OUT027,Medium,Tier 3,Supermarket Type3,8.756640236,Food
FDS52,8.89,Low Fat,0.005448005,Frozen Foods,102.1016,OUT027,Medium,Tier 3,Supermarket Type3,8.172744911,Food
NCP18,12.15,Non-Edible,0.028714747,Household,151.9708,OUT018,Medium,Tier 3,Supermarket Type2,8.192099746,Non-Consumable
DRF23,4.61,Low Fat,0.122058364,Hard Drinks,172.8396,OUT027,Medium,Tier 3,Supermarket Type3,8.875290427,Drinks
FDO09,13.5,Regular,0.125528734,Snack Foods,262.191,OUT045,Small,Tier 2,Supermarket Type1,8.707779336,Food
FDB40,17.5,Regular,0.007555176,Dairy,145.9102,OUT045,Small,Tier 2,Supermarket Type1,7.690813088,Food
DRK37,5,Low Fat,0.077046505,Soft Drinks,189.453,OUT019,Small,Tier 1,Grocery Store,6.633334223,Drinks
DRN11,7.85,Low Fat,0.162980276,Hard Drinks,145.2444,OUT046,Small,Tier 1,Supermarket Type1,7.281002934,Drinks
FDE22,9.695,Low Fat,0.029632784,Snack Foods,159.692,OUT045,Small,Tier 2,Supermarket Type1,6.866674918,Food
FDF04,17.5,Low Fat,0.013634468,Frozen Foods,256.4304,OUT035,Small,Tier 2,Supermarket Type1,7.500702384,Food
FDE41,9.195,Regular,0.064376263,Frozen Foods,83.1566,OUT017,Small,Tier 2,Supermarket Type1,7.003279799,Food
FDW08,12.1,Low Fat,0.147663025,Fruits and Vegetables,106.028,OUT027,Medium,Tier 3,Supermarket Type3,7.502173241,Food
NCD54,21.1,Non-Edible,0.029003459,Household,143.4786,OUT035,Small,Tier 2,Supermarket Type1,7.746152618,Non-Consumable
FDZ33,10.195,Low Fat,0.107834541,Snack Foods,146.5076,OUT018,Medium,Tier 3,Supermarket Type2,7.193887451,Food
FDO23,17.85,Low Fat,0.146399663,Breads,93.8436,OUT035,Small,Tier 2,Supermarket Type1,7.257816198,Food
FDN34,15.6,Regular,0.04575559,Snack Foods,167.1132,OUT035,Small,Tier 2,Supermarket Type1,7.964129432,Food
FDL39,16.1,Regular,0.063278652,Dairy,182.1318,OUT013,High,Tier 3,Supermarket Type1,7.760728461,Food
FDT28,13.3,Low Fat,0.063664998,Frozen Foods,151.6708,OUT049,Medium,Tier 1,Supermarket Type1,8.272121159,Food
FDH33,12.85,Low Fat,0.122221269,Snack Foods,45.9428,OUT018,Medium,Tier 3,Supermarket Type2,7.15096903,Food
FDA34,11.5,Low Fat,0.014944614,Starchy Foods,171.808,OUT017,Small,Tier 2,Supermarket Type1,8.650598276,Food
FDZ56,16.25,Low Fat,0.025732114,Fruits and Vegetables,166.4474,OUT035,Small,Tier 2,Supermarket Type1,8.592544938,Food
DRH23,14.65,Low Fat,0.171281641,Hard Drinks,54.0614,OUT017,Small,Tier 2,Supermarket Type1,7.057458426,Drinks
NCO18,13.15,Non-Edible,0.024646608,Household,177.4686,OUT035,Small,Tier 2,Supermarket Type1,8.614651354,Non-Consumable
DRG27,8.895,Low Fat,0.124935979,Dairy,42.0138,OUT018,Medium,Tier 3,Supermarket Type2,6.344922422,Drinks
FDM28,15.7,Low Fat,0.075661985,Frozen Foods,181.366,OUT010,Small,Tier 3,Grocery Store,5.197203377,Food
NCY41,16.75,Non-Edible,0.126765903,Health and Hygiene,35.7532,OUT010,Small,Tier 3,Grocery Store,4.975441874,Non-Consumable
FDD21,10.3,Regular,0.030563449,Fruits and Vegetables,114.4176,OUT035,Small,Tier 2,Supermarket Type1,7.876602331,Food
FDD44,8.05,Regular,0.078522357,Fruits and Vegetables,257.1646,OUT049,Medium,Tier 1,Supermarket Type1,8.729874265,Food
FDP16,18.6,Low Fat,0.039294854,Frozen Foods,246.6802,OUT046,Small,Tier 1,Supermarket Type1,7.902295925,Food
FDQ37,20.75,Low Fat,0.089260667,Breakfast,193.4478,OUT046,Small,Tier 1,Supermarket Type1,8.485639571,Food
NCY05,13.5,Non-Edible,0.05510153,Health and Hygiene,37.0874,OUT045,Small,Tier 2,Supermarket Type1,6.860411858,Non-Consumable
NCE07,8.18,Non-Edible,0.013127548,Household,142.0154,OUT035,Small,Tier 2,Supermarket Type1,7.594087088,Non-Consumable
DRI51,17.25,Low Fat,0.042233642,Dairy,173.3764,OUT035,Small,Tier 2,Supermarket Type1,7.63158529,Drinks
NCI31,20,Non-Edible,0.081492092,Others,35.519,OUT045,Small,Tier 2,Supermarket Type1,6.93374656,Non-Consumable
FDK60,16.5,Regular,0.094034464,Baking Goods,96.2068,OUT046,Small,Tier 1,Supermarket Type1,8.011159667,Food
FDY12,9.8,Regular,0.14061104,Baking Goods,49.8008,OUT046,Small,Tier 1,Supermarket Type1,6.697790505,Food
FDO38,17.25,Low Fat,0.072952298,Canned,76.0986,OUT049,Medium,Tier 1,Supermarket Type1,6.436452887,Food
FDP11,15.85,Low Fat,0.069087481,Breads,218.7166,OUT035,Small,Tier 2,Supermarket Type1,6.993550333,Food
FDC21,14.6,Regular,0.075215349,Fruits and Vegetables,108.4254,OUT019,Small,Tier 1,Grocery Store,5.384728063,Food
NCF54,18,Non-Edible,0.047645037,Household,172.6422,OUT017,Small,Tier 2,Supermarket Type1,7.983616514,Non-Consumable
FDC35,7.435,Low Fat,0.122242847,Starchy Foods,207.5638,OUT027,Medium,Tier 3,Supermarket Type3,8.424288907,Food
FDV43,16,Low Fat,0.076975118,Fruits and Vegetables,46.2086,OUT049,Medium,Tier 1,Supermarket Type1,6.197857792,Food
DRE12,4.59,Low Fat,0.070890602,Soft Drinks,111.686,OUT049,Medium,Tier 1,Supermarket Type1,7.368720686,Drinks
DRE27,11.85,Low Fat,0.132560174,Dairy,97.2726,OUT013,High,Tier 3,Supermarket Type1,6.66438453,Drinks
DRC36,13,Regular,0.044767032,Soft Drinks,173.7054,OUT027,Medium,Tier 3,Supermarket Type3,8.662068681,Drinks
FDZ38,17.6,Low Fat,0.007962273,Dairy,174.0422,OUT027,Medium,Tier 3,Supermarket Type3,8.551452772,Food
NCW42,18.2,Non-Edible,0.058799705,Household,220.7456,OUT017,Small,Tier 2,Supermarket Type1,8.394327461,Non-Consumable
NCZ18,7.825,Non-Edible,0.186445212,Household,255.5698,OUT045,Small,Tier 2,Supermarket Type1,7.328449697,Non-Consumable
FDL13,13.85,Regular,0.098606543,Breakfast,232.73,OUT019,Small,Tier 1,Grocery Store,6.83853381,Food
NCN18,8.895,Non-Edible,0.125222705,Household,113.3544,OUT018,Medium,Tier 3,Supermarket Type2,6.915415465,Non-Consumable
FDI41,18.5,Regular,0.062609071,Frozen Foods,148.6418,OUT017,Small,Tier 2,Supermarket Type1,7.476869584,Food
FDV22,14.85,Regular,0.009930514,Snack Foods,157.463,OUT013,High,Tier 3,Supermarket Type1,7.825807658,Food
NCB43,20.2,Non-Edible,0.099428487,Household,187.8898,OUT027,Medium,Tier 3,Supermarket Type3,8.895287404,Non-Consumable
FDQ46,7.51,Low Fat,0.103793399,Snack Foods,110.1544,OUT035,Small,Tier 2,Supermarket Type1,7.895624295,Food
FDC44,15.6,Low Fat,0.172666259,Fruits and Vegetables,111.9518,OUT049,Medium,Tier 1,Supermarket Type1,7.679798756,Food
FDB22,8.02,Low Fat,0.111419588,Snack Foods,154.3998,OUT035,Small,Tier 2,Supermarket Type1,8.12698971,Food
FDV23,11,Low Fat,0.106051405,Breads,124.4046,OUT045,Small,Tier 2,Supermarket Type1,7.715160534,Food
FDK10,5.785,Regular,0.04016342,Snack Foods,181.166,OUT027,Medium,Tier 3,Supermarket Type3,8.13638772,Food
FDF05,17.5,Low Fat,0.026925385,Frozen Foods,264.391,OUT045,Small,Tier 2,Supermarket Type1,8.568042187,Food
FDL33,7.235,Low Fat,0.099962524,Snack Foods,193.8452,OUT046,Small,Tier 1,Supermarket Type1,7.579909644,Food
FDD20,14.15,Low Fat,0.020614212,Fruits and Vegetables,126.4046,OUT027,Medium,Tier 3,Supermarket Type3,8.585729548,Food
NCM54,17.7,Non-Edible,0.050692386,Household,125.6678,OUT027,Medium,Tier 3,Supermarket Type3,8.48330055,Non-Consumable
FDW48,18,Low Fat,0.008589133,Baking Goods,81.0618,OUT017,Small,Tier 2,Supermarket Type1,7.280085714,Food
DRF36,16.1,Low Fat,0.023673342,Soft Drinks,189.0846,OUT018,Medium,Tier 3,Supermarket Type2,8.585107658,Drinks
NCM06,7.475,Non-Edible,0.075881475,Household,155.2656,OUT045,Small,Tier 2,Supermarket Type1,7.984751072,Non-Consumable
NCA54,16.5,Non-Edible,0.061330521,Household,178.7318,OUT010,Small,Tier 3,Grocery Store,5.891267345,Non-Consumable
FDT46,11.35,Low Fat,0.030869612,Snack Foods,49.8008,OUT045,Small,Tier 2,Supermarket Type1,6.56443533,Food
FDH20,16.1,Regular,0.024944396,Fruits and Vegetables,95.441,OUT035,Small,Tier 2,Supermarket Type1,7.705912264,Food
FDT38,18.7,Low Fat,0.057654132,Dairy,83.1566,OUT045,Small,Tier 2,Supermarket Type1,7.38248236,Food
NCI17,8.645,Non-Edible,0.143713508,Health and Hygiene,96.641,OUT045,Small,Tier 2,Supermarket Type1,6.768342626,Non-Consumable
FDO40,17.1,Low Fat,0.032812669,Frozen Foods,147.1392,OUT017,Small,Tier 2,Supermarket Type1,7.713377209,Food
FDP12,9.8,Regular,0.045266806,Baking Goods,36.9874,OUT046,Small,Tier 1,Supermarket Type1,6.560674167,Food
FDI44,16.1,Low Fat,0.099747488,Fruits and Vegetables,75.2328,OUT027,Medium,Tier 3,Supermarket Type3,7.343203695,Food
FDB21,7.475,Low Fat,0.148950161,Fruits and Vegetables,242.9854,OUT027,Medium,Tier 3,Supermarket Type3,8.819989151,Food
FDG16,15.25,Low Fat,0.089742065,Frozen Foods,213.7192,OUT013,High,Tier 3,Supermarket Type1,6.984342176,Food
NCZ42,10.5,Non-Edible,0.011351778,Household,236.5248,OUT017,Small,Tier 2,Supermarket Type1,8.301626265,Non-Consumable
NCJ30,5.82,Non-Edible,0.081096613,Household,170.379,OUT017,Small,Tier 2,Supermarket Type1,6.927238247,Non-Consumable
FDV49,10,Low Fat,0.025827199,Canned,263.2226,OUT046,Small,Tier 1,Supermarket Type1,8.216497853,Food
NCO43,5.5,Non-Edible,0.047202978,Others,103.1016,OUT045,Small,Tier 2,Supermarket Type1,7.613340782,Non-Consumable
NCF18,18.35,Non-Edible,0.148938624,Household,191.9504,OUT010,Small,Tier 3,Grocery Store,6.643791816,Non-Consumable
NCX41,19,Non-Edible,0.020407388,Health and Hygiene,211.0244,OUT010,Small,Tier 3,Grocery Store,7.301870082,Non-Consumable
FDY11,6.71,Regular,0.029535852,Baking Goods,67.5142,OUT013,High,Tier 3,Supermarket Type1,6.387262748,Food
FDU46,10.3,Regular,0.011143599,Snack Foods,88.254,OUT049,Medium,Tier 1,Supermarket Type1,7.026606189,Food
NCI18,18.35,Non-Edible,0.014045832,Household,222.7746,OUT049,Medium,Tier 1,Supermarket Type1,7.359863613,Non-Consumable
FDL38,13.8,Regular,0.014730322,Canned,90.9172,OUT035,Small,Tier 2,Supermarket Type1,7.669594592,Food
FDY60,10.5,Regular,0.026520107,Baking Goods,144.8128,OUT017,Small,Tier 2,Supermarket Type1,7.677026113,Food
FDF53,20.75,Regular,0.083736551,Frozen Foods,178.7318,OUT049,Medium,Tier 1,Supermarket Type1,8.140083502,Food
NCM05,6.825,Non-Edible,0.059557164,Health and Hygiene,263.7226,OUT027,Medium,Tier 3,Supermarket Type3,8.835412364,Non-Consumable
FDR13,9.895,Regular,0.028837829,Canned,117.8492,OUT018,Medium,Tier 3,Supermarket Type2,7.317902476,Food
FDA49,19.7,Low Fat,0.113669629,Canned,89.0198,OUT019,Small,Tier 1,Grocery Store,5.167294824,Food
FDY52,6.365,Low Fat,0.012865901,Frozen Foods,59.3536,OUT019,Small,Tier 1,Grocery Store,4.816299454,Food
FDL02,20,Regular,0.182236555,Canned,107.1622,OUT019,Small,Tier 1,Grocery Store,5.359997431,Food
FDO24,11.1,Low Fat,0.176069023,Baking Goods,156.7604,OUT013,High,Tier 3,Supermarket Type1,7.550937125,Food
FDM08,10.1,Regular,0.053574075,Fruits and Vegetables,223.7088,OUT035,Small,Tier 2,Supermarket Type1,7.895624295,Food
FDJ02,17.2,Regular,0.044063785,Canned,147.2418,OUT019,Small,Tier 1,Grocery Store,5.68793625,Food
FDW40,14,Regular,0.105573769,Frozen Foods,143.9812,OUT018,Medium,Tier 3,Supermarket Type2,7.039528527,Food
FDT46,11.35,Low Fat,0.030657949,Snack Foods,50.5008,OUT027,Medium,Tier 3,Supermarket Type3,6.920687299,Food
FDY08,9.395,Regular,0.172042892,Fruits and Vegetables,139.9838,OUT017,Small,Tier 2,Supermarket Type1,7.584657827,Food
FDM21,20.2,Low Fat,0.064052392,Snack Foods,256.1646,OUT027,Medium,Tier 3,Supermarket Type3,8.919088388,Food
FDH26,19.25,Regular,0.034531702,Canned,142.2496,OUT027,Medium,Tier 3,Supermarket Type3,7.783450324,Food
NCM42,6.13,Non-Edible,0.028365524,Household,110.0912,OUT049,Medium,Tier 1,Supermarket Type1,7.401761039,Non-Consumable
FDW13,8.5,Low Fat,0.097866209,Canned,51.1324,OUT035,Small,Tier 2,Supermarket Type1,7.208779745,Food
FDN04,11.8,Regular,0.01401884,Frozen Foods,178.1344,OUT027,Medium,Tier 3,Supermarket Type3,8.2290103,Food
NCD07,9.1,Non-Edible,0.055448768,Household,114.4518,OUT046,Small,Tier 1,Supermarket Type1,7.374582118,Non-Consumable
FDB34,15.25,Low Fat,0.044539371,Snack Foods,85.3198,OUT010,Small,Tier 3,Grocery Store,5.570858136,Food
FDD09,13.5,Low Fat,0.021526135,Fruits and Vegetables,179.9976,OUT013,High,Tier 3,Supermarket Type1,8.495077472,Food
DRH59,10.8,Low Fat,0.078119533,Hard Drinks,72.338,OUT049,Medium,Tier 1,Supermarket Type1,6.692850198,Drinks
DRN36,15.2,Low Fat,0.050168354,Soft Drinks,95.3752,OUT035,Small,Tier 2,Supermarket Type1,7.271792654,Drinks
DRA24,19.35,Regular,0.040154087,Soft Drinks,164.6868,OUT017,Small,Tier 2,Supermarket Type1,7.045347565,Drinks
FDY36,12.3,Low Fat,0.009364957,Baking Goods,74.238,OUT027,Medium,Tier 3,Supermarket Type3,7.067156152,Food
FDG34,11.5,Regular,0.037539164,Snack Foods,106.9254,OUT013,High,Tier 3,Supermarket Type1,8.01951779,Food
FDK43,9.8,Low Fat,0.026992588,Meat,127.302,OUT017,Small,Tier 2,Supermarket Type1,7.731068947,Food
NCM06,7.475,Non-Edible,0.076156245,Household,156.4656,OUT017,Small,Tier 2,Supermarket Type1,7.605418646,Non-Consumable
FDK22,9.8,Low Fat,0.026192765,Snack Foods,215.685,OUT018,Medium,Tier 3,Supermarket Type2,6.477210796,Food
FDF21,10.3,Regular,0.058542509,Fruits and Vegetables,188.353,OUT027,Medium,Tier 3,Supermarket Type3,8.381446547,Food
FDO33,14.75,Low Fat,0.089686322,Snack Foods,115.3518,OUT018,Medium,Tier 3,Supermarket Type2,7.508035134,Food
NCO43,5.5,Non-Edible,0.047364617,Others,100.0016,OUT017,Small,Tier 2,Supermarket Type1,6.56443533,Non-Consumable
FDX15,17.2,Low Fat,0.156269303,Meat,159.6578,OUT035,Small,Tier 2,Supermarket Type1,8.022797914,Food
FDS10,19.2,Low Fat,0.035185588,Snack Foods,181.3318,OUT046,Small,Tier 1,Supermarket Type1,7.275486951,Food
FDD46,6.035,Low Fat,0.247321039,Snack Foods,152.3998,OUT019,Small,Tier 1,Grocery Store,5.042132669,Food
FDV22,14.85,Regular,0.009979271,Snack Foods,155.763,OUT018,Medium,Tier 3,Supermarket Type2,8.048871347,Food
NCR29,7.565,Non-Edible,0.054863459,Health and Hygiene,58.393,OUT018,Medium,Tier 3,Supermarket Type2,6.235071292,Non-Consumable
FDU34,18.25,Low Fat,0.075620262,Snack Foods,123.8046,OUT017,Small,Tier 2,Supermarket Type1,8.156833983,Food
FDZ35,9.6,Regular,0.02236923,Breads,104.799,OUT018,Medium,Tier 3,Supermarket Type2,7.202353629,Food
FDA26,7.855,Regular,0.073906461,Dairy,218.4482,OUT035,Small,Tier 2,Supermarket Type1,8.480541738,Food
FDP38,10.1,Low Fat,0.032283676,Canned,52.2008,OUT017,Small,Tier 2,Supermarket Type1,6.633334223,Food
FDT22,10.395,Low Fat,0.11207602,Snack Foods,58.022,OUT035,Small,Tier 2,Supermarket Type1,6.492454963,Food
FDA50,16.25,Low Fat,0.087668236,Dairy,94.941,OUT017,Small,Tier 2,Supermarket Type1,7.460914842,Food
FDY10,17.6,Low Fat,0.049067877,Snack Foods,115.6176,OUT046,Small,Tier 1,Supermarket Type1,7.832167819,Food
FDC09,15.5,Regular,0.026355345,Fruits and Vegetables,100.8332,OUT045,Small,Tier 2,Supermarket Type1,7.338886834,Food
FDT19,7.59,Regular,0.145631695,Fruits and Vegetables,172.808,OUT018,Medium,Tier 3,Supermarket Type2,7.719309301,Food
FDO34,17.7,Low Fat,0.029793955,Snack Foods,167.2816,OUT027,Medium,Tier 3,Supermarket Type3,8.649198941,Food
NCV54,11.1,Non-Edible,0.033160417,Household,119.6124,OUT049,Medium,Tier 1,Supermarket Type1,7.719900579,Non-Consumable
FDH57,10.895,Low Fat,0.035574413,Fruits and Vegetables,131.4284,OUT027,Medium,Tier 3,Supermarket Type3,8.595258142,Food
FDA28,16.1,Regular,0.047801883,Frozen Foods,127.4362,OUT046,Small,Tier 1,Supermarket Type1,7.725794213,Food
FDB05,5.155,Low Fat,0.083198341,Frozen Foods,246.0776,OUT046,Small,Tier 1,Supermarket Type1,6.899431129,Food
FDK45,11.65,Low Fat,0.059281315,Seafood,111.586,OUT019,Small,Tier 1,Grocery Store,5.830585449,Food
DRH01,17.5,Low Fat,0.171417316,Soft Drinks,173.0738,OUT019,Small,Tier 1,Grocery Store,5.853774806,Drinks
FDY52,6.365,Low Fat,0.007348286,Frozen Foods,62.8536,OUT046,Small,Tier 1,Supermarket Type1,6.681227006,Food
FDR48,11.65,Low Fat,0.146350166,Baking Goods,152.6024,OUT035,Small,Tier 2,Supermarket Type1,5.719015199,Food
FDY15,18.25,Regular,0.170795745,Dairy,154.463,OUT035,Small,Tier 2,Supermarket Type1,7.692333306,Food
FDM51,11.8,Regular,0.025966531,Meat,102.2674,OUT049,Medium,Tier 1,Supermarket Type1,7.802134743,Food
FDR43,18.2,Low Fat,0.161489509,Fruits and Vegetables,37.619,OUT046,Small,Tier 1,Supermarket Type1,5.905879425,Food
FDW09,13.65,Regular,0.025899245,Snack Foods,81.1302,OUT013,High,Tier 3,Supermarket Type1,6.676203981,Food
FDV44,8.365,Regular,0.039906377,Fruits and Vegetables,191.3188,OUT049,Medium,Tier 1,Supermarket Type1,7.447033773,Food
DRH37,17.6,Low Fat,0.072864869,Soft Drinks,165.2526,OUT019,Small,Tier 1,Grocery Store,6.713275712,Drinks
FDZ47,20.7,Regular,0.079419755,Baking Goods,99.8042,OUT049,Medium,Tier 1,Supermarket Type1,7.305902342,Food
NCP43,17.75,Non-Edible,0.03050705,Others,180.366,OUT046,Small,Tier 1,Supermarket Type1,7.757033178,Non-Consumable
FDL26,18,Low Fat,0.073490977,Canned,157.3972,OUT018,Medium,Tier 3,Supermarket Type2,6.659275971,Food
DRM35,9.695,Low Fat,0.070843019,Hard Drinks,177.7344,OUT017,Small,Tier 2,Supermarket Type1,7.38206811,Drinks
FDM39,6.42,Low Fat,0.053688479,Dairy,178.3002,OUT018,Medium,Tier 3,Supermarket Type2,7.753324188,Food
DRD15,10.6,Low Fat,0.056911107,Dairy,233.9642,OUT045,Small,Tier 2,Supermarket Type1,8.221163629,Drinks
NCK06,5.03,Non-Edible,0.014472516,Household,122.0756,OUT010,Small,Tier 3,Grocery Store,4.805459354,Non-Consumable
FDV04,7.825,Regular,0.150319469,Frozen Foods,156.9288,OUT045,Small,Tier 2,Supermarket Type1,7.360287162,Food
FDG46,8.63,Regular,0.032750291,Snack Foods,112.1518,OUT027,Medium,Tier 3,Supermarket Type3,8.585232067,Food
FDO19,17.7,Regular,0.016622448,Fruits and Vegetables,50.2034,OUT049,Medium,Tier 1,Supermarket Type1,7.062604229,Food
NCN05,8.235,Non-Edible,0.014482153,Health and Hygiene,182.295,OUT049,Medium,Tier 1,Supermarket Type1,8.206010462,Non-Consumable
DRA12,11.6,Low Fat,0.047934266,Soft Drinks,141.6154,OUT045,Small,Tier 2,Supermarket Type1,8.250624207,Drinks
FDJ02,17.2,Regular,0.025205909,Canned,149.1418,OUT049,Medium,Tier 1,Supermarket Type1,7.071687449,Food
NCK17,11,Non-Edible,0.037971697,Health and Hygiene,38.948,OUT045,Small,Tier 2,Supermarket Type1,6.254451694,Non-Consumable
FDO58,19.6,Low Fat,0.039544237,Snack Foods,163.6526,OUT013,High,Tier 3,Supermarket Type1,7.049400838,Food
FDB22,8.02,Low Fat,0.111613921,Snack Foods,152.6998,OUT049,Medium,Tier 1,Supermarket Type1,8.12698971,Food
FDG33,5.365,Regular,0.140524691,Seafood,172.7764,OUT045,Small,Tier 2,Supermarket Type1,7.711590698,Food
FDK58,11.35,Regular,0.045073782,Snack Foods,101.9016,OUT045,Small,Tier 2,Supermarket Type1,7.875591082,Food
DRH49,19.7,Low Fat,0.043168763,Soft Drinks,82.8592,OUT019,Small,Tier 1,Grocery Store,5.112700787,Drinks
FDT43,16.35,Low Fat,0.020547951,Fruits and Vegetables,51.2324,OUT046,Small,Tier 1,Supermarket Type1,6.349587143,Food
NCR38,17.25,Non-Edible,0.113694957,Household,253.4724,OUT049,Medium,Tier 1,Supermarket Type1,8.706347618,Non-Consumable
DRI39,13.8,Low Fat,0.097043739,Dairy,57.493,OUT035,Small,Tier 2,Supermarket Type1,7.214675113,Drinks
NCZ05,8.485,Non-Edible,0.058121214,Health and Hygiene,104.499,OUT035,Small,Tier 2,Supermarket Type1,7.122372988,Non-Consumable
FDU21,11.8,Regular,0.07665661,Snack Foods,32.3558,OUT013,High,Tier 3,Supermarket Type1,5.140370323,Food
NCP54,15.35,Non-Edible,0.035204319,Household,122.873,OUT049,Medium,Tier 1,Supermarket Type1,7.94943701,Non-Consumable
NCX29,10,Non-Edible,0.089333332,Health and Hygiene,145.6102,OUT045,Small,Tier 2,Supermarket Type1,7.873058474,Non-Consumable
FDV01,19.2,Regular,0.109285892,Canned,153.3314,OUT017,Small,Tier 2,Supermarket Type1,8.08910185,Food
NCS17,18.6,Non-Edible,0.080956792,Health and Hygiene,95.2436,OUT017,Small,Tier 2,Supermarket Type1,7.494056619,Non-Consumable
NCN07,18.5,Non-Edible,0.03391645,Others,130.9284,OUT013,High,Tier 3,Supermarket Type1,7.447033773,Non-Consumable
FDB14,20.25,Regular,0.102704495,Canned,94.312,OUT035,Small,Tier 2,Supermarket Type1,8.000947573,Food
NCJ18,12.35,Non-Edible,0.163910938,Household,119.2124,OUT035,Small,Tier 2,Supermarket Type1,7.17367966,Non-Consumable
FDF57,14.5,Regular,0.058827383,Fruits and Vegetables,172.2448,OUT046,Small,Tier 1,Supermarket Type1,7.971969893,Food
DRG01,14.8,Low Fat,0.044840933,Soft Drinks,78.367,OUT013,High,Tier 3,Supermarket Type1,6.824160604,Drinks
FDA02,14,Regular,0.029843736,Dairy,143.9786,OUT018,Medium,Tier 3,Supermarket Type2,6.766043777,Food
DRJ37,10.8,Low Fat,0.061446997,Soft Drinks,150.4024,OUT017,Small,Tier 2,Supermarket Type1,7.967365305,Drinks
NCP55,14.65,Non-Edible,0.011180713,Others,53.8614,OUT013,High,Tier 3,Supermarket Type1,5.402882766,Non-Consumable
FDW45,18,Low Fat,0.038822077,Snack Foods,147.7418,OUT027,Medium,Tier 3,Supermarket Type3,7.389909663,Food
FDK38,6.65,Low Fat,0.053397989,Canned,149.3734,OUT045,Small,Tier 2,Supermarket Type1,5.696914947,Food
NCZ30,6.59,Non-Edible,0.043828293,Household,121.4098,OUT010,Small,Tier 3,Grocery Store,5.489018715,Non-Consumable
FDK08,9.195,Regular,0.214139786,Fruits and Vegetables,102.4016,OUT019,Small,Tier 1,Grocery Store,5.315190216,Food
DRY23,9.395,Regular,0.109075742,Soft Drinks,42.9112,OUT035,Small,Tier 2,Supermarket Type1,6.057046274,Drinks
FDT31,19.75,Low Fat,0.012448294,Fruits and Vegetables,188.2872,OUT046,Small,Tier 1,Supermarket Type1,7.881643297,Food
FDU52,7.56,Low Fat,0.064030636,Frozen Foods,154.463,OUT018,Medium,Tier 3,Supermarket Type2,7.825807658,Food
NCG19,20.25,Non-Edible,0.14781046,Household,234.8616,OUT013,High,Tier 3,Supermarket Type1,7.942127384,Non-Consumable
NCR30,20.6,Non-Edible,0.071136948,Household,76.3696,OUT045,Small,Tier 2,Supermarket Type1,5.923849298,Non-Consumable
FDN23,6.575,Regular,0.07566089,Breads,145.4444,OUT045,Small,Tier 2,Supermarket Type1,7.868483554,Food
FDQ01,19.7,Regular,0.16102755,Canned,254.1014,OUT045,Small,Tier 2,Supermarket Type1,8.48591439,Food
FDO22,13.5,Regular,0.029893094,Snack Foods,81.096,OUT010,Small,Tier 3,Grocery Store,5.080111604,Food
DRE13,6.28,Low Fat,0.027761289,Soft Drinks,85.8198,OUT045,Small,Tier 2,Supermarket Type1,6.772162334,Drinks
FDL44,18.25,Low Fat,0.012272797,Fruits and Vegetables,160.2894,OUT035,Small,Tier 2,Supermarket Type1,8.082336759,Food
FDT34,9.3,Low Fat,0.174317307,Snack Foods,106.7964,OUT035,Small,Tier 2,Supermarket Type1,6.736458169,Food
DRM23,16.6,Low Fat,0.135707553,Hard Drinks,170.6422,OUT035,Small,Tier 2,Supermarket Type1,7.230228268,Drinks
FDF32,16.35,Low Fat,0.068219025,Fruits and Vegetables,198.9426,OUT045,Small,Tier 2,Supermarket Type1,8.177618852,Food
NCE18,10,Non-Edible,0.021468792,Household,251.675,OUT045,Small,Tier 2,Supermarket Type1,8.353608989,Non-Consumable
FDA51,8.05,Regular,0.163882129,Dairy,113.2518,OUT027,Medium,Tier 3,Supermarket Type3,8.13638772,Food
DRZ24,7.535,Low Fat,0.082250143,Soft Drinks,118.344,OUT017,Small,Tier 2,Supermarket Type1,8.044608314,Drinks
FDT48,4.92,Low Fat,0.046026479,Baking Goods,196.5084,OUT049,Medium,Tier 1,Supermarket Type1,8.235031746,Food
DRG11,6.385,Low Fat,0.09807119,Hard Drinks,108.9596,OUT046,Small,Tier 1,Supermarket Type1,7.079568146,Drinks
FDE58,18.5,Low Fat,0.052149675,Snack Foods,118.3124,OUT049,Medium,Tier 1,Supermarket Type1,7.340615815,Food
DRA12,11.6,Low Fat,0.040911824,Soft Drinks,142.3154,OUT013,High,Tier 3,Supermarket Type1,7.845289639,Drinks
FDP60,17.35,Low Fat,0.056235142,Baking Goods,102.0016,OUT017,Small,Tier 2,Supermarket Type1,7.390320678,Food
FDT10,16.7,Regular,0.062170334,Snack Foods,60.9562,OUT045,Small,Tier 2,Supermarket Type1,6.722132439,Food
FDE05,10.895,Regular,0.032427039,Frozen Foods,147.7102,OUT013,High,Tier 3,Supermarket Type1,7.062604229,Food
FDC32,18.35,Low Fat,0.099309997,Fruits and Vegetables,91.4462,OUT045,Small,Tier 2,Supermarket Type1,7.418679858,Food
FDJ22,18.75,Low Fat,0.05310896,Snack Foods,193.6504,OUT017,Small,Tier 2,Supermarket Type1,7.964592341,Food
NCH18,9.3,Non-Edible,0.044843161,Household,246.1802,OUT018,Medium,Tier 3,Supermarket Type2,7.902295925,Non-Consumable
DRE37,13.5,Low Fat,0.164966345,Soft Drinks,189.4872,OUT019,Small,Tier 1,Grocery Store,5.247482914,Drinks
DRC13,8.26,Regular,0.032435437,Soft Drinks,124.873,OUT035,Small,Tier 2,Supermarket Type1,7.991981922,Drinks
FDG47,12.8,Low Fat,0.06961884,Starchy Foods,260.3252,OUT046,Small,Tier 1,Supermarket Type1,9.003695122,Food
FDY55,16.75,Low Fat,0.08165147,Fruits and Vegetables,258.3988,OUT018,Medium,Tier 3,Supermarket Type2,7.341479186,Food
NCW29,14,Non-Edible,0.028723187,Health and Hygiene,131.831,OUT027,Medium,Tier 3,Supermarket Type3,8.19871316,Non-Consumable
NCT05,10.895,Non-Edible,0.020994339,Health and Hygiene,255.6672,OUT045,Small,Tier 2,Supermarket Type1,8.377319995,Non-Consumable
FDN50,16.85,Regular,0.026561057,Canned,93.712,OUT049,Medium,Tier 1,Supermarket Type1,6.146457729,Food
FDU60,20,Regular,0.100262068,Baking Goods,169.6132,OUT010,Small,Tier 3,Grocery Store,5.136464098,Food
FDX02,16,Low Fat,0.057012606,Dairy,225.0404,OUT013,High,Tier 3,Supermarket Type1,8.674547375,Food
FDL34,16,Low Fat,0.041009558,Snack Foods,141.2496,OUT049,Medium,Tier 1,Supermarket Type1,7.894632108,Food
DRF27,8.93,Low Fat,0.028578012,Dairy,152.234,OUT017,Small,Tier 2,Supermarket Type1,8.250450355,Drinks
FDZ35,9.6,Regular,0.022303452,Breads,101.699,OUT049,Medium,Tier 1,Supermarket Type1,7.772574595,Food
DRF03,19.1,Low Fat,0.045088724,Dairy,39.7138,OUT027,Medium,Tier 3,Supermarket Type3,7.000856293,Drinks
NCO41,12.5,Non-Edible,0.018757586,Health and Hygiene,96.9384,OUT027,Medium,Tier 3,Supermarket Type3,7.681949955,Non-Consumable
FDQ59,9.8,Regular,0.056500895,Breads,85.8908,OUT045,Small,Tier 2,Supermarket Type1,7.52110009,Food
NCZ53,9.6,Non-Edible,0.024576875,Health and Hygiene,186.6214,OUT018,Medium,Tier 3,Supermarket Type2,7.541796621,Non-Consumable
FDZ33,10.195,Low Fat,0.188038372,Snack Foods,146.4076,OUT019,Small,Tier 1,Grocery Store,5.002654196,Food
FDD34,7.945,Low Fat,0.015908485,Snack Foods,161.421,OUT045,Small,Tier 2,Supermarket Type1,8.139306577,Food
NCM06,7.475,Non-Edible,0.075845634,Household,156.0656,OUT049,Medium,Tier 1,Supermarket Type1,7.525417417,Non-Consumable
FDY43,14.85,Low Fat,0.098803088,Fruits and Vegetables,169.7474,OUT018,Medium,Tier 3,Supermarket Type2,6.514400939,Food
DRM23,16.6,Low Fat,0.227189581,Hard Drinks,173.9422,OUT010,Small,Tier 3,Grocery Store,5.155844403,Drinks
FDT20,10.5,Low Fat,0.041459804,Fruits and Vegetables,39.2164,OUT049,Medium,Tier 1,Supermarket Type1,6.294582373,Food
FDG46,8.63,Regular,0.032882271,Snack Foods,113.5518,OUT013,High,Tier 3,Supermarket Type1,7.913317339,Food
FDH10,21,Low Fat,0.049583899,Snack Foods,193.8478,OUT017,Small,Tier 2,Supermarket Type1,7.059176638,Food
FDF24,15.5,Regular,0.02536567,Baking Goods,82.7934,OUT035,Small,Tier 2,Supermarket Type1,7.114282338,Food
FDG57,14.7,Low Fat,0.07229836,Fruits and Vegetables,48.2034,OUT046,Small,Tier 1,Supermarket Type1,6.775207631,Food
FDN44,13.15,Low Fat,0.022924552,Fruits and Vegetables,157.892,OUT017,Small,Tier 2,Supermarket Type1,7.559300995,Food
FDD32,17.7,Regular,0.040897932,Fruits and Vegetables,82.6276,OUT013,High,Tier 3,Supermarket Type1,6.595846632,Food
FDI04,13.65,Regular,0.127660257,Frozen Foods,198.5426,OUT019,Small,Tier 1,Grocery Store,6.674524017,Food
FDA56,9.21,Low Fat,0.008764786,Fruits and Vegetables,123.1414,OUT046,Small,Tier 1,Supermarket Type1,8.35830273,Food
DRG51,12.1,Low Fat,0.011604894,Dairy,166.0526,OUT017,Small,Tier 2,Supermarket Type1,7.300522374,Drinks
FDZ04,9.31,Low Fat,0.038169783,Frozen Foods,64.551,OUT017,Small,Tier 2,Supermarket Type1,7.366618964,Food
FDT13,14.85,Low Fat,0.018568129,Canned,188.2214,OUT035,Small,Tier 2,Supermarket Type1,8.011601314,Food
FDY56,16.35,Regular,0.062109174,Fruits and Vegetables,223.7062,OUT027,Medium,Tier 3,Supermarket Type3,8.510477975,Food
FDB51,6.92,Low Fat,0.038671588,Dairy,64.2852,OUT017,Small,Tier 2,Supermarket Type1,6.084718979,Food
NCY29,13.65,Non-Edible,0.077169841,Health and Hygiene,55.593,OUT013,High,Tier 3,Supermarket Type1,5.648850991,Non-Consumable
FDL34,16,Low Fat,0.041028937,Snack Foods,142.6496,OUT045,Small,Tier 2,Supermarket Type1,7.515314505,Food
NCQ38,16.35,Non-Edible,0.013387211,Others,105.628,OUT049,Medium,Tier 1,Supermarket Type1,6.971931234,Non-Consumable
NCR41,17.85,Non-Edible,0.017936715,Health and Hygiene,93.7094,OUT027,Medium,Tier 3,Supermarket Type3,8.34050699,Non-Consumable
FDY24,4.88,Regular,0.223440258,Baking Goods,52.2298,OUT010,Small,Tier 3,Grocery Store,5.092457341,Food
NCA42,6.965,Non-Edible,0.034968292,Household,159.6604,OUT045,Small,Tier 2,Supermarket Type1,8.110327623,Non-Consumable
FDB11,16,Low Fat,0.060942632,Starchy Foods,225.6404,OUT049,Medium,Tier 1,Supermarket Type1,7.98157106,Food
FDG26,18.85,Low Fat,0.042641788,Canned,257.833,OUT035,Small,Tier 2,Supermarket Type1,8.591185571,Food
FDH24,20.7,Low Fat,0.021427082,Baking Goods,156.5288,OUT035,Small,Tier 2,Supermarket Type1,7.360287162,Food
FDX44,9.3,Low Fat,0.042930789,Fruits and Vegetables,88.5172,OUT013,High,Tier 3,Supermarket Type1,7.264362861,Food
FDT52,9.695,Regular,0.047697859,Frozen Foods,244.6144,OUT017,Small,Tier 2,Supermarket Type1,7.899583224,Food
FDT04,17.25,Low Fat,0.10764721,Frozen Foods,39.3822,OUT017,Small,Tier 2,Supermarket Type1,5.753390082,Food
FDO58,19.6,Low Fat,0.039577173,Snack Foods,166.1526,OUT046,Small,Tier 1,Supermarket Type1,7.993331905,Food
FDR60,14.3,Low Fat,0.130415118,Baking Goods,75.9328,OUT046,Small,Tier 1,Supermarket Type1,7.055737257,Food
NCL54,12.6,Non-Edible,0.082921642,Household,175.2054,OUT045,Small,Tier 2,Supermarket Type1,8.161405853,Non-Consumable
FDW50,13.1,Low Fat,0.075515154,Dairy,167.2158,OUT013,High,Tier 3,Supermarket Type1,8.009391125,Food
FDK43,9.8,Low Fat,0.046994717,Meat,125.802,OUT019,Small,Tier 1,Grocery Store,5.537350015,Food
FDQ32,17.85,Regular,0.04679836,Fruits and Vegetables,123.8388,OUT018,Medium,Tier 3,Supermarket Type2,6.766043777,Food
FDE29,8.905,Low Fat,0.143129124,Frozen Foods,58.8878,OUT046,Small,Tier 1,Supermarket Type1,7.049400838,Food
NCN07,18.5,Non-Edible,0.034013539,Others,133.2284,OUT045,Small,Tier 2,Supermarket Type1,7.926384669,Non-Consumable
FDB37,20.25,Regular,0.022921735,Baking Goods,240.7538,OUT013,High,Tier 3,Supermarket Type1,8.121466471,Food
FDD21,10.3,Regular,0.030616757,Fruits and Vegetables,112.7176,OUT049,Medium,Tier 1,Supermarket Type1,5.842247344,Food
FDX16,17.85,Low Fat,0.06575528,Frozen Foods,151.505,OUT013,High,Tier 3,Supermarket Type1,7.842940383,Food
FDN46,7.21,Regular,0.144856342,Snack Foods,100.5332,OUT049,Medium,Tier 1,Supermarket Type1,7.028968159,Food
FDV28,16.1,Regular,0.267352587,Frozen Foods,34.9558,OUT010,Small,Tier 3,Grocery Store,4.232824524,Food
FDR48,11.65,Low Fat,0.130867413,Baking Goods,150.8024,OUT027,Medium,Tier 3,Supermarket Type3,8.390102635,Food
FDW37,19.2,Low Fat,0.123449671,Canned,89.7488,OUT027,Medium,Tier 3,Supermarket Type3,7.550937125,Food
FDV40,17.35,Low Fat,0.014689006,Frozen Foods,74.5038,OUT035,Small,Tier 2,Supermarket Type1,6.606701536,Food
FDZ57,10,Regular,0.037918142,Snack Foods,129.6994,OUT018,Medium,Tier 3,Supermarket Type2,7.254526725,Food
FDY46,18.6,Low Fat,0.047964395,Snack Foods,185.0898,OUT049,Medium,Tier 1,Supermarket Type1,8.004511446,Food
FDX45,16.75,Low Fat,0.105018817,Snack Foods,155.263,OUT049,Medium,Tier 1,Supermarket Type1,7.45129569,Food
FDB33,17.75,Low Fat,0.014577412,Fruits and Vegetables,160.7262,OUT035,Small,Tier 2,Supermarket Type1,7.960418424,Food
FDT58,9,Low Fat,0.143870574,Snack Foods,169.4816,OUT010,Small,Tier 3,Grocery Store,6.223260161,Food
FDM39,6.42,Low Fat,0.053553794,Dairy,178.6002,OUT049,Medium,Tier 1,Supermarket Type1,8.183956834,Food
NCY41,16.75,Non-Edible,0.075889215,Health and Hygiene,37.6532,OUT045,Small,Tier 2,Supermarket Type1,6.356543677,Non-Consumable
NCL31,7.39,Non-Edible,0.120280989,Others,142.747,OUT046,Small,Tier 1,Supermarket Type1,8.055232015,Non-Consumable
NCJ31,19.2,Non-Edible,0.182653772,Others,243.0196,OUT046,Small,Tier 1,Supermarket Type1,8.124231904,Non-Consumable
FDO23,17.85,Low Fat,0.25637539,Breads,94.8436,OUT019,Small,Tier 1,Grocery Store,6.342581876,Food
FDN56,5.46,Regular,0.107036943,Fruits and Vegetables,144.2786,OUT035,Small,Tier 2,Supermarket Type1,5.669733326,Food
FDF04,17.5,Low Fat,0.015125422,Frozen Foods,258.3304,OUT013,High,Tier 3,Supermarket Type1,8.119486469,Food
FDJ44,12.3,Regular,0.106238768,Fruits and Vegetables,176.1396,OUT013,High,Tier 3,Supermarket Type1,8.206373933,Food
FDS50,17,Low Fat,0.055545797,Dairy,220.5114,OUT045,Small,Tier 2,Supermarket Type1,8.579618281,Food
NCQ41,14.8,Non-Edible,0.019386057,Health and Hygiene,194.5794,OUT027,Medium,Tier 3,Supermarket Type3,8.164063157,Non-Consumable
FDA49,19.7,Low Fat,0.064921764,Canned,88.1198,OUT046,Small,Tier 1,Supermarket Type1,7.464736743,Food
NCZ06,19.6,Non-Edible,0.094694278,Household,254.9698,OUT017,Small,Tier 2,Supermarket Type1,7.83901265,Non-Consumable
NCM43,14.5,Non-Edible,0.019554705,Others,162.421,OUT018,Medium,Tier 3,Supermarket Type2,7.579909644,Non-Consumable
FDH19,19.35,Low Fat,0.033060937,Meat,172.4738,OUT013,High,Tier 3,Supermarket Type1,7.556172736,Food
FDS15,9.195,Regular,0.078181964,Meat,106.7596,OUT049,Medium,Tier 1,Supermarket Type1,8.318660493,Food
FDO50,16.25,Low Fat,0.078088226,Canned,90.2804,OUT018,Medium,Tier 3,Supermarket Type2,7.411463957,Food
FDJ20,20.7,Regular,0.100583009,Fruits and Vegetables,123.5388,OUT018,Medium,Tier 3,Supermarket Type2,7.592074003,Food
NCI31,20,Non-Edible,0.136124989,Others,38.319,OUT010,Small,Tier 3,Grocery Store,4.993665451,Non-Consumable
FDU20,19.35,Regular,0.021353642,Fruits and Vegetables,122.1098,OUT027,Medium,Tier 3,Supermarket Type3,8.124231904,Food
DRK13,11.8,Low Fat,0.115167579,Soft Drinks,199.8084,OUT046,Small,Tier 1,Supermarket Type1,7.775654103,Drinks
DRJ24,11.8,Low Fat,0.113559058,Soft Drinks,184.2924,OUT045,Small,Tier 2,Supermarket Type1,7.523980378,Drinks
FDI20,19.1,Low Fat,0.038641968,Fruits and Vegetables,212.1586,OUT045,Small,Tier 2,Supermarket Type1,8.684509531,Food
FDF10,15.5,Regular,0.157246634,Snack Foods,145.6418,OUT045,Small,Tier 2,Supermarket Type1,7.699899924,Food
FDQ45,9.5,Regular,0.010917052,Snack Foods,185.3608,OUT046,Small,Tier 1,Supermarket Type1,7.612024777,Food
FDQ10,12.85,Low Fat,0.033172957,Snack Foods,172.0422,OUT035,Small,Tier 2,Supermarket Type1,8.584236361,Food
FDM36,11.65,Regular,0.058719726,Baking Goods,171.1422,OUT035,Small,Tier 2,Supermarket Type1,7.983616514,Food
FDN12,15.6,Low Fat,0.090238999,Baking Goods,111.8544,OUT018,Medium,Tier 3,Supermarket Type2,7.282834854,Food
FDD50,18.85,Low Fat,0.141524348,Canned,168.4132,OUT013,High,Tier 3,Supermarket Type1,7.964129432,Food
FDG17,6.865,Regular,0.035895934,Frozen Foods,244.4486,OUT049,Medium,Tier 1,Supermarket Type1,8.756849824,Food
FDY58,11.65,Low Fat,0.039980644,Snack Foods,227.3694,OUT049,Medium,Tier 1,Supermarket Type1,8.426915686,Food
NCK29,5.615,Non-Edible,0.142873228,Health and Hygiene,123.473,OUT019,Small,Tier 1,Grocery Store,5.914904725,Non-Consumable
FDM32,20.5,Low Fat,0.020627296,Fruits and Vegetables,90.883,OUT010,Small,Tier 3,Grocery Store,4.509572965,Food
FDL46,20.35,Low Fat,0.054056927,Snack Foods,116.8466,OUT046,Small,Tier 1,Supermarket Type1,7.765540243,Food
FDC51,10.895,Regular,0.009636821,Dairy,121.873,OUT049,Medium,Tier 1,Supermarket Type1,7.809727996,Food
FDF16,7.3,Low Fat,0.086266286,Frozen Foods,147.2076,OUT049,Medium,Tier 1,Supermarket Type1,7.561381077,Food
NCV54,11.1,Non-Edible,0.033081389,Household,116.5124,OUT013,High,Tier 3,Supermarket Type1,6.973179283,Non-Consumable
FDE35,7.06,Regular,0.043989429,Starchy Foods,60.2904,OUT045,Small,Tier 2,Supermarket Type1,6.470016535,Food
FDA23,9.8,Low Fat,0.047178116,Baking Goods,99.4016,OUT035,Small,Tier 2,Supermarket Type1,7.795580032,Food
FDI46,9.5,Low Fat,0.074496043,Snack Foods,251.9724,OUT045,Small,Tier 2,Supermarket Type1,7.831110598,Food
FDZ21,17.6,Regular,0.039189221,Snack Foods,97.341,OUT013,High,Tier 3,Supermarket Type1,6.873588175,Food
DRK13,11.8,Low Fat,0.115819014,Soft Drinks,198.3084,OUT017,Small,Tier 2,Supermarket Type1,8.42604086,Drinks
FDX36,9.695,Regular,0.129008866,Baking Goods,226.9404,OUT017,Small,Tier 2,Supermarket Type1,7.901556827,Food
FDY22,16.5,Regular,0.160371305,Snack Foods,143.9128,OUT018,Medium,Tier 3,Supermarket Type2,7.367039662,Food
FDR32,6.78,Regular,0.085392428,Fruits and Vegetables,226.7694,OUT027,Medium,Tier 3,Supermarket Type3,8.726963527,Food
DRF25,9,Low Fat,0.038925251,Soft Drinks,34.919,OUT046,Small,Tier 1,Supermarket Type1,6.167615019,Drinks
FDK20,12.6,Regular,0.041557653,Fruits and Vegetables,124.5072,OUT046,Small,Tier 1,Supermarket Type1,7.804310133,Food
DRI11,8.26,Low Fat,0.060237465,Hard Drinks,115.9834,OUT019,Small,Tier 1,Grocery Store,5.848027685,Drinks
FDH05,14.35,Regular,0.091098018,Frozen Foods,233.5984,OUT045,Small,Tier 2,Supermarket Type1,7.525417417,Food
FDA46,13.6,Low Fat,0.117874024,Snack Foods,193.6136,OUT045,Small,Tier 2,Supermarket Type1,8.405705677,Food
DRD24,13.85,Low Fat,0.030795085,Soft Drinks,143.3154,OUT046,Small,Tier 1,Supermarket Type1,7.594087088,Drinks
FDL39,16.1,Regular,0.063689583,Dairy,181.9318,OUT017,Small,Tier 2,Supermarket Type1,8.692028362,Food
FDD52,18.25,Regular,0.184041545,Dairy,110.157,OUT018,Medium,Tier 3,Supermarket Type2,7.532928176,Food
FDR55,12.15,Regular,0.13283066,Fruits and Vegetables,190.6872,OUT017,Small,Tier 2,Supermarket Type1,7.727555551,Food
DRI13,15.35,Low Fat,0.020441939,Soft Drinks,216.4508,OUT017,Small,Tier 2,Supermarket Type1,8.599191524,Drinks
FDG31,12.15,Low Fat,0.037712875,Meat,64.4826,OUT027,Medium,Tier 3,Supermarket Type3,7.831903619,Food
FDP04,15.35,Low Fat,0.013840784,Frozen Foods,65.2168,OUT045,Small,Tier 2,Supermarket Type1,6.866674918,Food
FDH35,18.25,Low Fat,0.060198496,Starchy Foods,162.9526,OUT013,High,Tier 3,Supermarket Type1,7.049400838,Food
NCB42,11.8,Non-Edible,0.008559557,Health and Hygiene,117.2492,OUT035,Small,Tier 2,Supermarket Type1,7.797222742,Non-Consumable
FDQ14,9.27,Low Fat,0.061883353,Dairy,147.905,OUT049,Medium,Tier 1,Supermarket Type1,7.407836387,Food
FDI19,15.1,Low Fat,0.052085615,Meat,242.8512,OUT027,Medium,Tier 3,Supermarket Type3,8.668613656,Food
FDJ55,12.8,Regular,0.039385992,Meat,224.8404,OUT010,Small,Tier 3,Grocery Store,7.362824696,Food
DRN59,15,Low Fat,0.064241345,Hard Drinks,45.206,OUT049,Medium,Tier 1,Supermarket Type1,6.676203981,Drinks
NCR06,12.5,Non-Edible,0.006759519,Household,42.8112,OUT013,High,Tier 3,Supermarket Type1,6.461730642,Non-Consumable
NCF42,17.35,Non-Edible,0.167243769,Household,176.2712,OUT013,High,Tier 3,Supermarket Type1,8.002731097,Non-Consumable
FDG24,7.975,Low Fat,0.01469075,Baking Goods,84.725,OUT018,Medium,Tier 3,Supermarket Type2,7.46664223,Food
FDB58,10.5,Regular,0.013551445,Snack Foods,142.0154,OUT018,Medium,Tier 3,Supermarket Type2,7.788154259,Food
FDQ56,6.59,Low Fat,0.105085956,Fruits and Vegetables,82.3908,OUT027,Medium,Tier 3,Supermarket Type3,8.213976465,Food
NCV41,14.35,Non-Edible,0.017038777,Health and Hygiene,112.5228,OUT046,Small,Tier 1,Supermarket Type1,7.596096128,Non-Consumable
FDW19,12.35,Regular,0.038718195,Fruits and Vegetables,110.657,OUT017,Small,Tier 2,Supermarket Type1,7.644097476,Food
FDO56,10.195,Regular,0.075291577,Fruits and Vegetables,119.1808,OUT010,Small,Tier 3,Grocery Store,5.865170899,Food
FDI41,18.5,Regular,0.068969436,Frozen Foods,148.7418,OUT045,Small,Tier 2,Supermarket Type1,7.825009786,Food
FDN10,11.5,Low Fat,0.046154394,Snack Foods,119.5124,OUT018,Medium,Tier 3,Supermarket Type2,6.722132439,Food
FDY20,12.5,Regular,0.082085787,Fruits and Vegetables,92.2488,OUT018,Medium,Tier 3,Supermarket Type2,7.214675113,Food
DRM37,15.35,Low Fat,0.095931002,Soft Drinks,198.5768,OUT027,Medium,Tier 3,Supermarket Type3,8.839086528,Drinks
FDV34,10.695,Regular,0.011448629,Snack Foods,72.9038,OUT045,Small,Tier 2,Supermarket Type1,6.942787618,Food
NCX18,14.15,Non-Edible,0.00879232,Household,195.011,OUT035,Small,Tier 2,Supermarket Type1,7.583303502,Non-Consumable
FDY10,17.6,Low Fat,0.049167388,Snack Foods,114.9176,OUT045,Small,Tier 2,Supermarket Type1,7.574455399,Food
NCZ17,12.15,Non-Edible,0.079046992,Health and Hygiene,39.8506,OUT027,Medium,Tier 3,Supermarket Type3,7.300522374,Non-Consumable
FDT12,6.215,Regular,0.049580407,Baking Goods,227.4062,OUT013,High,Tier 3,Supermarket Type1,8.554920983,Food
FDD57,18.1,Low Fat,0.022399592,Fruits and Vegetables,96.0094,OUT046,Small,Tier 1,Supermarket Type1,7.501070301,Food
FDK45,11.65,Low Fat,0.033926852,Seafood,111.586,OUT045,Small,Tier 2,Supermarket Type1,8.130524322,Food
FDJ57,7.42,Regular,0.021617397,Seafood,185.0582,OUT045,Small,Tier 2,Supermarket Type1,8.556842582,Food
NCI31,20,Non-Edible,0.0814536,Others,36.819,OUT049,Medium,Tier 1,Supermarket Type1,6.646389216,Non-Consumable
FDZ48,17.75,Low Fat,0.07607772,Baking Goods,112.4544,OUT049,Medium,Tier 1,Supermarket Type1,7.762146096,Food
FDI16,14,Regular,0.135775701,Frozen Foods,54.564,OUT046,Small,Tier 1,Supermarket Type1,7.37708368,Food
FDZ31,15.35,Regular,0.113190106,Fruits and Vegetables,193.0504,OUT049,Medium,Tier 1,Supermarket Type1,7.821544966,Food
DRG15,6.13,Low Fat,0.076891526,Dairy,61.5536,OUT045,Small,Tier 2,Supermarket Type1,6.681227006,Drinks
FDX36,9.695,Regular,0.128543405,Baking Goods,226.5404,OUT045,Small,Tier 2,Supermarket Type1,8.412234373,Food
FDD40,20.25,Regular,0.014793357,Dairy,191.5162,OUT046,Small,Tier 1,Supermarket Type1,8.03257422,Food
FDA04,11.3,Regular,0.066406853,Frozen Foods,259.7962,OUT027,Medium,Tier 3,Supermarket Type3,8.64803133,Food
FDL21,15.85,Regular,0.007140468,Snack Foods,40.848,OUT013,High,Tier 3,Supermarket Type1,6.522263372,Food
FDS21,19.85,Regular,0.020858779,Snack Foods,62.8194,OUT013,High,Tier 3,Supermarket Type1,6.83495983,Food
DRF23,4.61,Low Fat,0.123346085,Hard Drinks,172.5396,OUT017,Small,Tier 2,Supermarket Type1,8.206373933,Drinks
FDM46,7.365,Low Fat,0.159937597,Snack Foods,93.912,OUT035,Small,Tier 2,Supermarket Type1,7.174699807,Food
DRG49,7.81,Low Fat,0.067128641,Soft Drinks,242.8486,OUT027,Medium,Tier 3,Supermarket Type3,8.137945504,Drinks
FDG26,18.85,Low Fat,0.042736348,Canned,255.933,OUT045,Small,Tier 2,Supermarket Type1,8.254787626,Food
FDR51,9.035,Regular,0.172629683,Meat,148.4708,OUT027,Medium,Tier 3,Supermarket Type3,8.232910667,Food
FDV39,11.3,Low Fat,0.007278512,Meat,196.7426,OUT035,Small,Tier 2,Supermarket Type1,7.926384669,Food
FDC39,7.405,Low Fat,0.159357398,Dairy,205.7296,OUT017,Small,Tier 2,Supermarket Type1,8.427498479,Food
FDP45,15.7,Regular,0.03079807,Snack Foods,252.9724,OUT017,Small,Tier 2,Supermarket Type1,8.013365955,Food
FDC56,7.72,Low Fat,0.12152072,Fruits and Vegetables,118.244,OUT046,Small,Tier 1,Supermarket Type1,6.866674918,Food
FDK38,6.65,Low Fat,0.053591345,Canned,149.7734,OUT017,Small,Tier 2,Supermarket Type1,7.773415402,Food
NCJ29,10.6,Non-Edible,0.035163639,Health and Hygiene,84.4224,OUT013,High,Tier 3,Supermarket Type1,6.749022116,Non-Consumable
NCF19,13,Non-Edible,0.061470858,Household,48.6034,OUT019,Small,Tier 1,Grocery Store,4.989140596,Non-Consumable
FDG59,15.85,Low Fat,0.043226398,Starchy Foods,37.5164,OUT035,Small,Tier 2,Supermarket Type1,5.60327977,Food
FDE59,12.15,Low Fat,0.062640143,Starchy Foods,36.6532,OUT017,Small,Tier 2,Supermarket Type1,5.532093788,Food
FDB04,11.35,Regular,0.06358394,Dairy,89.4856,OUT017,Small,Tier 2,Supermarket Type1,7.041860207,Food
NCK05,20.1,Non-Edible,0.077389797,Health and Hygiene,60.8536,OUT013,High,Tier 3,Supermarket Type1,7.206806873,Non-Consumable
FDR03,15.7,Regular,0.00878535,Meat,204.998,OUT017,Small,Tier 2,Supermarket Type1,8.588089211,Food
FDQ03,15,Regular,0.136592891,Meat,238.0248,OUT019,Small,Tier 1,Grocery Store,6.5681824,Food
FDC59,16.7,Regular,0.054937907,Starchy Foods,64.2168,OUT017,Small,Tier 2,Supermarket Type1,7.416280338,Food
DRB13,6.115,Regular,0.007084185,Soft Drinks,191.153,OUT017,Small,Tier 2,Supermarket Type1,8.13638772,Drinks
NCE54,20.7,Non-Edible,0.027052013,Household,73.9354,OUT017,Small,Tier 2,Supermarket Type1,7.4122683,Non-Consumable
FDC10,9.8,Regular,0.072863893,Snack Foods,118.6098,OUT035,Small,Tier 2,Supermarket Type1,6.738825964,Food
FDR46,16.85,Low Fat,0.244102315,Snack Foods,148.076,OUT019,Small,Tier 1,Grocery Store,4.993665451,Food
FDA10,20.35,Low Fat,0.141789197,Snack Foods,121.9072,OUT035,Small,Tier 2,Supermarket Type1,7.206806873,Food
FDP23,6.71,Low Fat,0.035414528,Breads,218.2166,OUT027,Medium,Tier 3,Supermarket Type3,8.216677709,Food
FDJ41,6.85,Low Fat,0.022864238,Frozen Foods,260.0594,OUT013,High,Tier 3,Supermarket Type1,8.702704024,Food
FDL46,20.35,Low Fat,0.054011943,Snack Foods,116.5466,OUT013,High,Tier 3,Supermarket Type1,7.542502711,Food
FDX33,9.195,Regular,0.117462619,Snack Foods,158.9578,OUT035,Small,Tier 2,Supermarket Type1,7.717533365,Food
NCL29,9.695,Non-Edible,0.11411658,Health and Hygiene,158.8604,OUT049,Medium,Tier 1,Supermarket Type1,8.397934588,Non-Consumable
FDE16,8.895,Low Fat,0.046124444,Frozen Foods,206.7954,OUT019,Small,Tier 1,Grocery Store,6.726930521,Food
FDM57,11.65,Regular,0.075849167,Snack Foods,85.1908,OUT046,Small,Tier 1,Supermarket Type1,7.688070858,Food
FDZ36,6.035,Regular,0.065729039,Baking Goods,188.324,OUT013,High,Tier 3,Supermarket Type1,7.308135481,Food
NCW42,18.2,Non-Edible,0.097865088,Household,221.8456,OUT010,Small,Tier 3,Grocery Store,6.785793725,Non-Consumable
NCI54,15.2,Non-Edible,0.058827583,Household,110.4912,OUT019,Small,Tier 1,Grocery Store,6.08168178,Non-Consumable
DRK01,7.63,Low Fat,0.061313057,Soft Drinks,93.3436,OUT018,Medium,Tier 3,Supermarket Type2,7.188873657,Drinks
FDX10,6.385,Regular,0.123961415,Snack Foods,33.2874,OUT045,Small,Tier 2,Supermarket Type1,4.956880024,Food
FDO46,9.6,Regular,0.014270394,Snack Foods,187.3872,OUT018,Medium,Tier 3,Supermarket Type2,7.881643297,Food
FDD16,20.5,Low Fat,0.060847634,Frozen Foods,75.0696,OUT010,Small,Tier 3,Grocery Store,5.011562864,Food
FDZ20,16.1,Low Fat,0.037649503,Fruits and Vegetables,253.0356,OUT027,Medium,Tier 3,Supermarket Type3,9.345404514,Food
NCI18,18.35,Non-Edible,0.014103354,Household,225.4746,OUT017,Small,Tier 2,Supermarket Type1,7.205818975,Non-Consumable
DRI25,19.6,Low Fat,0.033901442,Soft Drinks,56.2614,OUT046,Small,Tier 1,Supermarket Type1,6.652423707,Drinks
FDY44,14.15,Regular,0.024454052,Fruits and Vegetables,197.211,OUT045,Small,Tier 2,Supermarket Type1,8.224916312,Food
FDW38,5.325,Regular,0.15750393,Dairy,55.9298,OUT019,Small,Tier 1,Grocery Store,4.690058979,Food
FDY33,14.5,Regular,0.096730427,Snack Foods,159.0262,OUT027,Medium,Tier 3,Supermarket Type3,8.680785343,Food
DRH51,17.6,Low Fat,0.097198194,Dairy,89.8856,OUT035,Small,Tier 2,Supermarket Type1,5.865170899,Drinks
FDT32,19,Regular,0.066005186,Fruits and Vegetables,188.4214,OUT017,Small,Tier 2,Supermarket Type1,7.947084899,Food
FDI50,8.42,Regular,0.030890618,Canned,228.7352,OUT049,Medium,Tier 1,Supermarket Type1,8.692140156,Food
FDB60,9.3,Low Fat,0.028498354,Baking Goods,195.8136,OUT013,High,Tier 3,Supermarket Type1,7.755323046,Food
FDP09,19.75,Low Fat,0.033883448,Snack Foods,213.2902,OUT035,Small,Tier 2,Supermarket Type1,8.354392811,Food
FDA20,6.78,Low Fat,0.066565644,Fruits and Vegetables,185.324,OUT013,High,Tier 3,Supermarket Type1,8.272801489,Food
NCX05,15.2,Non-Edible,0.169943195,Health and Hygiene,116.2492,OUT019,Small,Tier 1,Grocery Store,4.760884215,Non-Consumable
DRF37,17.25,Low Fat,0.084516245,Soft Drinks,263.591,OUT045,Small,Tier 2,Supermarket Type1,6.671998768,Drinks
FDJ26,15.3,Regular,0.084765192,Canned,215.0218,OUT046,Small,Tier 1,Supermarket Type1,7.562419498,Food
FDZ25,15.7,Regular,0.027617046,Canned,168.279,OUT046,Small,Tier 1,Supermarket Type1,8.312796809,Food
FDZ58,17.85,Low Fat,0.052166995,Snack Foods,121.7072,OUT035,Small,Tier 2,Supermarket Type1,7.94401886,Food
FDZ50,12.8,Regular,0.079523619,Dairy,184.2608,OUT027,Medium,Tier 3,Supermarket Type3,8.710307365,Food
NCG18,15.3,Non-Edible,0.038460297,Household,104.0332,OUT010,Small,Tier 3,Grocery Store,5.328198447,Non-Consumable
FDZ56,16.25,Low Fat,0.025789175,Fruits and Vegetables,166.9474,OUT045,Small,Tier 2,Supermarket Type1,7.960186028,Food
FDH50,15,Regular,0.161301097,Canned,185.1266,OUT013,High,Tier 3,Supermarket Type1,7.702609951,Food
DRO35,13.85,Low Fat,0.034640466,Hard Drinks,116.1492,OUT045,Small,Tier 2,Supermarket Type1,7.15096903,Drinks
DRH51,17.6,Low Fat,0.115478817,Dairy,89.1856,OUT027,Medium,Tier 3,Supermarket Type3,7.654563788,Drinks
FDS19,13.8,Regular,0.064307102,Fruits and Vegetables,77.3012,OUT049,Medium,Tier 1,Supermarket Type1,7.374582118,Food
NCM06,7.475,Non-Edible,0.076036381,Household,153.9656,OUT018,Medium,Tier 3,Supermarket Type2,7.873565509,Non-Consumable
FDP52,18.7,Regular,0.071091591,Frozen Foods,228.601,OUT017,Small,Tier 2,Supermarket Type1,8.481508188,Food
FDK02,12.5,Low Fat,0.187841082,Canned,119.244,OUT010,Small,Tier 3,Grocery Store,4.794500458,Food
FDG59,15.85,Low Fat,0.043234574,Starchy Foods,38.3164,OUT046,Small,Tier 1,Supermarket Type1,6.294582373,Food
FDN20,19.35,Low Fat,0.026055106,Fruits and Vegetables,169.5474,OUT027,Medium,Tier 3,Supermarket Type3,8.345736794,Food
FDO57,20.75,Low Fat,0.109153001,Snack Foods,161.3578,OUT018,Medium,Tier 3,Supermarket Type2,8.410458042,Food
NCJ30,5.82,Non-Edible,0.08062523,Household,168.379,OUT035,Small,Tier 2,Supermarket Type1,7.081248817,Non-Consumable
FDQ31,5.785,Regular,0.0901292,Fruits and Vegetables,89.8856,OUT010,Small,Tier 3,Grocery Store,5.174856241,Food
FDC05,13.1,Regular,0.098938169,Frozen Foods,195.7768,OUT049,Medium,Tier 1,Supermarket Type1,8.328357536,Food
FDM08,10.1,Regular,0.059682493,Fruits and Vegetables,225.1088,OUT013,High,Tier 3,Supermarket Type1,8.18321327,Food
NCA41,16.75,Non-Edible,0.032580547,Health and Hygiene,192.1162,OUT035,Small,Tier 2,Supermarket Type1,8.255652827,Non-Consumable
FDK15,10.8,Low Fat,0.097937252,Meat,98.9042,OUT027,Medium,Tier 3,Supermarket Type3,8.509404942,Food
FDX56,17.1,Regular,0.085157578,Fruits and Vegetables,208.5638,OUT049,Medium,Tier 1,Supermarket Type1,8.591309226,Food
FDT21,7.42,Low Fat,0.020391845,Snack Foods,248.9092,OUT046,Small,Tier 1,Supermarket Type1,7.715160534,Food
FDQ46,7.51,Low Fat,0.103813029,Snack Foods,113.7544,OUT046,Small,Tier 1,Supermarket Type1,6.510446418,Food
FDS01,11.6,Low Fat,0.031069203,Canned,179.6686,OUT019,Small,Tier 1,Grocery Store,5.186092232,Food
FDW34,9.6,Low Fat,0.062294473,Snack Foods,242.417,OUT019,Small,Tier 1,Grocery Store,6.188333936,Food
FDX07,19.2,Regular,0.022914478,Fruits and Vegetables,181.195,OUT035,Small,Tier 2,Supermarket Type1,7.77537454,Food
FDN13,18.6,Low Fat,0.152058281,Breakfast,99.9358,OUT046,Small,Tier 1,Supermarket Type1,5.30862209,Food
NCP02,7.105,Non-Edible,0.044991294,Household,59.2562,OUT018,Medium,Tier 3,Supermarket Type2,6.481298683,Non-Consumable
FDT48,4.92,Low Fat,0.046214971,Baking Goods,199.8084,OUT017,Small,Tier 2,Supermarket Type1,8.28631178,Food
FDZ49,11,Regular,0.13312044,Canned,221.5798,OUT035,Small,Tier 2,Supermarket Type1,8.340030194,Food
NCJ17,7.68,Non-Edible,0.255348289,Health and Hygiene,84.4224,OUT010,Small,Tier 3,Grocery Store,5.144261349,Non-Consumable
FDB17,13.15,Low Fat,0.036879539,Frozen Foods,181.3976,OUT017,Small,Tier 2,Supermarket Type1,8.03257422,Food
FDP48,7.52,Regular,0.044202545,Baking Goods,182.995,OUT018,Medium,Tier 3,Supermarket Type2,8.388286517,Food
FDI53,8.895,Regular,0.137858955,Frozen Foods,162.1236,OUT049,Medium,Tier 1,Supermarket Type1,7.85514832,Food
FDW02,4.805,Regular,0.037668051,Dairy,126.7704,OUT013,High,Tier 3,Supermarket Type1,7.874578808,Food
FDL20,17.1,Low Fat,0.224837308,Fruits and Vegetables,112.7886,OUT019,Small,Tier 1,Grocery Store,5.408861822,Food
FDV32,7.785,Low Fat,0.089069748,Fruits and Vegetables,62.751,OUT018,Medium,Tier 3,Supermarket Type2,7.443533189,Food
FDG38,8.975,Regular,0.053027398,Canned,86.0224,OUT017,Small,Tier 2,Supermarket Type1,7.154096472,Food
NCB31,6.235,Non-Edible,0.118099673,Household,262.891,OUT027,Medium,Tier 3,Supermarket Type3,8.6168233,Non-Consumable
FDF52,9.3,Low Fat,0.078691241,Frozen Foods,182.9292,OUT017,Small,Tier 2,Supermarket Type1,8.297653738,Food
FDB15,10.895,Low Fat,0.137023446,Dairy,263.7568,OUT049,Medium,Tier 1,Supermarket Type1,8.942074865,Food
FDO48,15,Regular,0.026950104,Baking Goods,220.9456,OUT018,Medium,Tier 3,Supermarket Type2,7.478375891,Food
NCR53,12.15,Non-Edible,0.179375822,Health and Hygiene,224.4404,OUT018,Medium,Tier 3,Supermarket Type2,8.635333497,Non-Consumable
FDF56,16.7,Regular,0.119362812,Fruits and Vegetables,180.3976,OUT013,High,Tier 3,Supermarket Type1,8.03257422,Food
FDL57,15.1,Regular,0.067350054,Snack Foods,257.3304,OUT018,Medium,Tier 3,Supermarket Type2,8.262547621,Food
NCC31,8.02,Non-Edible,0.024342381,Household,157.7972,OUT013,High,Tier 3,Supermarket Type1,7.447033773,Non-Consumable
FDE33,19.35,Regular,0.049712775,Fruits and Vegetables,78.2644,OUT049,Medium,Tier 1,Supermarket Type1,7.309027342,Food
FDV52,20.7,Regular,0.122208091,Frozen Foods,119.7466,OUT017,Small,Tier 2,Supermarket Type1,8.295993849,Food
FDR46,16.85,Low Fat,0.138742518,Snack Foods,147.476,OUT027,Medium,Tier 3,Supermarket Type3,8.122652593,Food
DRE12,4.59,Low Fat,0.070780558,Soft Drinks,114.586,OUT046,Small,Tier 1,Supermarket Type1,7.127730617,Drinks
FDD57,18.1,Low Fat,0.037492325,Fruits and Vegetables,95.5094,OUT010,Small,Tier 3,Grocery Store,4.566527066,Food
NCS41,12.85,Non-Edible,0.053527105,Health and Hygiene,185.1608,OUT049,Medium,Tier 1,Supermarket Type1,7.779002786,Non-Consumable
NCY41,16.75,Non-Edible,0.076164013,Health and Hygiene,34.0532,OUT017,Small,Tier 2,Supermarket Type1,6.356543677,Non-Consumable
FDV22,14.85,Regular,0.009995002,Snack Foods,154.463,OUT017,Small,Tier 2,Supermarket Type1,8.231139659,Food
FDF12,8.235,Low Fat,0.08259502,Baking Goods,149.1076,OUT045,Small,Tier 2,Supermarket Type1,7.076198306,Food
FDM13,6.425,Low Fat,0.063122753,Breakfast,131.3626,OUT013,High,Tier 3,Supermarket Type1,5.57338977,Food
FDQ56,6.59,Low Fat,0.105597316,Fruits and Vegetables,83.4908,OUT046,Small,Tier 1,Supermarket Type1,7.202849414,Food
FDW55,12.6,Regular,0.021863506,Fruits and Vegetables,247.0092,OUT027,Medium,Tier 3,Supermarket Type3,8.608714822,Food
NCT29,12.6,Non-Edible,0.063800266,Health and Hygiene,123.0414,OUT027,Medium,Tier 3,Supermarket Type3,8.440522319,Non-Consumable
NCX42,6.36,Non-Edible,0.006012413,Household,163.0526,OUT017,Small,Tier 2,Supermarket Type1,7.405815369,Non-Consumable
FDR24,17.35,Regular,0.063207198,Baking Goods,89.383,OUT017,Small,Tier 2,Supermarket Type1,7.138360523,Food
NCS42,8.6,Non-Edible,0.069809115,Household,90.5146,OUT017,Small,Tier 2,Supermarket Type1,6.59402597,Non-Consumable
FDL40,17.7,Low Fat,0.011660463,Frozen Foods,96.541,OUT018,Medium,Tier 3,Supermarket Type2,7.705912264,Food
FDD47,7.6,Regular,0.142410775,Starchy Foods,171.9448,OUT046,Small,Tier 1,Supermarket Type1,8.22972059,Food
DRE03,19.6,Low Fat,0.024226902,Dairy,48.7718,OUT046,Small,Tier 1,Supermarket Type1,5.469573763,Drinks
NCM18,13,Non-Edible,0.082440705,Household,61.3194,OUT027,Medium,Tier 3,Supermarket Type3,7.622830376,Non-Consumable
FDF52,9.3,Low Fat,0.066918731,Frozen Foods,184.2292,OUT045,Small,Tier 2,Supermarket Type1,7.404195609,Food
NCG43,20.2,Non-Edible,0.074390007,Household,91.4462,OUT045,Small,Tier 2,Supermarket Type1,7.572744828,Non-Consumable
FDE20,11.35,Regular,0.005530516,Fruits and Vegetables,171.179,OUT046,Small,Tier 1,Supermarket Type1,8.501996504,Food
FDI33,16.5,Low Fat,0.028579565,Snack Foods,90.3146,OUT017,Small,Tier 2,Supermarket Type1,7.845810947,Food
NCT06,17.1,Non-Edible,0.038705317,Household,165.0842,OUT013,High,Tier 3,Supermarket Type1,7.750175032,Non-Consumable
FDY24,4.88,Regular,0.156140031,Baking Goods,53.1298,OUT035,Small,Tier 2,Supermarket Type1,6.696968813,Food
FDZ33,10.195,Low Fat,0.108004532,Snack Foods,148.7076,OUT017,Small,Tier 2,Supermarket Type1,7.193887451,Food
FDJ55,12.8,Regular,0.023626808,Meat,223.2404,OUT018,Medium,Tier 3,Supermarket Type2,7.814579101,Food
FDE45,12.1,Low Fat,0.070660449,Fruits and Vegetables,180.4002,OUT019,Small,Tier 1,Grocery Store,6.57563468,Food
FDD44,8.05,Regular,0.078719835,Fruits and Vegetables,258.5646,OUT018,Medium,Tier 3,Supermarket Type2,8.036888755,Food
FDD10,20.6,Regular,0.046208155,Snack Foods,178.0344,OUT018,Medium,Tier 3,Supermarket Type2,7.38206811,Food
FDA39,6.32,Low Fat,0.012769753,Meat,39.9822,OUT018,Medium,Tier 3,Supermarket Type2,4.376566757,Food
FDB36,5.465,Regular,0.048486801,Baking Goods,131.2626,OUT013,High,Tier 3,Supermarket Type1,8.134827505,Food
FDK52,18.25,Low Fat,0.132596101,Frozen Foods,226.2062,OUT010,Small,Tier 3,Grocery Store,6.519322199,Food
FDJ36,14.5,Regular,0.128459481,Baking Goods,102.0332,OUT049,Medium,Tier 1,Supermarket Type1,7.62640645,Food
NCB55,15.7,Non-Edible,0.161317495,Household,57.5562,OUT018,Medium,Tier 3,Supermarket Type2,6.722132439,Non-Consumable
NCK18,9.6,Non-Edible,0.011211251,Household,166.9184,OUT010,Small,Tier 3,Grocery Store,6.494470073,Non-Consumable
FDX27,20.7,Regular,0.114294512,Dairy,94.9436,OUT049,Medium,Tier 1,Supermarket Type1,7.114823756,Food
FDB08,6.055,Low Fat,0.031103357,Fruits and Vegetables,159.9578,OUT046,Small,Tier 1,Supermarket Type1,7.911610855,Food
FDX43,5.655,Low Fat,0.085274988,Fruits and Vegetables,165.05,OUT046,Small,Tier 1,Supermarket Type1,7.754181331,Food
FDA20,6.78,Low Fat,0.066892471,Fruits and Vegetables,186.424,OUT018,Medium,Tier 3,Supermarket Type2,7.174699807,Food
FDC04,15.6,Low Fat,0.078764059,Dairy,241.3854,OUT019,Small,Tier 1,Grocery Store,6.182850729,Food
FDG17,6.865,Regular,0.036042939,Frozen Foods,244.4486,OUT017,Small,Tier 2,Supermarket Type1,8.332049945,Food
FDU58,6.61,Regular,0.04855968,Snack Foods,188.4898,OUT010,Small,Tier 3,Grocery Store,5.236919508,Food
FDP24,20.6,Low Fat,0.082602127,Baking Goods,120.9756,OUT027,Medium,Tier 3,Supermarket Type3,8.263234493,Food
NCT29,12.6,Non-Edible,0.064240743,Health and Hygiene,121.9414,OUT045,Small,Tier 2,Supermarket Type1,7.288310564,Non-Consumable
FDB08,6.055,Low Fat,0.031230059,Fruits and Vegetables,160.3578,OUT018,Medium,Tier 3,Supermarket Type2,7.476492653,Food
NCB43,20.2,Non-Edible,0.100114941,Household,188.3898,OUT045,Small,Tier 2,Supermarket Type1,8.176308972,Non-Consumable
FDL09,19.6,Regular,0.22417463,Snack Foods,168.8816,OUT019,Small,Tier 1,Grocery Store,5.128605571,Food
DRK49,14.15,Low Fat,0.035943717,Soft Drinks,40.5138,OUT046,Small,Tier 1,Supermarket Type1,6.104239061,Drinks
FDR37,16.5,Regular,0.06619442,Breakfast,184.4292,OUT013,High,Tier 3,Supermarket Type1,8.03989789,Food
FDG56,13.3,Regular,0.071439051,Fruits and Vegetables,61.0536,OUT035,Small,Tier 2,Supermarket Type1,7.54953632,Food
FDE34,9.195,Low Fat,0.108059141,Snack Foods,181.7634,OUT049,Medium,Tier 1,Supermarket Type1,8.729228166,Food
FDE16,8.895,Low Fat,0.026216144,Frozen Foods,207.5954,OUT027,Medium,Tier 3,Supermarket Type3,8.805323084,Food
FDT58,9,Low Fat,0.085938463,Snack Foods,168.6816,OUT035,Small,Tier 2,Supermarket Type1,7.202849414,Food
FDR03,15.7,Regular,0.008734284,Meat,207.898,OUT035,Small,Tier 2,Supermarket Type1,8.038179493,Food
NCL30,18.1,Non-Edible,0.049016517,Household,128.7336,OUT049,Medium,Tier 1,Supermarket Type1,7.684402813,Non-Consumable
FDT22,10.395,Low Fat,0.111554381,Snack Foods,59.822,OUT027,Medium,Tier 3,Supermarket Type3,7.425844062,Food
FDP45,15.7,Regular,0.030672457,Snack Foods,253.1724,OUT049,Medium,Tier 1,Supermarket Type1,8.572839872,Food
FDS15,9.195,Regular,0.077995641,Meat,107.1596,OUT013,High,Tier 3,Supermarket Type1,7.939283445,Food
FDF16,7.3,Low Fat,0.085715273,Frozen Foods,146.6076,OUT027,Medium,Tier 3,Supermarket Type3,7.481381715,Food
FDL13,13.85,Regular,0.056432784,Breakfast,234.93,OUT045,Small,Tier 2,Supermarket Type1,8.447114016,Food
NCV30,20.2,Non-Edible,0.066200667,Household,61.451,OUT018,Medium,Tier 3,Supermarket Type2,4.848132051,Non-Consumable
FDG33,5.365,Regular,0.245542627,Seafood,172.2764,OUT019,Small,Tier 1,Grocery Store,5.151998273,Food
FDO10,13.65,Regular,0.0127517,Snack Foods,55.5588,OUT046,Small,Tier 1,Supermarket Type1,7.380409393,Food
FDQ03,15,Regular,0.077949334,Meat,238.7248,OUT013,High,Tier 3,Supermarket Type1,7.665858019,Food
NCC55,10.695,Non-Edible,0.064022881,Household,36.0848,OUT018,Medium,Tier 3,Supermarket Type2,5.923849298,Non-Consumable
FDD52,18.25,Regular,0.182407266,Dairy,109.157,OUT027,Medium,Tier 3,Supermarket Type3,7.532928176,Food
FDI16,14,Regular,0.136328794,Frozen Foods,54.864,OUT018,Medium,Tier 3,Supermarket Type2,5.770144333,Food
FDB44,6.655,Low Fat,0.016958832,Fruits and Vegetables,210.0586,OUT046,Small,Tier 1,Supermarket Type1,8.348104967,Food
FDA25,16.5,Regular,0.068125756,Canned,101.199,OUT046,Small,Tier 1,Supermarket Type1,6.940212789,Food
FDV33,9.6,Regular,0.02734361,Snack Foods,257.8304,OUT046,Small,Tier 1,Supermarket Type1,7.500702384,Food
FDX47,6.55,Regular,0.034658144,Breads,155.8288,OUT049,Medium,Tier 1,Supermarket Type1,7.003884759,Food
FDO50,16.25,Low Fat,0.078088226,Canned,89.8804,OUT017,Small,Tier 2,Supermarket Type1,7.006300946,Food
FDV57,15.25,Regular,0.065841719,Snack Foods,179.866,OUT013,High,Tier 3,Supermarket Type1,7.90007699,Food
FDB02,9.695,Regular,0.029158763,Canned,174.537,OUT035,Small,Tier 2,Supermarket Type1,7.119683372,Food
FDD16,20.5,Low Fat,0.063649582,Frozen Foods,74.7696,OUT019,Small,Tier 1,Grocery Store,4.325054086,Food
FDX02,16,Low Fat,0.05706009,Dairy,225.0404,OUT046,Small,Tier 1,Supermarket Type1,8.507524359,Food
FDP11,15.85,Low Fat,0.11566015,Breads,218.3166,OUT010,Small,Tier 3,Grocery Store,6.078635328,Food
FDH32,12.8,Low Fat,0.075691713,Fruits and Vegetables,98.241,OUT027,Medium,Tier 3,Supermarket Type3,7.705912264,Food
NCL18,18.85,Non-Edible,0.167844438,Household,193.9136,OUT049,Medium,Tier 1,Supermarket Type1,8.042897999,Non-Consumable
FDT12,6.215,Regular,0.049722335,Baking Goods,224.5062,OUT045,Small,Tier 2,Supermarket Type1,8.415187929,Food
FDD50,18.85,Low Fat,0.14095631,Canned,167.7132,OUT027,Medium,Tier 3,Supermarket Type3,8.266319592,Food
NCU05,11.8,Non-Edible,0.058827557,Health and Hygiene,80.8618,OUT049,Medium,Tier 1,Supermarket Type1,7.162388815,Non-Consumable
FDI56,7.325,Low Fat,0.093765794,Fruits and Vegetables,90.3146,OUT018,Medium,Tier 3,Supermarket Type2,7.458230793,Food
DRL11,10.5,Low Fat,0.048092816,Hard Drinks,159.2946,OUT049,Medium,Tier 1,Supermarket Type1,7.54672881,Drinks
FDQ08,15.7,Regular,0.018968743,Fruits and Vegetables,61.9536,OUT045,Small,Tier 2,Supermarket Type1,7.111570842,Food
FDW20,20.75,Low Fat,0.024032484,Fruits and Vegetables,124.973,OUT027,Medium,Tier 3,Supermarket Type3,7.809727996,Food
FDW46,13,Regular,0.070444232,Snack Foods,63.4484,OUT045,Small,Tier 2,Supermarket Type1,6.951747666,Food
FDO09,13.5,Regular,0.125469442,Snack Foods,264.491,OUT049,Medium,Tier 1,Supermarket Type1,8.791147721,Food
DRJ49,6.865,Low Fat,0.01405025,Soft Drinks,128.9652,OUT018,Medium,Tier 3,Supermarket Type2,7.426636926,Drinks
FDP26,7.785,Low Fat,0.139436695,Dairy,103.0306,OUT013,High,Tier 3,Supermarket Type1,7.785389919,Food
FDO19,17.7,Regular,0.016593506,Fruits and Vegetables,46.9034,OUT035,Small,Tier 2,Supermarket Type1,6.880453967,Food
NCG43,20.2,Non-Edible,0.124261614,Household,93.6462,OUT010,Small,Tier 3,Grocery Store,5.629915602,Non-Consumable
FDG02,7.855,Low Fat,0.011261165,Canned,189.5188,OUT046,Small,Tier 1,Supermarket Type1,7.55233597,Food
FDO32,6.36,Low Fat,0.120520818,Fruits and Vegetables,45.906,OUT035,Small,Tier 2,Supermarket Type1,6.04133508,Food
FDR34,17,Regular,0.015965308,Snack Foods,229.4352,OUT046,Small,Tier 1,Supermarket Type1,8.478606031,Food
FDU59,5.78,Low Fat,0.096386227,Breads,163.5552,OUT046,Small,Tier 1,Supermarket Type1,7.488856983,Food
FDN31,11.5,Low Fat,0.073029341,Fruits and Vegetables,187.953,OUT045,Small,Tier 2,Supermarket Type1,7.885156914,Food
FDT55,13.6,Regular,0.043443753,Fruits and Vegetables,158.1946,OUT027,Medium,Tier 3,Supermarket Type3,8.845627842,Food
FDE08,18.2,Low Fat,0.049520593,Fruits and Vegetables,147.3734,OUT018,Medium,Tier 3,Supermarket Type2,7.773415402,Food
FDK52,18.25,Low Fat,0.079152918,Frozen Foods,223.8062,OUT013,High,Tier 3,Supermarket Type1,8.363906292,Food
FDW11,12.6,Low Fat,0.048741487,Breads,60.4194,OUT013,High,Tier 3,Supermarket Type1,6.899431129,Food
FDC03,8.575,Regular,0.071958197,Dairy,195.3794,OUT049,Medium,Tier 1,Supermarket Type1,8.164063157,Food
FDR43,18.2,Low Fat,0.162147349,Fruits and Vegetables,37.719,OUT018,Medium,Tier 3,Supermarket Type2,6.310436326,Food
FDL14,8.115,Regular,0.05382735,Canned,155.2972,OUT010,Small,Tier 3,Grocery Store,5.744906504,Food
FDP39,12.65,Low Fat,0.069565759,Meat,52.4324,OUT045,Small,Tier 2,Supermarket Type1,6.349587143,Food
FDG29,17.6,Low Fat,0.056019324,Frozen Foods,40.0454,OUT027,Medium,Tier 3,Supermarket Type3,6.04133508,Food
DRH15,8.775,Low Fat,0.109911272,Dairy,41.9428,OUT046,Small,Tier 1,Supermarket Type1,7.338886834,Drinks
FDT11,5.94,Regular,0.029366813,Breads,187.7556,OUT035,Small,Tier 2,Supermarket Type1,8.231139659,Food
FDU48,18.85,Low Fat,0.055347985,Baking Goods,131.5284,OUT035,Small,Tier 2,Supermarket Type1,7.367039662,Food
FDY12,9.8,Regular,0.16463883,Baking Goods,49.2008,OUT013,High,Tier 3,Supermarket Type1,6.490435784,Food
FDS44,12.65,Regular,0.156926608,Fruits and Vegetables,238.3538,OUT017,Small,Tier 2,Supermarket Type1,8.617787097,Food
NCP06,20.7,Non-Edible,0.039405676,Household,149.8366,OUT018,Medium,Tier 3,Supermarket Type2,7.72667527,Non-Consumable
DRH23,14.65,Low Fat,0.170176516,Hard Drinks,55.2614,OUT013,High,Tier 3,Supermarket Type1,6.578415029,Drinks
FDA16,6.695,Low Fat,0.033777629,Frozen Foods,222.8456,OUT027,Medium,Tier 3,Supermarket Type3,8.864246281,Food
FDT45,15.85,Low Fat,0.057546914,Snack Foods,55.8956,OUT018,Medium,Tier 3,Supermarket Type2,6.199210969,Food
FDE56,17.25,Regular,0.160095901,Fruits and Vegetables,61.5194,OUT017,Small,Tier 2,Supermarket Type1,6.959996434,Food
FDA40,16,Regular,0.099832728,Frozen Foods,87.4856,OUT017,Small,Tier 2,Supermarket Type1,5.578433892,Food
FDA39,6.32,Low Fat,0.012717946,Meat,40.2822,OUT046,Small,Tier 1,Supermarket Type1,6.444949999,Food
NCB19,6.525,Non-Edible,0.090278634,Household,86.7882,OUT035,Small,Tier 2,Supermarket Type1,7.589046758,Non-Consumable
FDZ34,6.695,Low Fat,0.075871345,Starchy Foods,191.882,OUT013,High,Tier 3,Supermarket Type1,8.259106167,Food
FDV22,14.85,Regular,0.009958941,Snack Foods,157.963,OUT045,Small,Tier 2,Supermarket Type1,7.943546327,Food
FDO40,17.1,Low Fat,0.032678839,Frozen Foods,150.7392,OUT049,Medium,Tier 1,Supermarket Type1,8.049721777,Food
FDD21,10.3,Regular,0.030610798,Fruits and Vegetables,115.0176,OUT013,High,Tier 3,Supermarket Type1,8.324489995,Food
FDO36,19.7,Low Fat,0.077849003,Baking Goods,179.166,OUT013,High,Tier 3,Supermarket Type1,8.025196518,Food
FDV34,10.695,Regular,0.011443222,Snack Foods,73.5038,OUT049,Medium,Tier 1,Supermarket Type1,7.299172847,Food
NCY18,7.285,Non-Edible,0.031214809,Household,177.1054,OUT045,Small,Tier 2,Supermarket Type1,7.87381893,Non-Consumable
NCM54,17.7,Non-Edible,0.051146565,Household,127.3678,OUT018,Medium,Tier 3,Supermarket Type2,8.103906414,Non-Consumable
FDB59,18.25,Low Fat,0.015302653,Snack Foods,198.0084,OUT049,Medium,Tier 1,Supermarket Type1,6.677881128,Food
FDS45,5.175,Regular,0.04937018,Snack Foods,106.7622,OUT010,Small,Tier 3,Grocery Store,5.359997431,Food
FDV24,5.635,Low Fat,0.126677173,Baking Goods,148.705,OUT049,Medium,Tier 1,Supermarket Type1,7.08961006,Food
FDD46,6.035,Low Fat,0.236433601,Snack Foods,155.5998,OUT010,Small,Tier 3,Grocery Store,5.042132669,Food
FDQ39,14.8,Low Fat,0.081372267,Meat,191.4846,OUT018,Medium,Tier 3,Supermarket Type2,8.025632011,Food
FDD52,18.25,Regular,0.18329488,Dairy,111.657,OUT046,Small,Tier 1,Supermarket Type1,7.338886834,Food
FDL39,16.1,Regular,0.06358934,Dairy,179.4318,OUT018,Medium,Tier 3,Supermarket Type2,5.891267345,Food
FDV02,16.75,Low Fat,0.060792265,Dairy,170.4106,OUT018,Medium,Tier 3,Supermarket Type2,6.242868582,Food
FDE11,17.7,Regular,0.1671727,Starchy Foods,184.3924,OUT046,Small,Tier 1,Supermarket Type1,8.356584248,Food
NCU54,8.88,Non-Edible,0.098775709,Household,208.927,OUT049,Medium,Tier 1,Supermarket Type1,8.872307438,Non-Consumable
FDR43,18.2,Low Fat,0.270300331,Fruits and Vegetables,38.319,OUT010,Small,Tier 3,Grocery Store,4.708241082,Food
FDD51,11.15,Low Fat,0.119852889,Dairy,44.9744,OUT013,High,Tier 3,Supermarket Type1,6.212642969,Food
FDO60,20,Low Fat,0.034563936,Baking Goods,45.3086,OUT017,Small,Tier 2,Supermarket Type1,6.197857792,Food
NCS06,7.935,Non-Edible,0.031710329,Household,263.091,OUT013,High,Tier 3,Supermarket Type1,8.6168233,Non-Consumable
FDX50,20.1,Low Fat,0.074778547,Dairy,110.7228,OUT045,Small,Tier 2,Supermarket Type1,7.413875048,Food
FDQ55,13.65,Regular,0.013035609,Fruits and Vegetables,114.7834,OUT035,Small,Tier 2,Supermarket Type1,8.148012374,Food
FDL52,6.635,Regular,0.046277956,Frozen Foods,36.7506,OUT018,Medium,Tier 3,Supermarket Type2,4.342521481,Food
FDK52,18.25,Low Fat,0.0793795,Frozen Foods,226.1062,OUT045,Small,Tier 2,Supermarket Type1,8.820579209,Food
NCO02,11.15,Non-Edible,0.073783159,Others,66.0142,OUT017,Small,Tier 2,Supermarket Type1,6.897415002,Non-Consumable
NCO30,19.5,Non-Edible,0.01572192,Household,185.6608,OUT035,Small,Tier 2,Supermarket Type1,6.824160604,Non-Consumable
FDA33,6.48,Low Fat,0.033952603,Snack Foods,148.2076,OUT049,Medium,Tier 1,Supermarket Type1,8.131699755,Food
FDB12,11.15,Regular,0.105220024,Baking Goods,102.7648,OUT013,High,Tier 3,Supermarket Type1,7.041860207,Food
FDT40,5.985,Low Fat,0.095715608,Frozen Foods,125.8678,OUT013,High,Tier 3,Supermarket Type1,8.177992789,Food
NCO05,7.27,Non-Edible,0.046822808,Health and Hygiene,99.3384,OUT017,Small,Tier 2,Supermarket Type1,7.923013205,Non-Consumable
FDR32,6.78,Regular,0.101837403,Fruits and Vegetables,227.5694,OUT049,Medium,Tier 1,Supermarket Type1,8.203826858,Food
FDM04,9.195,Regular,0.04731256,Frozen Foods,50.7666,OUT018,Medium,Tier 3,Supermarket Type2,6.241573249,Food
DRL01,19.5,Regular,0.077108099,Soft Drinks,232.8958,OUT013,High,Tier 3,Supermarket Type1,8.632252379,Drinks
FDQ56,6.59,Low Fat,0.106027474,Fruits and Vegetables,83.9908,OUT018,Medium,Tier 3,Supermarket Type2,7.263430243,Food
FDH08,7.51,Low Fat,0.01742908,Fruits and Vegetables,229.601,OUT046,Small,Tier 1,Supermarket Type1,8.732776556,Food
NCQ06,13,Non-Edible,0.073229342,Household,254.1014,OUT019,Small,Tier 1,Grocery Store,5.545182913,Non-Consumable
FDG16,15.25,Low Fat,0.157257637,Frozen Foods,215.0192,OUT019,Small,Tier 1,Grocery Store,6.984342176,Food
FDZ40,8.935,Low Fat,0.039988162,Frozen Foods,55.7298,OUT027,Medium,Tier 3,Supermarket Type3,6.933097632,Food
FDY51,12.5,Low Fat,0.081119484,Meat,220.0798,OUT035,Small,Tier 2,Supermarket Type1,7.187867875,Food
NCN41,17,Non-Edible,0.052421981,Health and Hygiene,123.773,OUT018,Medium,Tier 3,Supermarket Type2,7.116986501,Non-Consumable
NCM17,7.93,Non-Edible,0.070791391,Health and Hygiene,46.4086,OUT027,Medium,Tier 3,Supermarket Type3,7.605087191,Non-Consumable
FDP39,12.65,Low Fat,0.069817659,Meat,53.5324,OUT017,Small,Tier 2,Supermarket Type1,6.723734359,Food
FDZ08,12.5,Regular,0.109971578,Fruits and Vegetables,82.7592,OUT035,Small,Tier 2,Supermarket Type1,6.361154626,Food
FDU03,18.7,Regular,0.091950972,Meat,184.2292,OUT018,Medium,Tier 3,Supermarket Type2,7.153055078,Food
FDZ49,11,Regular,0.133145617,Canned,218.4798,OUT046,Small,Tier 1,Supermarket Type1,7.698391174,Food
NCX30,16.7,Non-Edible,0.046609281,Household,248.6776,OUT019,Small,Tier 1,Grocery Store,6.207291799,Non-Consumable
FDV08,7.35,Low Fat,0.028652919,Fruits and Vegetables,40.5454,OUT045,Small,Tier 2,Supermarket Type1,6.303150336,Food
FDB15,10.895,Low Fat,0.136696892,Dairy,264.5568,OUT013,High,Tier 3,Supermarket Type1,8.619351289,Food
FDY49,17.2,Regular,0.012002075,Canned,165.3184,OUT013,High,Tier 3,Supermarket Type1,6.899431129,Food
FDF24,15.5,Regular,0.025513973,Baking Goods,83.7934,OUT017,Small,Tier 2,Supermarket Type1,7.296468318,Food
DRK47,7.905,Low Fat,0.064194304,Hard Drinks,229.4694,OUT045,Small,Tier 2,Supermarket Type1,7.628675493,Drinks
DRD37,9.8,Low Fat,0.013920032,Soft Drinks,45.006,OUT017,Small,Tier 2,Supermarket Type1,6.676203981,Drinks
FDH40,11.6,Regular,0.079251097,Frozen Foods,79.2276,OUT018,Medium,Tier 3,Supermarket Type2,6.478234335,Food
FDL12,15.85,Regular,0.121043709,Baking Goods,59.422,OUT027,Medium,Tier 3,Supermarket Type3,6.984342176,Food
FDW11,12.6,Low Fat,0.048545853,Breads,60.1194,OUT027,Medium,Tier 3,Supermarket Type3,7.017102119,Food
NCE06,5.825,Non-Edible,0.091467933,Household,159.7894,OUT035,Small,Tier 2,Supermarket Type1,7.166509342,Non-Consumable
FDF32,16.35,Low Fat,0.083398962,Fruits and Vegetables,196.3426,OUT018,Medium,Tier 3,Supermarket Type2,7.233598513,Food
DRI47,14.7,Low Fat,0.020916223,Hard Drinks,141.8128,OUT035,Small,Tier 2,Supermarket Type1,7.533996552,Drinks
DRA12,11.6,Low Fat,0.047934266,Soft Drinks,141.9154,OUT035,Small,Tier 2,Supermarket Type1,6.9014432,Drinks
FDX45,16.75,Low Fat,0.104768536,Snack Foods,155.163,OUT013,High,Tier 3,Supermarket Type1,7.997594866,Food
FDR35,12.5,Low Fat,0.020680499,Breads,197.2742,OUT013,High,Tier 3,Supermarket Type1,7.859013306,Food
FDK03,12.6,Regular,0.123727659,Dairy,253.0356,OUT010,Small,Tier 3,Grocery Store,5.542578758,Food
NCJ18,12.35,Non-Edible,0.163805509,Household,117.6124,OUT013,High,Tier 3,Supermarket Type1,8.27178082,Non-Consumable
FDN48,13.35,Low Fat,0.065082452,Baking Goods,93.0804,OUT045,Small,Tier 2,Supermarket Type1,7.65645504,Food
FDZ59,6.63,Regular,0.182128363,Baking Goods,165.65,OUT019,Small,Tier 1,Grocery Store,6.502490151,Food
FDB57,20.25,Regular,0.01871404,Fruits and Vegetables,223.4772,OUT027,Medium,Tier 3,Supermarket Type3,8.870251459,Food
DRP35,18.85,Low Fat,0.159096908,Hard Drinks,129.3336,OUT019,Small,Tier 1,Grocery Store,4.858521649,Drinks
FDZ59,6.63,Regular,0.103935018,Baking Goods,166.85,OUT013,High,Tier 3,Supermarket Type1,8.580618593,Food
FDU58,6.61,Regular,0.029129907,Snack Foods,188.4898,OUT018,Medium,Tier 3,Supermarket Type2,8.450678319,Food
FDL09,19.6,Regular,0.128011859,Snack Foods,166.8816,OUT035,Small,Tier 2,Supermarket Type1,7.52110009,Food
FDY38,13.6,Regular,0.119850541,Dairy,234.53,OUT017,Small,Tier 2,Supermarket Type1,8.78352496,Food
FDI46,9.5,Low Fat,0.073985248,Snack Foods,252.5724,OUT027,Medium,Tier 3,Supermarket Type3,8.0933832,Food
FDL03,19.25,Regular,0.027233781,Meat,197.511,OUT017,Small,Tier 2,Supermarket Type1,6.89066507,Food
DRC25,5.73,Low Fat,0.079440262,Soft Drinks,86.7882,OUT019,Small,Tier 1,Grocery Store,4.464622235,Drinks
FDU60,20,Regular,0.060022526,Baking Goods,168.7132,OUT045,Small,Tier 2,Supermarket Type1,8.768310071,Food
FDP25,15.2,Low Fat,0.02110482,Canned,217.0824,OUT027,Medium,Tier 3,Supermarket Type3,8.820382562,Food
FDO57,20.75,Low Fat,0.181958524,Snack Foods,161.0578,OUT010,Small,Tier 3,Grocery Store,6.178718503,Food
FDQ09,7.235,Low Fat,0.058222587,Snack Foods,114.8834,OUT049,Medium,Tier 1,Supermarket Type1,8.114120798,Food
NCY05,13.5,Non-Edible,0.054723717,Health and Hygiene,36.6874,OUT027,Medium,Tier 3,Supermarket Type3,6.96566752,Non-Consumable
FDA20,6.78,Low Fat,0.066724663,Fruits and Vegetables,187.724,OUT049,Medium,Tier 1,Supermarket Type1,7.308135481,Food
FDF16,7.3,Low Fat,0.144167934,Frozen Foods,146.3076,OUT010,Small,Tier 3,Grocery Store,6.788797854,Food
NCG07,12.3,Non-Edible,0.052458358,Household,188.753,OUT013,High,Tier 3,Supermarket Type1,8.241718966,Non-Consumable
FDR46,16.85,Low Fat,0.139985583,Snack Foods,145.276,OUT018,Medium,Tier 3,Supermarket Type2,7.820476448,Food
FDP22,14.65,Regular,0.099286298,Snack Foods,49.8666,OUT049,Medium,Tier 1,Supermarket Type1,6.336706432,Food
FDL45,15.6,Low Fat,0.037680711,Snack Foods,123.7704,OUT035,Small,Tier 2,Supermarket Type1,8.048871347,Food
NCF42,17.35,Non-Edible,0.168064909,Household,176.2712,OUT018,Medium,Tier 3,Supermarket Type2,7.115905713,Non-Consumable
FDD04,16,Low Fat,0.090111173,Dairy,141.3154,OUT049,Medium,Tier 1,Supermarket Type1,8.090326964,Food
FDC45,17,Low Fat,0.136286138,Fruits and Vegetables,170.9106,OUT018,Medium,Tier 3,Supermarket Type2,7.089054814,Food
FDI40,11.5,Regular,0.125857678,Frozen Foods,100.5358,OUT045,Small,Tier 2,Supermarket Type1,7.655509861,Food
FDQ11,5.695,Regular,0.067700925,Breads,256.5988,OUT046,Small,Tier 1,Supermarket Type1,7.628999223,Food
DRM48,15.2,Low Fat,0.112896669,Soft Drinks,36.0848,OUT046,Small,Tier 1,Supermarket Type1,7.085159432,Drinks
FDS12,9.1,Low Fat,0.173973652,Baking Goods,126.5362,OUT013,High,Tier 3,Supermarket Type1,7.474605861,Food
FDR46,16.85,Low Fat,0.167800953,Snack Foods,146.076,OUT017,Small,Tier 2,Supermarket Type1,7.877612559,Food
NCO02,11.15,Non-Edible,0.073516952,Others,65.9142,OUT045,Small,Tier 2,Supermarket Type1,6.674524017,Non-Consumable
FDQ52,17,Low Fat,0.119285634,Frozen Foods,247.4434,OUT013,High,Tier 3,Supermarket Type1,8.000054616,Food
FDY28,7.47,Regular,0.153011599,Frozen Foods,215.2218,OUT017,Small,Tier 2,Supermarket Type1,8.137556285,Food
FDE32,20.7,Low Fat,0.04875891,Fruits and Vegetables,37.3506,OUT046,Small,Tier 1,Supermarket Type1,6.72852478,Food
FDJ58,15.6,Regular,0.105276162,Snack Foods,173.2764,OUT035,Small,Tier 2,Supermarket Type1,8.237500664,Food
FDJ27,17.7,Regular,0.122123201,Meat,100.7674,OUT045,Small,Tier 2,Supermarket Type1,6.704339842,Food
NCM18,13,Non-Edible,0.082970667,Household,60.0194,OUT049,Medium,Tier 1,Supermarket Type1,7.017102119,Non-Consumable
FDA02,14,Regular,0.029782937,Dairy,146.3786,OUT045,Small,Tier 2,Supermarket Type1,6.766043777,Food
FDT26,18.85,Regular,0.067953506,Dairy,119.044,OUT046,Small,Tier 1,Supermarket Type1,7.782340293,Food
DRD60,15.7,Low Fat,0.03722507,Soft Drinks,182.4634,OUT035,Small,Tier 2,Supermarket Type1,7.60110114,Drinks
NCR18,15.85,Non-Edible,0.020487625,Household,44.0112,OUT046,Small,Tier 1,Supermarket Type1,6.152143585,Non-Consumable
FDO27,6.175,Regular,0.179077475,Meat,94.3752,OUT046,Small,Tier 1,Supermarket Type1,7.202849414,Food
FDP25,15.2,Low Fat,0.037131628,Canned,216.4824,OUT019,Small,Tier 1,Grocery Store,5.390816326,Food
FDQ51,16,Regular,0.017547958,Meat,48.3718,OUT035,Small,Tier 2,Supermarket Type1,6.422489209,Food
NCH07,13.15,Non-Edible,0.093191195,Household,158.1604,OUT017,Small,Tier 2,Supermarket Type1,7.263430243,Non-Consumable
FDP44,16.5,Regular,0.079875237,Fruits and Vegetables,102.7332,OUT045,Small,Tier 2,Supermarket Type1,7.338886834,Food
NCP55,14.65,Non-Edible,0.01125332,Others,57.0614,OUT017,Small,Tier 2,Supermarket Type1,6.846351892,Non-Consumable
FDO09,13.5,Regular,0.125170423,Snack Foods,261.491,OUT013,High,Tier 3,Supermarket Type1,8.137361619,Food
FDP38,10.1,Low Fat,0.032152004,Canned,50.6008,OUT049,Medium,Tier 1,Supermarket Type1,6.005876199,Food
FDI48,11.85,Regular,0.056033565,Baking Goods,51.4666,OUT017,Small,Tier 2,Supermarket Type1,6.882504546,Food
FDS58,9.285,Regular,0.021049215,Snack Foods,161.0578,OUT045,Small,Tier 2,Supermarket Type1,7.786496572,Food
FDJ55,12.8,Regular,0.023526504,Meat,223.5404,OUT035,Small,Tier 2,Supermarket Type1,8.635333497,Food
NCF06,6.235,Non-Edible,0.020229757,Household,260.8962,OUT049,Medium,Tier 1,Supermarket Type1,8.692475464,Non-Consumable
FDF41,12.15,Low Fat,0.131445848,Frozen Foods,246.846,OUT045,Small,Tier 2,Supermarket Type1,8.764989706,Food
NCL05,19.6,Non-Edible,0.083862625,Health and Hygiene,44.077,OUT019,Small,Tier 1,Grocery Store,5.381669975,Non-Consumable
FDT24,12.35,Regular,0.18614827,Baking Goods,78.2328,OUT049,Medium,Tier 1,Supermarket Type1,7.055737257,Food
FDK08,9.195,Regular,0.204713036,Fruits and Vegetables,101.0016,OUT010,Small,Tier 3,Grocery Store,5.315190216,Food
FDU55,16.2,Low Fat,0.036057562,Fruits and Vegetables,260.3278,OUT018,Medium,Tier 3,Supermarket Type2,7.759592905,Food
NCY18,7.285,Non-Edible,0.031327839,Household,174.6054,OUT017,Small,Tier 2,Supermarket Type1,7.998937298,Non-Consumable
FDS11,7.05,Regular,0.055558509,Breads,224.7088,OUT046,Small,Tier 1,Supermarket Type1,8.049721777,Food
FDC28,7.905,Low Fat,0.054935332,Frozen Foods,109.9254,OUT019,Small,Tier 1,Grocery Store,4.696156486,Food
FDR59,14.5,Regular,0.063863551,Breads,262.3594,OUT046,Small,Tier 1,Supermarket Type1,8.400481786,Food
DRE15,13.35,Low Fat,0.021129629,Dairy,75.7012,OUT017,Small,Tier 2,Supermarket Type1,7.274564656,Drinks
FDP19,11.5,Low Fat,0.202824398,Fruits and Vegetables,128.4652,OUT049,Medium,Tier 1,Supermarket Type1,7.952486507,Food
DRN47,12.1,Low Fat,0.016852909,Hard Drinks,180.666,OUT049,Medium,Tier 1,Supermarket Type1,7.964592341,Drinks
FDJ34,11.8,Regular,0.094037241,Snack Foods,124.5704,OUT018,Medium,Tier 3,Supermarket Type2,6.910115691,Food
FDX21,7.05,Low Fat,0.085312137,Snack Foods,107.4912,OUT018,Medium,Tier 3,Supermarket Type2,6.891342117,Food
FDI57,19.85,Low Fat,0.053764023,Seafood,195.7768,OUT027,Medium,Tier 3,Supermarket Type3,8.174247117,Food
NCI42,18.75,Non-Edible,0.010365546,Household,207.0954,OUT046,Small,Tier 1,Supermarket Type1,8.047807291,Non-Consumable
FDL03,19.25,Regular,0.027135522,Meat,196.311,OUT045,Small,Tier 2,Supermarket Type1,8.053116284,Food
FDX37,16.2,Low Fat,0.071550584,Canned,100.57,OUT013,High,Tier 3,Supermarket Type1,7.24364163,Food
FDW57,8.31,Regular,0.116148596,Snack Foods,176.0028,OUT018,Medium,Tier 3,Supermarket Type2,8.395832012,Food
FDX14,13.1,Low Fat,0.075363922,Dairy,73.8354,OUT017,Small,Tier 2,Supermarket Type1,7.579229488,Food
FDD09,13.5,Low Fat,0.021496403,Fruits and Vegetables,180.5976,OUT046,Small,Tier 1,Supermarket Type1,8.03257422,Food
FDM09,11.15,Regular,0.085931544,Snack Foods,169.679,OUT046,Small,Tier 1,Supermarket Type1,6.927238247,Food
NCW54,7.5,Non-Edible,0.096806008,Household,56.2588,OUT018,Medium,Tier 3,Supermarket Type2,6.533942315,Non-Consumable
DRL11,10.5,Low Fat,0.04778563,Hard Drinks,156.5946,OUT027,Medium,Tier 3,Supermarket Type3,8.239612039,Drinks
FDJ58,15.6,Regular,0.105725004,Snack Foods,169.9764,OUT018,Medium,Tier 3,Supermarket Type2,7.919146132,Food
FDX21,7.05,Low Fat,0.148764535,Snack Foods,111.1912,OUT019,Small,Tier 1,Grocery Store,4.702217039,Food
FDA20,6.78,Low Fat,0.066997921,Fruits and Vegetables,186.524,OUT017,Small,Tier 2,Supermarket Type1,7.867464057,Food
FDL34,16,Low Fat,0.040938155,Snack Foods,141.1496,OUT035,Small,Tier 2,Supermarket Type1,8.415777595,Food
FDL38,13.8,Regular,0.014661762,Canned,89.1172,OUT027,Medium,Tier 3,Supermarket Type3,7.749601391,Food
DRL11,10.5,Low Fat,0.048213766,Hard Drinks,159.6946,OUT018,Medium,Tier 3,Supermarket Type2,8.197063902,Drinks
FDO40,17.1,Low Fat,0.032761024,Frozen Foods,148.8392,OUT018,Medium,Tier 3,Supermarket Type2,7.644416252,Food
DRZ24,7.535,Low Fat,0.081984113,Soft Drinks,121.644,OUT045,Small,Tier 2,Supermarket Type1,7.351781909,Drinks
FDM52,15.1,Low Fat,0.025988508,Frozen Foods,146.6076,OUT035,Small,Tier 2,Supermarket Type1,7.768922908,Food
FDM52,15.1,Low Fat,0.026140452,Frozen Foods,149.0076,OUT017,Small,Tier 2,Supermarket Type1,8.328357536,Food
FDV49,10,Low Fat,0.025932408,Canned,264.7226,OUT018,Medium,Tier 3,Supermarket Type2,8.062392198,Food
FDF47,20.85,Low Fat,0.098170402,Starchy Foods,224.0746,OUT017,Small,Tier 2,Supermarket Type1,7.716347653,Food
FDF56,16.7,Regular,0.119439636,Fruits and Vegetables,182.1976,OUT035,Small,Tier 2,Supermarket Type1,6.586709993,Food
FDW12,8.315,Regular,0.059540542,Baking Goods,143.6444,OUT010,Small,Tier 3,Grocery Store,4.984595174,Food
FDY09,15.6,Low Fat,0.044122209,Snack Foods,173.8054,OUT019,Small,Tier 1,Grocery Store,5.171082679,Food
FDY55,16.75,Low Fat,0.081304829,Fruits and Vegetables,258.4988,OUT035,Small,Tier 2,Supermarket Type1,8.3219033,Food
FDU36,6.15,Low Fat,0.081014461,Baking Goods,98.8384,OUT019,Small,Tier 1,Grocery Store,6.201911841,Food
NCR06,12.5,Non-Edible,0.006775667,Household,42.9112,OUT049,Medium,Tier 1,Supermarket Type1,6.931148316,Non-Consumable
FDW24,6.8,Low Fat,0.03749705,Baking Goods,49.9034,OUT046,Small,Tier 1,Supermarket Type1,5.275118338,Food
FDF16,7.3,Low Fat,0.086060695,Frozen Foods,149.8076,OUT013,High,Tier 3,Supermarket Type1,7.940706425,Food
NCR18,15.85,Non-Edible,0.020519478,Household,42.5112,OUT049,Medium,Tier 1,Supermarket Type1,6.749022116,Non-Consumable
DRD01,12.1,Regular,0.061163967,Soft Drinks,56.5614,OUT035,Small,Tier 2,Supermarket Type1,6.721330516,Drinks
FDS15,9.195,Regular,0.07821891,Meat,107.6596,OUT045,Small,Tier 2,Supermarket Type1,5.782528342,Food
FDT19,7.59,Regular,0.14492016,Fruits and Vegetables,174.708,OUT013,High,Tier 3,Supermarket Type1,7.987468772,Food
FDE59,12.15,Low Fat,0.062235983,Starchy Foods,34.5532,OUT013,High,Tier 3,Supermarket Type1,5.887580718,Food
FDE04,19.75,Regular,0.030166924,Frozen Foods,179.766,OUT010,Small,Tier 3,Grocery Store,6.579340097,Food
NCV17,18.85,Non-Edible,0.016104504,Health and Hygiene,130.2626,OUT035,Small,Tier 2,Supermarket Type1,7.767233006,Non-Consumable
FDC17,12.15,Low Fat,0.01544786,Frozen Foods,211.2928,OUT013,High,Tier 3,Supermarket Type1,7.914291167,Food
FDI45,13.1,Low Fat,0.037574137,Fruits and Vegetables,174.2054,OUT035,Small,Tier 2,Supermarket Type1,8.210182424,Food
FDZ33,10.195,Low Fat,0.106876976,Snack Foods,146.7076,OUT027,Medium,Tier 3,Supermarket Type3,8.254268146,Food
FDJ56,8.985,Low Fat,0.32111501,Fruits and Vegetables,100.77,OUT019,Small,Tier 1,Grocery Store,5.302010538,Food
FDN25,7.895,Regular,0.061124626,Breakfast,58.5588,OUT013,High,Tier 3,Supermarket Type1,5.151998273,Food
FDC10,9.8,Regular,0.127599399,Snack Foods,118.9098,OUT019,Small,Tier 1,Grocery Store,4.799994918,Food
FDQ22,16.75,Low Fat,0.029785889,Snack Foods,38.9822,OUT049,Medium,Tier 1,Supermarket Type1,6.444949999,Food
NCR54,16.35,Non-Edible,0.107671544,Household,198.211,OUT035,Small,Tier 2,Supermarket Type1,7.98859897,Non-Consumable
DRK11,8.21,Low Fat,0.010762387,Hard Drinks,149.5392,OUT035,Small,Tier 2,Supermarket Type1,7.490345354,Drinks
DRI37,15.85,Low Fat,0.108206497,Soft Drinks,58.3904,OUT017,Small,Tier 2,Supermarket Type1,6.152143585,Drinks
FDX37,16.2,Low Fat,0.063127333,Canned,100.47,OUT049,Medium,Tier 1,Supermarket Type1,7.37708368,Food
FDF05,17.5,Low Fat,0.02687089,Frozen Foods,264.491,OUT046,Small,Tier 1,Supermarket Type1,8.211448705,Food
FDW36,11.15,Low Fat,0.099681705,Baking Goods,107.4622,OUT019,Small,Tier 1,Grocery Store,5.763894338,Food
FDI04,13.65,Regular,0.072898645,Frozen Foods,198.1426,OUT035,Small,Tier 2,Supermarket Type1,7.590056858,Food
FDB04,11.35,Regular,0.063354531,Dairy,88.9856,OUT045,Small,Tier 2,Supermarket Type1,7.115905713,Food
FDU38,10.8,Low Fat,0.082534287,Dairy,191.1504,OUT035,Small,Tier 2,Supermarket Type1,8.391915461,Food
FDY28,7.47,Regular,0.152024355,Frozen Foods,211.8218,OUT013,High,Tier 3,Supermarket Type1,7.311253521,Food
FDP20,19.85,Low Fat,0.045669236,Fruits and Vegetables,126.402,OUT046,Small,Tier 1,Supermarket Type1,6.920687299,Food
FDC29,8.39,Regular,0.024342578,Frozen Foods,113.6176,OUT017,Small,Tier 2,Supermarket Type1,7.959953578,Food
FDR45,10.8,Low Fat,0.028988288,Snack Foods,239.2222,OUT049,Medium,Tier 1,Supermarket Type1,8.808910352,Food
NCC42,15,Non-Edible,0.044908404,Health and Hygiene,140.2838,OUT046,Small,Tier 1,Supermarket Type1,7.248388845,Non-Consumable
NCF42,17.35,Non-Edible,0.168329848,Household,176.7712,OUT017,Small,Tier 2,Supermarket Type1,7.942127384,Non-Consumable
FDZ45,14.1,Low Fat,0.111936685,Snack Foods,198.8084,OUT010,Small,Tier 3,Grocery Store,6.900772959,Food
FDB23,19.2,Regular,0.005620213,Starchy Foods,226.6062,OUT017,Small,Tier 2,Supermarket Type1,8.554920983,Food
FDC41,15.6,Low Fat,0.117095014,Frozen Foods,78.067,OUT049,Medium,Tier 1,Supermarket Type1,7.047086694,Food
FDA10,20.35,Low Fat,0.248301532,Snack Foods,124.1072,OUT019,Small,Tier 1,Grocery Store,5.505390071,Food
NCM26,20.5,Non-Edible,0.023274107,Others,154.134,OUT017,Small,Tier 2,Supermarket Type1,7.976095971,Non-Consumable
FDZ58,17.85,Low Fat,0.091354948,Snack Foods,122.3072,OUT019,Small,Tier 1,Grocery Store,4.816299454,Food
FDW35,10.6,Low Fat,0.011087128,Breads,41.4454,OUT035,Small,Tier 2,Supermarket Type1,7.29239776,Food
FDX32,15.1,Regular,0.099839365,Fruits and Vegetables,143.3786,OUT035,Small,Tier 2,Supermarket Type1,7.45861467,Food
FDK40,7.035,Low Fat,0.021938404,Frozen Foods,264.691,OUT018,Medium,Tier 3,Supermarket Type2,8.663335086,Food
FDD04,16,Low Fat,0.090480206,Dairy,142.4154,OUT017,Small,Tier 2,Supermarket Type1,7.594087088,Food
FDP28,13.65,Regular,0.080640478,Frozen Foods,262.6936,OUT046,Small,Tier 1,Supermarket Type1,8.337324049,Food
NCL42,18.85,Non-Edible,0.040338009,Household,246.7144,OUT013,High,Tier 3,Supermarket Type1,8.797305002,Non-Consumable
DRB13,6.115,Regular,0.007043008,Soft Drinks,190.353,OUT035,Small,Tier 2,Supermarket Type1,6.346090644,Drinks
FDC33,8.96,Regular,0.069219165,Fruits and Vegetables,196.5768,OUT018,Medium,Tier 3,Supermarket Type2,7.923013205,Food
FDO58,19.6,Low Fat,0.039569689,Snack Foods,165.9526,OUT035,Small,Tier 2,Supermarket Type1,7.875591082,Food
FDE34,9.195,Low Fat,0.180588082,Snack Foods,182.2634,OUT010,Small,Tier 3,Grocery Store,5.898600074,Food
NCE19,8.97,Non-Edible,0.09301462,Household,52.7956,OUT046,Small,Tier 1,Supermarket Type1,6.945355834,Non-Consumable
NCJ18,12.35,Non-Edible,0.274405193,Household,117.1124,OUT010,Small,Tier 3,Grocery Store,5.876438582,Non-Consumable
FDF52,9.3,Low Fat,0.066887123,Frozen Foods,183.9292,OUT049,Medium,Tier 1,Supermarket Type1,8.097038396,Food
FDY04,17.7,Regular,0.042468413,Frozen Foods,162.421,OUT035,Small,Tier 2,Supermarket Type1,7.29239776,Food
DRF49,7.27,Low Fat,0.071188446,Soft Drinks,111.9518,OUT049,Medium,Tier 1,Supermarket Type1,7.038360645,Drinks
FDX27,20.7,Regular,0.191008614,Dairy,92.8436,OUT010,Small,Tier 3,Grocery Store,5.247482914,Food
FDV28,16.1,Regular,0.159595473,Frozen Foods,32.8558,OUT013,High,Tier 3,Supermarket Type1,5.830585449,Food
FDE33,19.35,Regular,0.086905536,Fruits and Vegetables,78.8644,OUT019,Small,Tier 1,Grocery Store,5.753390082,Food
FDQ37,20.75,Low Fat,0.089186387,Breakfast,193.3478,OUT013,High,Tier 3,Supermarket Type1,8.700710999,Food
NCG30,20.2,Non-Edible,0.112321218,Household,123.6046,OUT046,Small,Tier 1,Supermarket Type1,8.002731097,Non-Consumable
NCH29,5.51,Non-Edible,0.034668802,Health and Hygiene,98.5726,OUT017,Small,Tier 2,Supermarket Type1,7.474605861,Non-Consumable
FDV20,20.2,Regular,0.071970394,Fruits and Vegetables,129.0678,OUT017,Small,Tier 2,Supermarket Type1,8.177992789,Food
FDG57,14.7,Low Fat,0.072592873,Fruits and Vegetables,48.5034,OUT018,Medium,Tier 3,Supermarket Type2,6.775207631,Food
FDU60,20,Regular,0.059889718,Baking Goods,168.5132,OUT035,Small,Tier 2,Supermarket Type1,7.964129432,Food
NCH30,17.1,Non-Edible,0.112402118,Household,112.986,OUT010,Small,Tier 3,Grocery Store,4.737828698,Non-Consumable
NCM29,11.5,Non-Edible,0.029529474,Health and Hygiene,132.6626,OUT010,Small,Tier 3,Grocery Store,5.57338977,Non-Consumable
FDB12,11.15,Regular,0.105736638,Baking Goods,104.4648,OUT018,Medium,Tier 3,Supermarket Type2,7.688070858,Food
FDD53,16.2,Low Fat,0.044291251,Frozen Foods,43.3454,OUT049,Medium,Tier 1,Supermarket Type1,6.223260161,Food
FDI44,16.1,Low Fat,0.100388706,Fruits and Vegetables,76.0328,OUT049,Medium,Tier 1,Supermarket Type1,7.525417417,Food
FDW56,7.68,Low Fat,0.070556945,Fruits and Vegetables,191.2162,OUT027,Medium,Tier 3,Supermarket Type3,8.92335563,Food
FDA01,15,Regular,0.054599767,Canned,59.4904,OUT018,Medium,Tier 3,Supermarket Type2,6.470016535,Food
FDG47,12.8,Low Fat,0.069560905,Starchy Foods,263.0252,OUT013,High,Tier 3,Supermarket Type1,7.967826719,Food
FDT40,5.985,Low Fat,0.10615428,Frozen Foods,125.2678,OUT035,Small,Tier 2,Supermarket Type1,6.925931486,Food
FDU20,19.35,Regular,0.021453493,Fruits and Vegetables,120.3098,OUT035,Small,Tier 2,Supermarket Type1,7.836648584,Food
NCP41,16.6,Non-Edible,0.016276741,Health and Hygiene,109.8596,OUT018,Medium,Tier 3,Supermarket Type2,7.389498479,Non-Consumable
FDW36,11.15,Low Fat,0.056656942,Baking Goods,106.2622,OUT027,Medium,Tier 3,Supermarket Type3,7.753609984,Food
FDN31,11.5,Low Fat,0.072994847,Fruits and Vegetables,189.253,OUT049,Medium,Tier 1,Supermarket Type1,7.192385951,Food
NCU54,8.88,Non-Edible,0.165073642,Household,207.727,OUT010,Small,Tier 3,Grocery Store,5.350563457,Non-Consumable
FDS01,11.6,Low Fat,0.017744999,Canned,177.9686,OUT046,Small,Tier 1,Supermarket Type1,7.127196144,Food
FDA23,9.8,Low Fat,0.047453947,Baking Goods,101.7016,OUT017,Small,Tier 2,Supermarket Type1,7.325823302,Food
FDY08,9.395,Regular,0.171422166,Fruits and Vegetables,139.1838,OUT045,Small,Tier 2,Supermarket Type1,7.430591842,Food
FDJ28,12.3,Low Fat,0.021860985,Frozen Foods,193.3162,OUT046,Small,Tier 1,Supermarket Type1,8.03257422,Food
DRF36,16.1,Low Fat,0.023577298,Soft Drinks,192.6846,OUT046,Small,Tier 1,Supermarket Type1,7.961115288,Drinks
FDH44,19.1,Regular,0.043304681,Fruits and Vegetables,147.5418,OUT010,Small,Tier 3,Grocery Store,5.68793625,Food
NCY54,8.43,Non-Edible,0.177971115,Household,174.0422,OUT049,Medium,Tier 1,Supermarket Type1,7.635451895,Non-Consumable
FDR59,14.5,Regular,0.106894492,Breads,260.4594,OUT010,Small,Tier 3,Grocery Store,6.954293004,Food
DRA59,8.27,Regular,0.127927931,Soft Drinks,184.8924,OUT046,Small,Tier 1,Supermarket Type1,8.399134078,Drinks
FDS55,7.02,Low Fat,0.081623275,Fruits and Vegetables,148.0734,OUT017,Small,Tier 2,Supermarket Type1,7.565873134,Food
FDZ28,20,Regular,0.051596927,Frozen Foods,128.0678,OUT045,Small,Tier 2,Supermarket Type1,7.485126334,Food
DRG49,7.81,Low Fat,0.067592098,Soft Drinks,246.0486,OUT045,Small,Tier 2,Supermarket Type1,8.866032835,Drinks
FDH21,10.395,Low Fat,0.054670967,Seafood,158.6604,OUT019,Small,Tier 1,Grocery Store,5.761802295,Food
NCN19,13.1,Non-Edible,0.012089479,Others,189.853,OUT013,High,Tier 3,Supermarket Type1,8.13638772,Non-Consumable
FDP25,15.2,Low Fat,0.021250528,Canned,216.5824,OUT045,Small,Tier 2,Supermarket Type1,8.564492264,Food
DRH59,10.8,Low Fat,0.05843345,Hard Drinks,74.738,OUT046,Small,Tier 1,Supermarket Type1,6.93374656,Drinks
FDH09,12.6,Low Fat,0.05606697,Seafood,50.7982,OUT035,Small,Tier 2,Supermarket Type1,6.162016699,Food
NCK54,12.15,Non-Edible,0.029569276,Household,115.015,OUT049,Medium,Tier 1,Supermarket Type1,7.977239089,Non-Consumable
FDT21,7.42,Low Fat,0.0204332,Snack Foods,248.9092,OUT045,Small,Tier 2,Supermarket Type1,8.69571099,Food
FDR12,12.6,Regular,0.055213281,Baking Goods,172.4764,OUT019,Small,Tier 1,Grocery Store,6.533942315,Food
FDS25,6.885,Regular,0.1408005,Canned,111.4228,OUT017,Small,Tier 2,Supermarket Type1,8.001393752,Food
NCL05,19.6,Non-Edible,0.047665717,Health and Hygiene,42.177,OUT027,Medium,Tier 3,Supermarket Type3,7.135713621,Non-Consumable
NCI30,20.25,Non-Edible,0.059268885,Household,246.446,OUT017,Small,Tier 2,Supermarket Type1,8.215057838,Non-Consumable
FDJ26,15.3,Regular,0.084937098,Canned,214.0218,OUT045,Small,Tier 2,Supermarket Type1,6.97504844,Food
FDA56,9.21,Low Fat,0.008778413,Fruits and Vegetables,122.4414,OUT049,Medium,Tier 1,Supermarket Type1,7.368300695,Food
FDM33,15.6,Low Fat,0.087860752,Snack Foods,220.4798,OUT018,Medium,Tier 3,Supermarket Type2,6.495476108,Food
FDP04,15.35,Low Fat,0.013834247,Frozen Foods,62.7168,OUT049,Medium,Tier 1,Supermarket Type1,6.866674918,Food
FDR55,12.15,Regular,0.132351411,Fruits and Vegetables,190.3872,OUT045,Small,Tier 2,Supermarket Type1,7.950610994,Food
NCZ54,14.65,Non-Edible,0.082955719,Household,164.0552,OUT027,Medium,Tier 3,Supermarket Type3,8.616943825,Non-Consumable
NCA53,11.395,Non-Edible,0.009893817,Health and Hygiene,50.3034,OUT049,Medium,Tier 1,Supermarket Type1,6.880453967,Non-Consumable
FDL20,17.1,Low Fat,0.14234115,Fruits and Vegetables,111.9886,OUT046,Small,Tier 1,Supermarket Type1,8.00739777,Food
FDT26,18.85,Regular,0.067940657,Dairy,119.044,OUT035,Small,Tier 2,Supermarket Type1,7.08961006,Food
NCZ06,19.6,Non-Edible,0.094161662,Household,251.9698,OUT046,Small,Tier 1,Supermarket Type1,8.426624163,Non-Consumable
FDA04,11.3,Regular,0.067107448,Frozen Foods,258.1962,OUT017,Small,Tier 2,Supermarket Type1,8.390253829,Food
FDD29,12.15,Low Fat,0.018321361,Frozen Foods,255.3698,OUT027,Medium,Tier 3,Supermarket Type3,8.48067986,Food
FDS56,5.785,Regular,0.038756864,Fruits and Vegetables,260.7252,OUT046,Small,Tier 1,Supermarket Type1,8.705244899,Food
FDT07,5.82,Regular,0.077254736,Fruits and Vegetables,257.633,OUT013,High,Tier 3,Supermarket Type1,7.338886834,Food
FDT58,9,Low Fat,0.08630486,Snack Foods,168.0816,OUT018,Medium,Tier 3,Supermarket Type2,7.688070858,Food
FDJ10,5.095,Regular,0.128876537,Snack Foods,139.1838,OUT027,Medium,Tier 3,Supermarket Type3,8.500643599,Food
FDN25,7.895,Regular,0.061163967,Breakfast,59.2588,OUT035,Small,Tier 2,Supermarket Type1,6.687885363,Food
DRC27,13.8,Low Fat,0.058220302,Dairy,247.4802,OUT045,Small,Tier 2,Supermarket Type1,7.296468318,Drinks
FDA38,5.44,Low Fat,0.025519534,Dairy,238.7538,OUT049,Medium,Tier 1,Supermarket Type1,8.190439536,Food
FDM56,16.7,Low Fat,0.070133177,Fruits and Vegetables,109.8912,OUT013,High,Tier 3,Supermarket Type1,6.773686142,Food
NCI43,19.85,Non-Edible,0.025947095,Household,46.9376,OUT013,High,Tier 3,Supermarket Type1,6.356543677,Non-Consumable
FDP36,10.395,Regular,0.091688111,Baking Goods,49.0008,OUT017,Small,Tier 2,Supermarket Type1,6.758342557,Food
DRK49,14.15,Low Fat,0.035951788,Soft Drinks,40.5138,OUT019,Small,Tier 1,Grocery Store,3.728431843,Drinks
FDW32,18.35,Regular,0.165101585,Fruits and Vegetables,87.7882,OUT019,Small,Tier 1,Grocery Store,6.246744547,Food
NCW18,15.1,Non-Edible,0.059417055,Household,237.9248,OUT049,Medium,Tier 1,Supermarket Type1,7.665858019,Non-Consumable
FDQ44,20.5,Low Fat,0.036287517,Fruits and Vegetables,121.2756,OUT018,Medium,Tier 3,Supermarket Type2,7.688070858,Food
FDL45,15.6,Low Fat,0.037764269,Snack Foods,124.9704,OUT045,Small,Tier 2,Supermarket Type1,7.720491508,Food
DRB48,16.75,Regular,0.024848788,Soft Drinks,39.9822,OUT035,Small,Tier 2,Supermarket Type1,6.616549405,Drinks
FDQ34,10.85,Low Fat,0.162903525,Snack Foods,104.9622,OUT018,Medium,Tier 3,Supermarket Type2,7.301870082,Food
FDH17,16.2,Regular,0.016747538,Frozen Foods,98.6726,OUT017,Small,Tier 2,Supermarket Type1,7.149401633,Food
FDN08,7.72,Regular,0.147904328,Fruits and Vegetables,116.6466,OUT010,Small,Tier 3,Grocery Store,4.777833586,Food
FDK57,12.87542024,Low Fat,0.079904068,Snack Foods,120.044,OUT027,Medium,Tier 3,Supermarket Type3,8.397334303,Food
FDK10,5.785,Regular,0.040325274,Snack Foods,180.466,OUT013,High,Tier 3,Supermarket Type1,6.579340097,Food
FDL39,16.1,Regular,0.06302467,Dairy,181.6318,OUT027,Medium,Tier 3,Supermarket Type3,7.142054454,Food
FDP25,15.2,Low Fat,0.021203509,Canned,216.3824,OUT035,Small,Tier 2,Supermarket Type1,8.718615691,Food
FDC05,13.1,Regular,0.098765906,Frozen Foods,196.3768,OUT035,Small,Tier 2,Supermarket Type1,7.681949955,Food
FDA39,6.32,Low Fat,0.012707362,Meat,41.0822,OUT013,High,Tier 3,Supermarket Type1,6.849885459,Food
FDZ10,17.85,Low Fat,0.04442649,Snack Foods,124.902,OUT013,High,Tier 3,Supermarket Type1,7.548835181,Food
FDK08,9.195,Regular,0.121712459,Fruits and Vegetables,101.2016,OUT027,Medium,Tier 3,Supermarket Type3,7.875591082,Food
DRD24,13.85,Low Fat,0.030769458,Soft Drinks,141.7154,OUT013,High,Tier 3,Supermarket Type1,7.999384375,Drinks
DRG48,5.78,Low Fat,0.014614357,Soft Drinks,147.3102,OUT018,Medium,Tier 3,Supermarket Type2,7.755323046,Drinks
FDH52,9.42,Regular,0.076868664,Frozen Foods,62.1194,OUT019,Small,Tier 1,Grocery Store,4.827023305,Food
FDS25,6.885,Regular,0.140292495,Canned,108.5228,OUT045,Small,Tier 2,Supermarket Type1,7.596096128,Food
NCH43,8.42,Non-Edible,0.070555571,Household,216.0192,OUT035,Small,Tier 2,Supermarket Type1,7.772294169,Non-Consumable
DRK01,7.63,Low Fat,0.061409711,Soft Drinks,94.6436,OUT017,Small,Tier 2,Supermarket Type1,7.382896438,Drinks
FDD59,10.5,Regular,0.066555152,Starchy Foods,80.896,OUT017,Small,Tier 2,Supermarket Type1,6.866674918,Food
FDB27,7.575,Low Fat,0.092711708,Dairy,197.7768,OUT010,Small,Tier 3,Grocery Store,5.288654834,Food
FDO22,13.5,Regular,0.017844609,Snack Foods,81.396,OUT013,High,Tier 3,Supermarket Type1,7.08961006,Food
FDD35,12.15,Low Fat,0.025916883,Starchy Foods,120.244,OUT045,Small,Tier 2,Supermarket Type1,7.731068947,Food
FDR01,5.405,Regular,0.053611144,Canned,197.7742,OUT035,Small,Tier 2,Supermarket Type1,6.681227006,Food
NCB31,6.235,Non-Edible,0.207783483,Household,262.291,OUT019,Small,Tier 1,Grocery Store,6.267166392,Non-Consumable
FDC35,7.435,Low Fat,0.122837694,Starchy Foods,208.7638,OUT046,Small,Tier 1,Supermarket Type1,8.04139907,Food
FDS23,4.635,Low Fat,0.141174838,Breads,127.0994,OUT045,Small,Tier 2,Supermarket Type1,7.947320359,Food
FDC33,8.96,Regular,0.069078149,Fruits and Vegetables,197.7768,OUT045,Small,Tier 2,Supermarket Type1,8.056499308,Food
NCF18,18.35,Non-Edible,0.089345074,Household,191.9504,OUT018,Medium,Tier 3,Supermarket Type2,8.588585273,Non-Consumable
FDM36,11.65,Regular,0.058822142,Baking Goods,173.5422,OUT049,Medium,Tier 1,Supermarket Type1,8.146084292,Food
FDJ53,10.5,Low Fat,0.071368699,Frozen Foods,121.3098,OUT049,Medium,Tier 1,Supermarket Type1,7.277328995,Food
NCL17,7.39,Non-Edible,0.068055818,Health and Hygiene,140.7812,OUT018,Medium,Tier 3,Supermarket Type2,7.357743173,Non-Consumable
FDW27,5.86,Regular,0.150122794,Meat,154.5314,OUT027,Medium,Tier 3,Supermarket Type3,7.242213059,Food
FDA32,14,Low Fat,0.030094192,Fruits and Vegetables,215.7192,OUT046,Small,Tier 1,Supermarket Type1,6.984342176,Food
FDA03,18.5,Regular,0.076097035,Dairy,145.8102,OUT010,Small,Tier 3,Grocery Store,5.678876206,Food
FDW09,13.65,Regular,0.025973384,Snack Foods,79.6302,OUT045,Small,Tier 2,Supermarket Type1,6.320069129,Food
FDN09,14.15,Low Fat,0.039561881,Snack Foods,244.1828,OUT045,Small,Tier 2,Supermarket Type1,6.595846632,Food
FDM08,10.1,Regular,0.053887301,Fruits and Vegetables,225.6088,OUT017,Small,Tier 2,Supermarket Type1,8.355019426,Food
FDX01,10.1,Low Fat,0.024262772,Canned,117.615,OUT018,Medium,Tier 3,Supermarket Type2,7.323629359,Food
DRO35,13.85,Low Fat,0.034624104,Hard Drinks,115.0492,OUT049,Medium,Tier 1,Supermarket Type1,8.307884002,Drinks
FDS31,13.1,Regular,0.044281996,Fruits and Vegetables,178.5318,OUT045,Small,Tier 2,Supermarket Type1,8.028892173,Food
NCM53,18.75,Non-Edible,0.052121825,Health and Hygiene,104.828,OUT049,Medium,Tier 1,Supermarket Type1,7.759876915,Non-Consumable
FDI16,14,Regular,0.135662712,Frozen Foods,52.064,OUT013,High,Tier 3,Supermarket Type1,6.749022116,Food
DRF36,16.1,Low Fat,0.023613955,Soft Drinks,192.8846,OUT049,Medium,Tier 1,Supermarket Type1,8.585107658,Drinks
FDW49,19.5,Low Fat,0.082152451,Canned,179.9002,OUT027,Medium,Tier 3,Supermarket Type3,8.323682372,Food
FDB58,10.5,Regular,0.02363057,Snack Foods,141.7154,OUT019,Small,Tier 1,Grocery Store,6.055486216,Food
NCJ18,12.35,Non-Edible,0.164274416,Household,119.8124,OUT045,Small,Tier 2,Supermarket Type1,7.665858019,Non-Consumable
FDL51,20.7,Regular,0.047587685,Dairy,215.0876,OUT045,Small,Tier 2,Supermarket Type1,8.546033755,Food
FDS03,7.825,Low Fat,0.079952983,Meat,62.7826,OUT018,Medium,Tier 3,Supermarket Type2,7.059176638,Food
NCO54,19.5,Non-Edible,0.024992442,Household,53.6614,OUT019,Small,Tier 1,Grocery Store,5.116700761,Non-Consumable
FDA48,12.1,Low Fat,0.115107028,Baking Goods,222.0114,OUT045,Small,Tier 2,Supermarket Type1,8.174247117,Food
NCK06,5.03,Non-Edible,0.008604657,Household,123.1756,OUT027,Medium,Tier 3,Supermarket Type3,7.100650735,Non-Consumable
NCZ54,14.65,Non-Edible,0.083528446,Household,162.4552,OUT045,Small,Tier 2,Supermarket Type1,7.729899186,Non-Consumable
FDW39,6.69,Regular,0.036731658,Meat,177.237,OUT027,Medium,Tier 3,Supermarket Type3,8.469010633,Food
FDI09,20.75,Regular,0.129337594,Seafood,238.188,OUT046,Small,Tier 1,Supermarket Type1,8.524059167,Food
NCO02,11.15,Non-Edible,0.07346686,Others,65.0142,OUT049,Medium,Tier 1,Supermarket Type1,7.022459268,Non-Consumable
DRF13,12.1,Low Fat,0.029827665,Soft Drinks,144.3444,OUT049,Medium,Tier 1,Supermarket Type1,7.868483554,Drinks
FDK25,11.6,Regular,0.157718931,Breakfast,168.3474,OUT017,Small,Tier 2,Supermarket Type1,8.42268025,Food
FDZ38,17.6,Low Fat,0.008046275,Dairy,173.7422,OUT017,Small,Tier 2,Supermarket Type1,8.676593178,Food
NCQ42,20.35,Non-Edible,0.068753558,Household,127.9678,OUT019,Small,Tier 1,Grocery Store,5.542578758,Non-Consumable
FDM14,13.8,Low Fat,0.013199737,Canned,108.9254,OUT027,Medium,Tier 3,Supermarket Type3,7.906228581,Food
FDC20,10.65,Low Fat,0.023971463,Fruits and Vegetables,54.0272,OUT046,Small,Tier 1,Supermarket Type1,6.105724941,Food
FDW32,18.35,Regular,0.09468096,Fruits and Vegetables,86.2882,OUT018,Medium,Tier 3,Supermarket Type2,7.398098034,Food
FDQ19,7.35,Regular,0.014394261,Fruits and Vegetables,241.3512,OUT045,Small,Tier 2,Supermarket Type1,8.581617906,Food
FDE08,18.2,Low Fat,0.049396364,Fruits and Vegetables,146.4734,OUT049,Medium,Tier 1,Supermarket Type1,8.178740242,Food
FDC29,8.39,Regular,0.024243294,Frozen Foods,116.0176,OUT049,Medium,Tier 1,Supermarket Type1,7.380409393,Food
FDV50,14.3,Low Fat,0.122469209,Dairy,121.973,OUT013,High,Tier 3,Supermarket Type1,7.905001287,Food
FDF11,10.195,Regular,0.017730951,Starchy Foods,239.8538,OUT017,Small,Tier 2,Supermarket Type1,8.315570056,Food
FDN09,14.15,Low Fat,0.035016754,Snack Foods,245.3828,OUT018,Medium,Tier 3,Supermarket Type2,7.442363599,Food
DRG37,16.2,Low Fat,0.019417732,Soft Drinks,153.7972,OUT045,Small,Tier 2,Supermarket Type1,7.246492663,Drinks
NCV06,11.3,Non-Edible,0.066358426,Household,195.2478,OUT027,Medium,Tier 3,Supermarket Type3,8.877614712,Non-Consumable
DRJ13,12.65,Low Fat,0.105265475,Soft Drinks,159.9578,OUT010,Small,Tier 3,Grocery Store,6.870828605,Drinks
DRF25,9,Low Fat,0.038736754,Soft Drinks,37.319,OUT027,Medium,Tier 3,Supermarket Type3,7.156695224,Drinks
FDE53,10.895,Low Fat,0.044991876,Frozen Foods,107.228,OUT010,Small,Tier 3,Grocery Store,6.057046274,Food
FDS08,5.735,Low Fat,0.05696122,Fruits and Vegetables,176.337,OUT046,Small,Tier 1,Supermarket Type1,7.476115579,Food
FDO23,17.85,Low Fat,0.147255604,Breads,93.7436,OUT017,Small,Tier 2,Supermarket Type1,7.440020307,Food
FDT07,5.82,Regular,0.077319079,Fruits and Vegetables,255.433,OUT046,Small,Tier 1,Supermarket Type1,8.379920179,Food
NCX29,10,Non-Edible,0.089135671,Health and Hygiene,146.9102,OUT035,Small,Tier 2,Supermarket Type1,8.073659919,Non-Consumable
FDG22,17.6,Regular,0.041373331,Snack Foods,38.119,OUT035,Small,Tier 2,Supermarket Type1,6.597663985,Food
DRJ47,18.25,Low Fat,0.04403602,Hard Drinks,173.308,OUT027,Medium,Tier 3,Supermarket Type3,8.817625434,Drinks
FDL43,10.1,Low Fat,0.027041859,Meat,77.567,OUT013,High,Tier 3,Supermarket Type1,5.727720331,Food
FDZ43,11,Regular,0.056782237,Fruits and Vegetables,241.2512,OUT027,Medium,Tier 3,Supermarket Type3,9.016869791,Food
FDZ21,17.6,Regular,0.03922186,Snack Foods,97.241,OUT046,Small,Tier 1,Supermarket Type1,5.26828075,Food
FDJ50,8.645,Low Fat,0.021581922,Canned,53.3982,OUT035,Small,Tier 2,Supermarket Type1,7.099002384,Food
FDV35,19.5,Low Fat,0.128206001,Breads,155.9314,OUT046,Small,Tier 1,Supermarket Type1,8.263406137,Food
FDW56,7.68,Low Fat,0.071301323,Fruits and Vegetables,190.8162,OUT017,Small,Tier 2,Supermarket Type1,7.899089214,Food
DRL35,15.7,Low Fat,0.030765898,Hard Drinks,43.277,OUT045,Small,Tier 2,Supermarket Type1,6.477210796,Drinks
FDR01,5.405,Regular,0.053730029,Canned,199.0742,OUT045,Small,Tier 2,Supermarket Type1,8.47194073,Food
FDS24,20.85,Regular,0.062350672,Baking Goods,86.9514,OUT045,Small,Tier 2,Supermarket Type1,7.256877452,Food
NCL17,7.39,Non-Edible,0.068163102,Health and Hygiene,140.4812,OUT017,Small,Tier 2,Supermarket Type1,7.792836171,Non-Consumable
FDS13,6.465,Low Fat,0.154211579,Canned,263.1884,OUT018,Medium,Tier 3,Supermarket Type2,7.977924334,Food
FDB59,18.25,Low Fat,0.015309885,Snack Foods,197.6084,OUT045,Small,Tier 2,Supermarket Type1,7.775654103,Food
FDW26,11.8,Regular,0.106538757,Dairy,222.3772,OUT027,Medium,Tier 3,Supermarket Type3,7.350927391,Food
FDQ12,12.65,Low Fat,0.061999648,Baking Goods,230.001,OUT019,Small,Tier 1,Grocery Store,6.536840862,Food
FDX59,10.195,Low Fat,0.051618281,Breads,31.9558,OUT013,High,Tier 3,Supermarket Type1,5.925628651,Food
FDL36,15.1,Low Fat,0.076505799,Baking Goods,91.583,OUT017,Small,Tier 2,Supermarket Type1,6.292120839,Food
FDQ55,13.65,Regular,0.013091186,Fruits and Vegetables,114.8834,OUT018,Medium,Tier 3,Supermarket Type2,7.386202907,Food
FDV46,18.2,Low Fat,0.022074764,Snack Foods,141.418,OUT019,Small,Tier 1,Grocery Store,6.32842238,Food
FDM28,15.7,Low Fat,0.079146113,Frozen Foods,181.466,OUT019,Small,Tier 1,Grocery Store,5.197203377,Food
FDT40,5.985,Low Fat,0.096337184,Frozen Foods,125.2678,OUT017,Small,Tier 2,Supermarket Type1,6.63857669,Food
DRJ11,9.5,Low Fat,0.142425145,Hard Drinks,189.9872,OUT010,Small,Tier 3,Grocery Store,6.629823913,Drinks
FDD51,11.15,Low Fat,0.137863134,Dairy,44.7744,OUT045,Small,Tier 2,Supermarket Type1,5.204542807,Food
NCT17,10.8,Non-Edible,0.041663111,Health and Hygiene,188.6214,OUT027,Medium,Tier 3,Supermarket Type3,8.704582684,Non-Consumable
NCW17,18,Non-Edible,0.019386234,Health and Hygiene,126.8994,OUT046,Small,Tier 1,Supermarket Type1,8.034302269,Non-Consumable
NCY29,13.65,Non-Edible,0.135226962,Health and Hygiene,56.293,OUT019,Small,Tier 1,Grocery Store,4.737828698,Non-Consumable
DRH36,16.2,Low Fat,0.038442922,Soft Drinks,73.4696,OUT013,High,Tier 3,Supermarket Type1,7.644416252,Drinks
FDB17,13.15,Low Fat,0.036729122,Frozen Foods,179.7976,OUT049,Medium,Tier 1,Supermarket Type1,7.838487785,Food
NCA17,20.6,Non-Edible,0.045380404,Health and Hygiene,148.4392,OUT013,High,Tier 3,Supermarket Type1,7.490345354,Non-Consumable
FDT27,11.395,Regular,0.069587171,Meat,234.6616,OUT046,Small,Tier 1,Supermarket Type1,8.452810818,Food
FDR32,6.78,Regular,0.08573655,Fruits and Vegetables,229.5694,OUT013,High,Tier 3,Supermarket Type1,8.139306577,Food
FDG41,8.84,Regular,0.076681143,Frozen Foods,110.7228,OUT049,Medium,Tier 1,Supermarket Type1,7.413875048,Food
FDX25,16.7,Low Fat,0.102055777,Canned,184.0292,OUT046,Small,Tier 1,Supermarket Type1,8.03989789,Food
FDG56,13.3,Regular,0.071856726,Fruits and Vegetables,63.2536,OUT017,Small,Tier 2,Supermarket Type1,7.206806873,Food
FDN16,12.6,Regular,0.063054947,Frozen Foods,102.399,OUT017,Small,Tier 2,Supermarket Type1,7.728141975,Food
FDD47,7.6,Regular,0.142383847,Starchy Foods,172.3448,OUT035,Small,Tier 2,Supermarket Type1,7.846852749,Food
FDR12,12.6,Regular,0.03150851,Baking Goods,170.5764,OUT013,High,Tier 3,Supermarket Type1,8.237500664,Food
FDS33,6.67,Regular,0.123620492,Snack Foods,90.0514,OUT049,Medium,Tier 1,Supermarket Type1,7.317460585,Food
NCC55,10.695,Non-Edible,0.06375108,Household,36.7848,OUT035,Small,Tier 2,Supermarket Type1,6.66438453,Non-Consumable
FDA38,5.44,Low Fat,0.04461205,Dairy,241.1538,OUT019,Small,Tier 1,Grocery Store,6.177337291,Food
FDK44,16.6,Low Fat,0.122204371,Fruits and Vegetables,173.5738,OUT035,Small,Tier 2,Supermarket Type1,7.556172736,Food
FDZ57,10,Regular,0.037764307,Snack Foods,127.2994,OUT046,Small,Tier 1,Supermarket Type1,6.466917365,Food
NCN14,19.1,Non-Edible,0.092437711,Others,185.2608,OUT017,Small,Tier 2,Supermarket Type1,7.293756454,Non-Consumable
NCB06,17.6,Non-Edible,0.137807013,Health and Hygiene,161.792,OUT010,Small,Tier 3,Grocery Store,5.080111604,Non-Consumable
DRL01,19.5,Regular,0.077292302,Soft Drinks,235.3958,OUT049,Medium,Tier 1,Supermarket Type1,8.750015607,Drinks
FDU10,10.1,Regular,0.045763062,Snack Foods,38.4848,OUT049,Medium,Tier 1,Supermarket Type1,6.453375519,Food
NCS38,8.6,Non-Edible,0.090558833,Household,112.6176,OUT018,Medium,Tier 3,Supermarket Type2,8.036888755,Non-Consumable
FDQ16,19.7,Low Fat,0.041703666,Frozen Foods,109.1912,OUT013,High,Tier 3,Supermarket Type1,7.401761039,Food
FDS40,15.35,Low Fat,0.014098693,Frozen Foods,37.219,OUT017,Small,Tier 2,Supermarket Type1,6.692850198,Food
FDE36,5.26,Regular,0.042008667,Baking Goods,162.6868,OUT017,Small,Tier 2,Supermarket Type1,8.234325219,Food
FDV31,9.8,Low Fat,0.106933748,Fruits and Vegetables,175.337,OUT045,Small,Tier 2,Supermarket Type1,6.273463627,Food
NCD42,16.5,Non-Edible,0.012663476,Health and Hygiene,39.3506,OUT045,Small,Tier 2,Supermarket Type1,6.471047461,Non-Consumable
FDT20,10.5,Low Fat,0.041387618,Fruits and Vegetables,40.1164,OUT035,Small,Tier 2,Supermarket Type1,6.745895897,Food
NCN19,13.1,Non-Edible,0.012148836,Others,191.353,OUT018,Medium,Tier 3,Supermarket Type2,7.192385951,Non-Consumable
FDW21,5.34,Regular,0.005935001,Snack Foods,98.8358,OUT027,Medium,Tier 3,Supermarket Type3,7.606743368,Food
FDF34,9.3,Regular,0.014047825,Snack Foods,196.5084,OUT045,Small,Tier 2,Supermarket Type1,8.381599056,Food
FDI28,14.3,Low Fat,0.026375082,Frozen Foods,79.6302,OUT045,Small,Tier 2,Supermarket Type1,6.676203981,Food
FDG44,6.13,Low Fat,0.121512963,Fruits and Vegetables,55.7298,OUT027,Medium,Tier 3,Supermarket Type3,7.939283445,Food
DRF60,10.8,Low Fat,0.052174319,Soft Drinks,240.3564,OUT045,Small,Tier 2,Supermarket Type1,8.364371841,Drinks
FDQ36,7.855,Regular,0.161971459,Baking Goods,38.1848,OUT019,Small,Tier 1,Grocery Store,3.645052951,Food
FDP34,12.85,Low Fat,0.137786856,Snack Foods,157.763,OUT018,Medium,Tier 3,Supermarket Type2,7.886408792,Food
FDA20,6.78,Low Fat,0.066608487,Fruits and Vegetables,184.624,OUT035,Small,Tier 2,Supermarket Type1,8.595504432,Food
FDE41,9.195,Regular,0.064002068,Frozen Foods,85.5566,OUT035,Small,Tier 2,Supermarket Type1,6.836390955,Food
DRK47,7.905,Low Fat,0.06406438,Hard Drinks,229.2694,OUT046,Small,Tier 1,Supermarket Type1,7.510953244,Drinks
FDY10,17.6,Low Fat,0.049345425,Snack Foods,115.4176,OUT017,Small,Tier 2,Supermarket Type1,7.044186463,Food
FDI02,15.7,Regular,0.11521312,Canned,112.0202,OUT017,Small,Tier 2,Supermarket Type1,8.055654624,Food
FDE41,9.195,Regular,0.064130039,Frozen Foods,83.7566,OUT019,Small,Tier 1,Grocery Store,5.539967804,Food
FDZ52,19.2,Low Fat,0.099991245,Frozen Foods,112.7886,OUT013,High,Tier 3,Supermarket Type1,7.484378531,Food
FDG50,7.405,Low Fat,0.015334003,Canned,92.7146,OUT018,Medium,Tier 3,Supermarket Type2,7.079007294,Food
DRL01,19.5,Regular,0.129170642,Soft Drinks,233.9958,OUT010,Small,Tier 3,Grocery Store,6.149304698,Drinks
FDV48,9.195,Regular,0.051908824,Baking Goods,78.1644,OUT017,Small,Tier 2,Supermarket Type1,7.254997313,Food
FDR48,11.65,Low Fat,0.131770922,Baking Goods,151.1024,OUT045,Small,Tier 2,Supermarket Type1,7.325823302,Food
NCD54,21.1,Non-Edible,0.028984804,Household,146.1786,OUT013,High,Tier 3,Supermarket Type1,8.017983376,Non-Consumable
NCT54,8.695,Non-Edible,0.120211747,Household,93.2094,OUT017,Small,Tier 2,Supermarket Type1,6.503488153,Non-Consumable
FDH02,7.27,Regular,0.02076385,Canned,89.0488,OUT013,High,Tier 3,Supermarket Type1,5.204542807,Food
NCD43,8.85,Non-Edible,0.016006626,Household,105.6964,OUT013,High,Tier 3,Supermarket Type1,5.353718014,Non-Consumable
FDE46,18.6,Low Fat,0.015766712,Snack Foods,152.9366,OUT035,Small,Tier 2,Supermarket Type1,7.416680658,Food
NCO42,21.25,Non-Edible,0.024536199,Household,144.6102,OUT027,Medium,Tier 3,Supermarket Type3,8.240666057,Non-Consumable
FDR40,9.1,Regular,0.008046878,Frozen Foods,78.7618,OUT049,Medium,Tier 1,Supermarket Type1,6.000941994,Food
FDG24,7.975,Low Fat,0.014653896,Baking Goods,82.425,OUT049,Medium,Tier 1,Supermarket Type1,6.620106539,Food
NCO17,10,Non-Edible,0.073794811,Health and Hygiene,121.444,OUT017,Small,Tier 2,Supermarket Type1,7.831110598,Non-Consumable
FDF22,6.865,Low Fat,0.056830682,Snack Foods,214.0218,OUT046,Small,Tier 1,Supermarket Type1,8.622951652,Food
FDC59,16.7,Regular,0.054618573,Starchy Foods,65.5168,OUT035,Small,Tier 2,Supermarket Type1,6.931148316,Food
NCY18,7.285,Non-Edible,0.052141447,Household,174.9054,OUT010,Small,Tier 3,Grocery Store,6.265902173,Non-Consumable
DRE48,8.43,Low Fat,0.017360867,Soft Drinks,196.2768,OUT045,Small,Tier 2,Supermarket Type1,7.363669112,Drinks
FDV60,20.2,Regular,0.196438668,Baking Goods,194.611,OUT010,Small,Tier 3,Grocery Store,5.975899031,Food
FDB56,8.75,Regular,0.074743226,Fruits and Vegetables,187.6556,OUT049,Medium,Tier 1,Supermarket Type1,8.567535826,Food
FDL20,17.1,Low Fat,0.127792701,Fruits and Vegetables,111.1886,OUT027,Medium,Tier 3,Supermarket Type3,8.400332131,Food
NCZ53,9.6,Non-Edible,0.024358634,Health and Hygiene,190.4214,OUT027,Medium,Tier 3,Supermarket Type3,8.640055218,Non-Consumable
DRM35,9.695,Low Fat,0.070431235,Hard Drinks,177.5344,OUT035,Small,Tier 2,Supermarket Type1,8.017763981,Drinks
FDV16,7.75,Regular,0.082930699,Frozen Foods,35.2558,OUT046,Small,Tier 1,Supermarket Type1,6.661833513,Food
FDY19,19.75,Low Fat,0.041330512,Fruits and Vegetables,115.8466,OUT013,High,Tier 3,Supermarket Type1,7.814310211,Food
FDY12,9.8,Regular,0.235354055,Baking Goods,50.8008,OUT010,Small,Tier 3,Grocery Store,4.626947333,Food
FDM15,11.8,Regular,0.057746382,Meat,152.4366,OUT017,Small,Tier 2,Supermarket Type1,8.276535051,Food
FDP12,9.8,Regular,0.045337184,Baking Goods,36.8874,OUT049,Medium,Tier 1,Supermarket Type1,6.337884286,Food
FDT21,7.42,Low Fat,0.020374875,Snack Foods,248.0092,OUT013,High,Tier 3,Supermarket Type1,7.127730617,Food
DRE49,20.75,Low Fat,0.035568147,Soft Drinks,151.8024,OUT010,Small,Tier 3,Grocery Store,5.029145583,Drinks
FDN16,12.6,Regular,0.062797771,Frozen Foods,103.999,OUT049,Medium,Tier 1,Supermarket Type1,6.717311224,Food
FDE04,19.75,Regular,0.018096488,Frozen Foods,179.566,OUT018,Medium,Tier 3,Supermarket Type2,7.90007699,Food
FDC51,10.895,Regular,0.009613854,Dairy,122.973,OUT013,High,Tier 3,Supermarket Type1,7.116986501,Food
FDO04,16.6,Low Fat,0.026645307,Frozen Foods,53.5614,OUT018,Medium,Tier 3,Supermarket Type2,6.846351892,Food
FDD41,6.765,Regular,0.087753682,Frozen Foods,105.3306,OUT017,Small,Tier 2,Supermarket Type1,7.64569034,Food
FDI45,13.1,Low Fat,0.037657459,Fruits and Vegetables,175.8054,OUT045,Small,Tier 2,Supermarket Type1,7.938333665,Food
NCB18,19.6,Non-Edible,0.041091215,Household,89.5514,OUT027,Medium,Tier 3,Supermarket Type3,8.121466471,Non-Consumable
FDW51,6.155,Regular,0.095195306,Meat,213.956,OUT017,Small,Tier 2,Supermarket Type1,7.759876915,Food
NCK07,10.65,Non-Edible,0.048686689,Others,164.1526,OUT046,Small,Tier 1,Supermarket Type1,7.501070301,Non-Consumable
FDZ45,14.1,Low Fat,0.117091213,Snack Foods,197.9084,OUT019,Small,Tier 1,Grocery Store,6.900772959,Food
FDB37,20.25,Regular,0.022940826,Baking Goods,241.8538,OUT046,Small,Tier 1,Supermarket Type1,8.660339175,Food
FDZ60,20.5,Low Fat,0.119339241,Baking Goods,106.0596,OUT035,Small,Tier 2,Supermarket Type1,6.879084574,Food
FDN04,11.8,Regular,0.014075334,Frozen Foods,176.8344,OUT013,High,Tier 3,Supermarket Type1,8.180233476,Food
FDW47,15,Low Fat,0.046336634,Breads,120.0414,OUT013,High,Tier 3,Supermarket Type1,8.170299002,Food
FDB17,13.15,Low Fat,0.036641589,Frozen Foods,180.7976,OUT013,High,Tier 3,Supermarket Type1,8.725559032,Food
FDR56,15.5,Regular,0.101176316,Fruits and Vegetables,198.9768,OUT018,Medium,Tier 3,Supermarket Type2,8.461858732,Food
FDU55,16.2,Low Fat,0.035737373,Fruits and Vegetables,260.6278,OUT027,Medium,Tier 3,Supermarket Type3,9.145567242,Food
FDH40,11.6,Regular,0.079376029,Frozen Foods,81.7276,OUT017,Small,Tier 2,Supermarket Type1,7.575821752,Food
FDH05,14.35,Regular,0.091054989,Frozen Foods,231.8984,OUT049,Medium,Tier 1,Supermarket Type1,8.441384574,Food
FDX58,13.15,Low Fat,0.043852434,Snack Foods,182.695,OUT045,Small,Tier 2,Supermarket Type1,8.345736794,Food
FDC51,10.895,Regular,0.009620042,Dairy,121.673,OUT035,Small,Tier 2,Supermarket Type1,7.586685881,Food
NCR05,10.1,Non-Edible,0.054939848,Health and Hygiene,199.5084,OUT017,Small,Tier 2,Supermarket Type1,8.12383731,Non-Consumable
DRH25,18.7,Low Fat,0.014675574,Soft Drinks,50.8324,OUT017,Small,Tier 2,Supermarket Type1,6.841383826,Drinks
NCR53,12.15,Non-Edible,0.14526636,Health and Hygiene,224.0404,OUT049,Medium,Tier 1,Supermarket Type1,8.124626342,Non-Consumable
FDS04,10.195,Regular,0.146662938,Frozen Foods,138.6838,OUT046,Small,Tier 1,Supermarket Type1,7.778724157,Food
FDC03,8.575,Regular,0.071786706,Dairy,193.3794,OUT013,High,Tier 3,Supermarket Type1,6.660981725,Food
FDP44,16.5,Regular,0.133424184,Fruits and Vegetables,102.2332,OUT010,Small,Tier 3,Grocery Store,4.639892334,Food
FDK16,9.065,Low Fat,0.115799592,Frozen Foods,95.3094,OUT018,Medium,Tier 3,Supermarket Type2,7.447033773,Food
NCC30,16.6,Non-Edible,0.027579198,Household,178.7344,OUT046,Small,Tier 1,Supermarket Type1,7.38206811,Non-Consumable
FDZ26,11.6,Regular,0.241055611,Dairy,238.5222,OUT010,Small,Tier 3,Grocery Store,6.576562322,Food
NCO54,19.5,Non-Edible,0.014332439,Household,57.1614,OUT018,Medium,Tier 3,Supermarket Type2,7.23167405,Non-Consumable
NCP41,16.6,Non-Edible,0.027133398,Health and Hygiene,106.2596,OUT010,Small,Tier 3,Grocery Store,5.378602506,Non-Consumable
DRE27,11.85,Low Fat,0.132876847,Dairy,98.0726,OUT049,Medium,Tier 1,Supermarket Type1,6.982490326,Drinks
FDQ10,12.85,Low Fat,0.03315162,Snack Foods,170.6422,OUT013,High,Tier 3,Supermarket Type1,7.983616514,Food
NCU42,9,Non-Edible,0.019536981,Household,170.0474,OUT049,Medium,Tier 1,Supermarket Type1,8.345736794,Non-Consumable
FDX43,5.655,Low Fat,0.085258864,Fruits and Vegetables,165.85,OUT035,Small,Tier 2,Supermarket Type1,7.513136252,Food
NCD19,8.93,Non-Edible,0.013179388,Household,55.1614,OUT046,Small,Tier 1,Supermarket Type1,6.846351892,Non-Consumable
NCI54,15.2,Non-Edible,0.033592687,Household,108.1912,OUT035,Small,Tier 2,Supermarket Type1,7.526852393,Non-Consumable
FDS37,7.655,Low Fat,0.05346916,Canned,114.1492,OUT010,Small,Tier 3,Grocery Store,4.760884215,Food
FDO25,6.3,Low Fat,0.126831854,Canned,209.027,OUT027,Medium,Tier 3,Supermarket Type3,8.437065847,Food
FDS57,15.5,Low Fat,0.103603094,Snack Foods,143.547,OUT049,Medium,Tier 1,Supermarket Type1,7.267155506,Food
FDI52,18.7,Low Fat,0.104840884,Frozen Foods,122.1072,OUT049,Medium,Tier 1,Supermarket Type1,6.196502782,Food
DRK12,9.5,Low Fat,0.042056944,Soft Drinks,31.89,OUT018,Medium,Tier 3,Supermarket Type2,5.905879425,Drinks
FDG40,13.65,Low Fat,0.040049609,Frozen Foods,34.4558,OUT017,Small,Tier 2,Supermarket Type1,6.417066214,Food
FDU49,19.5,Regular,0.03075661,Canned,86.254,OUT045,Small,Tier 2,Supermarket Type1,7.680106354,Food
FDR49,8.71,Low Fat,0.162816471,Canned,46.5376,OUT013,High,Tier 3,Supermarket Type1,6.356543677,Food
FDF40,20.25,Regular,0.03941584,Dairy,247.8092,OUT019,Small,Tier 1,Grocery Store,6.212642969,Food
DRE03,19.6,Low Fat,0.024363939,Dairy,46.3718,OUT017,Small,Tier 2,Supermarket Type1,6.496481131,Drinks
FDR55,12.15,Regular,0.131443921,Fruits and Vegetables,189.1872,OUT027,Medium,Tier 3,Supermarket Type3,8.574601654,Food
NCU05,11.8,Non-Edible,0.058725131,Health and Hygiene,82.3618,OUT035,Small,Tier 2,Supermarket Type1,7.097901973,Non-Consumable
FDR36,6.715,Regular,0.122274118,Baking Goods,40.3454,OUT017,Small,Tier 2,Supermarket Type1,6.733292362,Food
NCM30,19.1,Non-Edible,0.067239404,Household,39.6796,OUT013,High,Tier 3,Supermarket Type1,6.494470073,Non-Consumable
FDH24,20.7,Low Fat,0.021464454,Baking Goods,156.6288,OUT049,Medium,Tier 1,Supermarket Type1,8.276196212,Food
DRO47,10.195,Low Fat,0.112681821,Hard Drinks,113.986,OUT018,Medium,Tier 3,Supermarket Type2,6.117533162,Drinks
FDQ49,20.2,Regular,0.039469737,Breakfast,155.163,OUT017,Small,Tier 2,Supermarket Type1,6.663534914,Food
DRJ37,10.8,Low Fat,0.061101383,Soft Drinks,151.9024,OUT046,Small,Tier 1,Supermarket Type1,7.856180445,Drinks
NCJ42,19.75,Non-Edible,0.014359584,Household,100.8332,OUT018,Medium,Tier 3,Supermarket Type2,7.338886834,Non-Consumable
FDD05,19.35,Low Fat,0.016637301,Frozen Foods,120.9098,OUT049,Medium,Tier 1,Supermarket Type1,7.431380951,Food
FDC39,7.405,Low Fat,0.159843921,Dairy,206.6296,OUT018,Medium,Tier 3,Supermarket Type2,8.044608314,Food
NCY06,15.25,Non-Edible,0.061308889,Household,128.8968,OUT045,Small,Tier 2,Supermarket Type1,7.762146096,Non-Consumable
NCS06,7.935,Non-Edible,0.055566935,Household,263.591,OUT019,Small,Tier 1,Grocery Store,5.575915012,Non-Consumable
FDE16,8.895,Low Fat,0.026397141,Frozen Foods,207.8954,OUT045,Small,Tier 2,Supermarket Type1,8.17293281,Food
NCQ50,18.75,Non-Edible,0.034307348,Household,215.2218,OUT046,Small,Tier 1,Supermarket Type1,8.455930281,Non-Consumable
FDX50,20.1,Low Fat,0.074627201,Dairy,110.3228,OUT046,Small,Tier 1,Supermarket Type1,7.478375891,Food
NCL41,12.35,Non-Edible,0.041973712,Health and Hygiene,35.7216,OUT017,Small,Tier 2,Supermarket Type1,6.254451694,Non-Consumable
FDM58,16.85,Regular,0.080015028,Snack Foods,111.8544,OUT018,Medium,Tier 3,Supermarket Type2,7.425844062,Food
FDH35,18.25,Low Fat,0.10084386,Starchy Foods,166.3526,OUT010,Small,Tier 3,Grocery Store,5.108684749,Food
FDS50,17,Low Fat,0.055519561,Dairy,219.8114,OUT049,Medium,Tier 1,Supermarket Type1,7.011716116,Food
FDT09,15.15,Regular,0.012203915,Snack Foods,133.2284,OUT027,Medium,Tier 3,Supermarket Type3,8.378238479,Food
FDR60,14.3,Low Fat,0.130946374,Baking Goods,76.7328,OUT018,Medium,Tier 3,Supermarket Type2,7.180798931,Food
FDG22,17.6,Regular,0.041381156,Snack Foods,35.019,OUT046,Small,Tier 1,Supermarket Type1,6.492454963,Food
FDL52,6.635,Regular,0.04586701,Frozen Foods,37.9506,OUT027,Medium,Tier 3,Supermarket Type3,6.815436461,Food
DRJ39,20.25,Low Fat,0.036474041,Dairy,218.3482,OUT018,Medium,Tier 3,Supermarket Type2,7.787602002,Drinks
FDW45,18,Low Fat,0.039231652,Snack Foods,145.1418,OUT017,Small,Tier 2,Supermarket Type1,7.882145999,Food
NCQ38,16.35,Non-Edible,0.013393537,Others,106.028,OUT045,Small,Tier 2,Supermarket Type1,6.971931234,Non-Consumable
FDB26,14,Regular,0.031444357,Canned,53.764,OUT017,Small,Tier 2,Supermarket Type1,6.684561726,Food
DRG48,5.78,Low Fat,0.014555066,Soft Drinks,145.2102,OUT046,Small,Tier 1,Supermarket Type1,8.027154743,Drinks
FDH10,21,Low Fat,0.082526478,Snack Foods,191.8478,OUT010,Small,Tier 3,Grocery Store,6.65414118,Food
FDP28,13.65,Regular,0.080765853,Frozen Foods,262.8936,OUT049,Medium,Tier 1,Supermarket Type1,8.509136503,Food
FDJ44,12.3,Regular,0.17797002,Fruits and Vegetables,173.1396,OUT010,Small,Tier 3,Grocery Store,6.549305046,Food
FDI07,12.35,Regular,0.03382933,Meat,196.9426,OUT045,Small,Tier 2,Supermarket Type1,7.926384669,Food
DRJ24,11.8,Low Fat,0.11397026,Soft Drinks,185.1924,OUT017,Small,Tier 2,Supermarket Type1,7.860298323,Drinks
DRL47,19.7,Low Fat,0.038729457,Hard Drinks,127.3362,OUT035,Small,Tier 2,Supermarket Type1,6.628064127,Drinks
FDP38,10.1,Low Fat,0.032075379,Canned,50.9008,OUT013,High,Tier 3,Supermarket Type1,5.872696777,Food
FDK02,12.5,Low Fat,0.196490902,Canned,120.544,OUT019,Small,Tier 1,Grocery Store,6.174569131,Food
FDO23,17.85,Low Fat,0.146305498,Breads,94.1436,OUT013,High,Tier 3,Supermarket Type1,7.382896438,Food
NCE54,20.7,Non-Edible,0.026877471,Household,74.6354,OUT013,High,Tier 3,Supermarket Type1,6.960628145,Non-Consumable
FDS52,8.89,Low Fat,0.005474515,Frozen Foods,99.7016,OUT046,Small,Tier 1,Supermarket Type1,7.562073478,Food
FDW01,14.5,Low Fat,0.064048405,Canned,153.4682,OUT035,Small,Tier 2,Supermarket Type1,7.425447394,Food
NCF07,9,Non-Edible,0.032203667,Household,100.8016,OUT017,Small,Tier 2,Supermarket Type1,7.015907734,Non-Consumable
DRE15,13.35,Low Fat,0.017857847,Dairy,77.5012,OUT018,Medium,Tier 3,Supermarket Type2,7.325823302,Drinks
FDR58,6.675,Low Fat,0.041921462,Snack Foods,92.3462,OUT046,Small,Tier 1,Supermarket Type1,7.786220024,Food
FDL24,10.3,Regular,0.024875871,Baking Goods,173.0422,OUT013,High,Tier 3,Supermarket Type1,7.635451895,Food
FDQ25,8.63,Regular,0.028139761,Canned,173.7422,OUT027,Medium,Tier 3,Supermarket Type3,8.194860652,Food
FDX56,17.1,Regular,0.073997843,Fruits and Vegetables,207.0638,OUT013,High,Tier 3,Supermarket Type1,8.511281995,Food
FDD20,14.15,Low Fat,0.020798905,Fruits and Vegetables,123.6046,OUT018,Medium,Tier 3,Supermarket Type2,7.127730617,Food
DRF60,10.8,Low Fat,0.052363244,Soft Drinks,236.5564,OUT017,Small,Tier 2,Supermarket Type1,8.565000168,Drinks
FDW13,8.5,Low Fat,0.098283459,Canned,51.3324,OUT018,Medium,Tier 3,Supermarket Type2,6.841383826,Food
FDF09,6.215,Low Fat,0.012138795,Fruits and Vegetables,39.2848,OUT013,High,Tier 3,Supermarket Type1,6.25955699,Food
FDY45,17.5,Low Fat,0.0261864,Snack Foods,253.0356,OUT035,Small,Tier 2,Supermarket Type1,8.429244823,Food
FDR26,20.7,Low Fat,0.042923652,Dairy,178.3028,OUT045,Small,Tier 2,Supermarket Type1,6.969430455,Food
FDZ01,8.975,Regular,0.009058845,Canned,103.399,OUT046,Small,Tier 1,Supermarket Type1,7.855922514,Food
FDH53,20.5,Regular,0.032136417,Frozen Foods,83.9592,OUT010,Small,Tier 3,Grocery Store,5.112700787,Food
FDG52,13.65,Low Fat,0.065898197,Frozen Foods,46.1402,OUT018,Medium,Tier 3,Supermarket Type2,6.132100021,Food
FDW50,13.1,Low Fat,0.075731322,Dairy,167.5158,OUT045,Small,Tier 2,Supermarket Type1,7.316576217,Food
FDX49,4.615,Regular,0.101812521,Canned,232.23,OUT035,Small,Tier 2,Supermarket Type1,8.542404694,Food
FDJ44,12.3,Regular,0.106327251,Fruits and Vegetables,172.8396,OUT046,Small,Tier 1,Supermarket Type1,7.870010854,Food
NCI31,20,Non-Edible,0.080933328,Others,37.519,OUT027,Medium,Tier 3,Supermarket Type3,6.737248057,Non-Consumable
FDZ52,19.2,Low Fat,0.100055601,Frozen Foods,112.4886,OUT035,Small,Tier 2,Supermarket Type1,7.109940409,Food
FDE17,20.1,Regular,0.054540159,Frozen Foods,152.1366,OUT049,Medium,Tier 1,Supermarket Type1,6.628944407,Food
FDG34,11.5,Regular,0.037723476,Snack Foods,109.5254,OUT018,Medium,Tier 3,Supermarket Type2,7.577867787,Food
FDE26,9.3,Low Fat,0.14897741,Canned,143.0786,OUT010,Small,Tier 3,Grocery Store,5.669733326,Food
FDD56,15.2,Regular,0.104201019,Fruits and Vegetables,176.5054,OUT018,Medium,Tier 3,Supermarket Type2,7.998937298,Food
FDR52,12.65,Regular,0.076198809,Frozen Foods,191.3846,OUT045,Small,Tier 2,Supermarket Type1,7.892147328,Food
FDQ13,11.1,Low Fat,0.010639596,Canned,84.1908,OUT035,Small,Tier 2,Supermarket Type1,6.628064127,Food
NCJ42,19.75,Non-Edible,0.025039776,Household,102.7332,OUT019,Small,Tier 1,Grocery Store,6.018916277,Non-Consumable
FDH10,21,Low Fat,0.086326707,Snack Foods,192.6478,OUT019,Small,Tier 1,Grocery Store,5.962281844,Food
NCG42,19.2,Non-Edible,0.041220035,Household,131.231,OUT035,Small,Tier 2,Supermarket Type1,8.19871316,Non-Consumable
FDT31,19.75,Low Fat,0.01247354,Fruits and Vegetables,187.5872,OUT045,Small,Tier 2,Supermarket Type1,7.188873657,Food
DRD25,6.135,Low Fat,0.079132212,Soft Drinks,112.686,OUT045,Small,Tier 2,Supermarket Type1,7.987468772,Drinks
FDR35,12.5,Low Fat,0.020693809,Breads,199.1742,OUT035,Small,Tier 2,Supermarket Type1,8.384948377,Food
FDL33,7.235,Low Fat,0.10016525,Snack Foods,193.9452,OUT045,Small,Tier 2,Supermarket Type1,7.985204535,Food
FDT45,15.85,Low Fat,0.057302606,Snack Foods,53.3956,OUT035,Small,Tier 2,Supermarket Type1,6.399512317,Food
FDT16,9.895,Regular,0.048761046,Frozen Foods,260.5278,OUT045,Small,Tier 2,Supermarket Type1,9.088415104,Food
DRE49,20.75,Low Fat,0.023333339,Soft Drinks,153.0024,OUT035,Small,Tier 2,Supermarket Type1,7.795580032,Drinks
DRF60,10.8,Low Fat,0.052149675,Soft Drinks,239.9564,OUT049,Medium,Tier 1,Supermarket Type1,8.246617933,Drinks
NCB54,8.76,Non-Edible,0.050130529,Health and Hygiene,128.3336,OUT049,Medium,Tier 1,Supermarket Type1,7.846852749,Non-Consumable
FDH20,16.1,Regular,0.024987903,Fruits and Vegetables,97.341,OUT049,Medium,Tier 1,Supermarket Type1,7.135713621,Food
FDA31,7.1,Low Fat,0.109990885,Fruits and Vegetables,172.908,OUT035,Small,Tier 2,Supermarket Type1,7.926865381,Food
FDE33,19.35,Regular,0.049736267,Fruits and Vegetables,76.8644,OUT045,Small,Tier 2,Supermarket Type1,7.360287162,Food
FDM12,16.7,Regular,0.117026714,Baking Goods,189.2214,OUT010,Small,Tier 3,Grocery Store,5.243974163,Food
FDW44,9.5,Regular,0.035121963,Fruits and Vegetables,168.6448,OUT013,High,Tier 3,Supermarket Type1,6.931148316,Food
DRE48,8.43,Low Fat,0.017311312,Soft Drinks,197.8768,OUT013,High,Tier 3,Supermarket Type1,8.228299505,Drinks
NCX18,14.15,Non-Edible,0.008811818,Household,196.511,OUT045,Small,Tier 2,Supermarket Type1,7.919630335,Non-Consumable
FDA38,5.44,Low Fat,0.025583714,Dairy,239.1538,OUT018,Medium,Tier 3,Supermarket Type2,6.177337291,Food
FDQ19,7.35,Regular,0.014353174,Fruits and Vegetables,242.6512,OUT013,High,Tier 3,Supermarket Type1,6.877713304,Food
FDY47,8.6,Regular,0.054220618,Breads,129.131,OUT027,Medium,Tier 3,Supermarket Type3,8.504022437,Food
FDE17,20.1,Regular,0.054410179,Frozen Foods,151.3366,OUT013,High,Tier 3,Supermarket Type1,7.908923339,Food
FDY25,12,Low Fat,0.033974436,Canned,181.8976,OUT046,Small,Tier 1,Supermarket Type1,8.418132788,Food
FDT03,21.25,Low Fat,0.009996872,Meat,185.5608,OUT035,Small,Tier 2,Supermarket Type1,8.047168314,Food
FDB49,8.3,Regular,0.030212499,Baking Goods,98.0384,OUT045,Small,Tier 2,Supermarket Type1,7.958092031,Food
FDL43,10.1,Low Fat,0.027217468,Meat,76.067,OUT017,Small,Tier 2,Supermarket Type1,7.28329231,Food
FDE47,14.15,Low Fat,0.038123176,Starchy Foods,123.5046,OUT017,Small,Tier 2,Supermarket Type1,7.597433249,Food
FDS49,9,Low Fat,0.079506434,Canned,78.3644,OUT045,Small,Tier 2,Supermarket Type1,7.455539521,Food
FDU23,12.15,Low Fat,0.021811987,Breads,163.6184,OUT018,Medium,Tier 3,Supermarket Type2,7.746152618,Food
FDU38,10.8,Low Fat,0.082150145,Dairy,192.9504,OUT027,Medium,Tier 3,Supermarket Type3,8.919889884,Food
FDV09,12.1,Low Fat,0.036012919,Snack Foods,148.0734,OUT019,Small,Tier 1,Grocery Store,6.388382566,Food
FDR20,20,Regular,0.028167478,Fruits and Vegetables,45.5744,OUT049,Medium,Tier 1,Supermarket Type1,6.117533162,Food
FDY11,6.71,Regular,0.029560451,Baking Goods,65.8142,OUT046,Small,Tier 1,Supermarket Type1,6.754469592,Food
FDG40,13.65,Low Fat,0.039631495,Frozen Foods,31.9558,OUT027,Medium,Tier 3,Supermarket Type3,6.893370513,Food
FDX20,7.365,Low Fat,0.04280099,Fruits and Vegetables,228.372,OUT017,Small,Tier 2,Supermarket Type1,7.619894955,Food
FDZ27,7.935,Low Fat,0.017141985,Dairy,50.035,OUT013,High,Tier 3,Supermarket Type1,5.015987612,Food
FDH09,12.6,Low Fat,0.056394771,Seafood,51.3982,OUT017,Small,Tier 2,Supermarket Type1,6.162016699,Food
FDG29,17.6,Low Fat,0.056379439,Frozen Foods,42.7454,OUT049,Medium,Tier 1,Supermarket Type1,5.685678923,Food
NCA30,19,Non-Edible,0.129534812,Household,190.1872,OUT049,Medium,Tier 1,Supermarket Type1,8.538241004,Non-Consumable
NCL53,7.5,Non-Edible,0.036439878,Health and Hygiene,175.3028,OUT017,Small,Tier 2,Supermarket Type1,8.010275787,Non-Consumable
DRE15,13.35,Low Fat,0.021129629,Dairy,77.6012,OUT046,Small,Tier 1,Supermarket Type1,6.895394802,Drinks
NCS38,8.6,Non-Edible,0.090191431,Household,112.9176,OUT046,Small,Tier 1,Supermarket Type1,6.129203575,Non-Consumable
FDY21,15.1,Low Fat,0.30374337,Snack Foods,196.011,OUT019,Small,Tier 1,Grocery Store,6.380517374,Food
FDB58,10.5,Regular,0.022590318,Snack Foods,140.6154,OUT010,Small,Tier 3,Grocery Store,5.651192902,Food
FDH41,9,Low Fat,0.082011521,Frozen Foods,213.3534,OUT046,Small,Tier 1,Supermarket Type1,7.568627481,Food
DRF23,4.61,Low Fat,0.122843005,Hard Drinks,172.4396,OUT049,Medium,Tier 1,Supermarket Type1,7.359439885,Drinks
FDE05,10.895,Regular,0.05432142,Frozen Foods,146.2102,OUT010,Small,Tier 3,Grocery Store,6.083201532,Food
FDY10,17.6,Low Fat,0.049144165,Snack Foods,112.7176,OUT049,Medium,Tier 1,Supermarket Type1,7.449360707,Food
FDS43,11.65,Low Fat,0.040577878,Fruits and Vegetables,188.224,OUT049,Medium,Tier 1,Supermarket Type1,7.174699807,Food
NCM30,19.1,Non-Edible,0.067400032,Household,41.9796,OUT049,Medium,Tier 1,Supermarket Type1,6.6660816,Non-Consumable
FDY49,17.2,Regular,0.012036432,Canned,165.7184,OUT045,Small,Tier 2,Supermarket Type1,7.505108483,Food
FDN02,16.5,Low Fat,0.073977473,Canned,206.8638,OUT045,Small,Tier 2,Supermarket Type1,7.636094878,Food
FDP37,15.6,Low Fat,0.143396175,Breakfast,128.0994,OUT045,Small,Tier 2,Supermarket Type1,7.689595247,Food
NCF07,9,Non-Edible,0.03201648,Household,99.6016,OUT035,Small,Tier 2,Supermarket Type1,7.562073478,Non-Consumable
FDJ09,15,Low Fat,0.058346234,Snack Foods,44.0744,OUT013,High,Tier 3,Supermarket Type1,6.453375519,Food
FDO23,17.85,Low Fat,0.14571827,Breads,94.3436,OUT027,Medium,Tier 3,Supermarket Type3,7.727555551,Food
FDH09,12.6,Low Fat,0.055806016,Seafood,52.4982,OUT027,Medium,Tier 3,Supermarket Type3,7.099002384,Food
FDX34,6.195,Low Fat,0.072097449,Snack Foods,119.3098,OUT049,Medium,Tier 1,Supermarket Type1,7.095145634,Food
FDV60,20.2,Regular,0.117543713,Baking Goods,197.311,OUT049,Medium,Tier 1,Supermarket Type1,8.113722194,Food
FDE32,20.7,Low Fat,0.048718334,Fruits and Vegetables,38.7506,OUT013,High,Tier 3,Supermarket Type1,5.432426842,Food
NCI30,20.25,Non-Edible,0.0591756,Household,245.046,OUT018,Medium,Tier 3,Supermarket Type2,8.451389657,Non-Consumable
FDS37,7.655,Low Fat,0.031918284,Canned,117.7492,OUT013,High,Tier 3,Supermarket Type1,6.545486433,Food
FDC57,20.1,Regular,0.095587976,Fruits and Vegetables,193.982,OUT019,Small,Tier 1,Grocery Store,6.363452152,Food
DRC01,5.92,Regular,0.019308607,Soft Drinks,49.0692,OUT017,Small,Tier 2,Supermarket Type1,7.299172847,Drinks
DRD27,18.75,Low Fat,0.023974769,Dairy,99.0042,OUT017,Small,Tier 2,Supermarket Type1,6.544529497,Drinks
FDI12,9.395,Regular,0.100602552,Baking Goods,88.3856,OUT045,Small,Tier 2,Supermarket Type1,6.556898803,Food
FDQ33,13.35,Low Fat,0.091189915,Snack Foods,149.3708,OUT035,Small,Tier 2,Supermarket Type1,8.415187929,Food
FDQ27,5.19,Regular,0.077480627,Meat,101.399,OUT019,Small,Tier 1,Grocery Store,5.334639653,Food
NCB07,19.2,Non-Edible,0.129731747,Household,196.211,OUT010,Small,Tier 3,Grocery Store,6.380517374,Non-Consumable
FDC08,19,Regular,0.103363904,Fruits and Vegetables,226.172,OUT013,High,Tier 3,Supermarket Type1,8.06155248,Food
FDD20,14.15,Low Fat,0.020714523,Fruits and Vegetables,124.2046,OUT046,Small,Tier 1,Supermarket Type1,7.820476448,Food
FDS24,20.85,Regular,0.062212713,Baking Goods,88.1514,OUT035,Small,Tier 2,Supermarket Type1,7.049400838,Food
FDH34,8.63,Low Fat,0.031271134,Snack Foods,186.0582,OUT017,Small,Tier 2,Supermarket Type1,8.269224582,Food
NCX30,16.7,Non-Edible,0.026729068,Household,248.4776,OUT018,Medium,Tier 3,Supermarket Type2,8.770379715,Non-Consumable
FDM01,7.895,Regular,0.094567181,Breakfast,104.5332,OUT046,Small,Tier 1,Supermarket Type1,7.52110009,Food
FDB20,7.72,Low Fat,0.05193741,Fruits and Vegetables,77.9986,OUT013,High,Tier 3,Supermarket Type1,6.841383826,Food
NCK29,5.615,Non-Edible,0.126480422,Health and Hygiene,121.573,OUT017,Small,Tier 2,Supermarket Type1,8.071998617,Non-Consumable
FDS11,7.05,Regular,0.055644887,Breads,224.9088,OUT049,Medium,Tier 1,Supermarket Type1,7.895624295,Food
NCV41,14.35,Non-Edible,0.028519419,Health and Hygiene,109.2228,OUT010,Small,Tier 3,Grocery Store,5.402882766,Non-Consumable
DRL60,8.52,Low Fat,0.027101431,Soft Drinks,151.7682,OUT049,Medium,Tier 1,Supermarket Type1,7.79995461,Drinks
FDV10,7.645,Regular,0.067083367,Snack Foods,44.0112,OUT017,Small,Tier 2,Supermarket Type1,6.392849342,Food
FDV09,12.1,Low Fat,0.020652362,Snack Foods,149.5734,OUT018,Medium,Tier 3,Supermarket Type2,7.708904932,Food
FDQ39,14.8,Low Fat,0.081042136,Meat,192.4846,OUT046,Small,Tier 1,Supermarket Type1,8.548746934,Food
DRE49,20.75,Low Fat,0.021336565,Soft Drinks,153.6024,OUT018,Medium,Tier 3,Supermarket Type2,7.22053593,Drinks
FDR45,10.8,Low Fat,0.029001987,Snack Foods,238.6222,OUT045,Small,Tier 2,Supermarket Type1,9.060191581,Food
DRJ23,18.35,Low Fat,0.069745165,Hard Drinks,190.2872,OUT010,Small,Tier 3,Grocery Store,5.937996258,Drinks
FDQ26,13.5,Regular,0.068148886,Dairy,58.6562,OUT018,Medium,Tier 3,Supermarket Type2,6.5681824,Food
NCA06,20.5,Non-Edible,0.144094079,Household,34.819,OUT017,Small,Tier 2,Supermarket Type1,6.968804281,Non-Consumable
FDT24,12.35,Regular,0.186616421,Baking Goods,78.6328,OUT018,Medium,Tier 3,Supermarket Type2,6.912769089,Food
DRG27,8.895,Low Fat,0.105323859,Dairy,39.1138,OUT045,Small,Tier 2,Supermarket Type1,6.413798244,Drinks
FDR02,16.7,Low Fat,0.022110425,Dairy,110.8886,OUT045,Small,Tier 2,Supermarket Type1,8.177244776,Food
DRG37,16.2,Low Fat,0.019374768,Soft Drinks,155.8972,OUT035,Small,Tier 2,Supermarket Type1,7.613998136,Drinks
FDJ07,7.26,Low Fat,0.014482278,Meat,118.115,OUT018,Medium,Tier 3,Supermarket Type2,7.53114501,Food
FDP32,6.65,Low Fat,0.087805788,Fruits and Vegetables,126.7678,OUT049,Medium,Tier 1,Supermarket Type1,7.55408178,Food
FDV59,13.35,Low Fat,0.048027043,Breads,218.9166,OUT046,Small,Tier 1,Supermarket Type1,8.641467398,Food
FDP60,17.35,Low Fat,0.055908268,Baking Goods,99.8016,OUT035,Small,Tier 2,Supermarket Type1,6.410519559,Food
FDE32,20.7,Low Fat,0.048522793,Fruits and Vegetables,39.6506,OUT027,Medium,Tier 3,Supermarket Type3,6.933097632,Food
FDK26,5.46,Regular,0.032359413,Canned,187.424,OUT017,Small,Tier 2,Supermarket Type1,8.06155248,Food
FDW28,18.25,Low Fat,0.088807455,Frozen Foods,197.3452,OUT035,Small,Tier 2,Supermarket Type1,7.916235982,Food
FDP56,8.185,Low Fat,0.046556408,Fruits and Vegetables,47.7692,OUT049,Medium,Tier 1,Supermarket Type1,6.463808561,Food
FDT25,7.5,Low Fat,0.050750977,Canned,122.2072,OUT046,Small,Tier 1,Supermarket Type1,7.58126857,Food
FDQ12,12.65,Low Fat,0.035404052,Baking Goods,230.601,OUT035,Small,Tier 2,Supermarket Type1,7.634486644,Food
FDR60,14.3,Low Fat,0.130390458,Baking Goods,77.2328,OUT035,Small,Tier 2,Supermarket Type1,5.449743194,Food
FDZ10,17.85,Low Fat,0.074422769,Snack Foods,128.002,OUT010,Small,Tier 3,Grocery Store,5.537350015,Food
FDM13,6.425,Low Fat,0.105742544,Breakfast,130.5626,OUT010,Small,Tier 3,Grocery Store,4.884032983,Food
FDF26,6.825,Regular,0.046729336,Canned,153.4998,OUT045,Small,Tier 2,Supermarket Type1,7.675173404,Food
FDN02,16.5,Low Fat,0.073470234,Canned,205.3638,OUT027,Medium,Tier 3,Supermarket Type3,8.591309226,Food
NCI30,20.25,Non-Edible,0.058886477,Household,245.546,OUT013,High,Tier 3,Supermarket Type1,7.453226937,Non-Consumable
NCJ31,19.2,Non-Edible,0.18293775,Others,243.0196,OUT049,Medium,Tier 1,Supermarket Type1,8.193205024,Non-Consumable
NCQ54,17.7,Non-Edible,0.020993364,Household,166.8474,OUT010,Small,Tier 3,Grocery Store,5.132542554,Non-Consumable
FDB02,9.695,Regular,0.029223424,Canned,175.437,OUT045,Small,Tier 2,Supermarket Type1,8.006510557,Food
FDC02,21.35,Low Fat,0.068489201,Canned,259.3278,OUT027,Medium,Tier 3,Supermarket Type3,8.334770381,Food
FDA11,7.75,Low Fat,0.043326511,Baking Goods,95.6436,OUT045,Small,Tier 2,Supermarket Type1,7.034848793,Food
DRI23,18.85,Low Fat,0.136532569,Hard Drinks,159.6578,OUT027,Medium,Tier 3,Supermarket Type3,7.968748909,Drinks
FDE04,19.75,Regular,0.018051091,Frozen Foods,179.866,OUT049,Medium,Tier 1,Supermarket Type1,7.90007699,Food
FDW38,5.325,Regular,0.23212188,Dairy,55.5298,OUT010,Small,Tier 3,Grocery Store,4.006056006,Food
FDG46,8.63,Regular,0.057620562,Snack Foods,115.4518,OUT019,Small,Tier 1,Grocery Store,4.743642602,Food
NCJ05,18.7,Non-Edible,0.045865089,Health and Hygiene,152.3682,OUT027,Medium,Tier 3,Supermarket Type3,7.735443405,Non-Consumable
FDU01,20.25,Regular,0.021002171,Canned,185.1924,OUT019,Small,Tier 1,Grocery Store,6.321266731,Food
FDY11,6.71,Regular,0.029727657,Baking Goods,66.6142,OUT017,Small,Tier 2,Supermarket Type1,7.022459268,Food
FDX60,14.35,Low Fat,0.080527065,Baking Goods,79.296,OUT013,High,Tier 3,Supermarket Type1,6.579340097,Food
NCN29,15.2,Non-Edible,0.016455219,Health and Hygiene,47.8034,OUT049,Medium,Tier 1,Supermarket Type1,6.083201532,Non-Consumable
FDT07,5.82,Regular,0.084633127,Fruits and Vegetables,256.633,OUT049,Medium,Tier 1,Supermarket Type1,7.62640645,Food
FDI21,5.59,Regular,0.056833394,Snack Foods,61.9168,OUT018,Medium,Tier 3,Supermarket Type2,7.102844317,Food
FDI41,18.5,Regular,0.062256921,Frozen Foods,148.0418,OUT046,Small,Tier 1,Supermarket Type1,7.6309394,Food
FDE10,6.67,Regular,0.089512542,Snack Foods,133.1626,OUT027,Medium,Tier 3,Supermarket Type3,8.208914538,Food
FDQ28,14,Regular,0.060427062,Frozen Foods,153.5656,OUT046,Small,Tier 1,Supermarket Type1,8.036027336,Food
FDY32,7.605,Low Fat,0.216323008,Fruits and Vegetables,165.021,OUT010,Small,Tier 3,Grocery Store,6.705155502,Food
NCK05,20.1,Non-Edible,0.135612397,Health and Hygiene,61.1536,OUT019,Small,Tier 1,Grocery Store,4.131216365,Non-Consumable
FDH12,9.6,Low Fat,0.085125951,Baking Goods,107.128,OUT045,Small,Tier 2,Supermarket Type1,7.154096472,Food
FDJ27,17.7,Regular,0.122565413,Meat,103.8674,OUT017,Small,Tier 2,Supermarket Type1,7.3323764,Food
DRL35,15.7,Low Fat,0.030720903,Hard Drinks,43.377,OUT010,Small,Tier 3,Grocery Store,4.873906414,Drinks
NCY29,13.65,Non-Edible,0.077670981,Health and Hygiene,55.093,OUT017,Small,Tier 2,Supermarket Type1,7.172147486,Non-Consumable
FDC21,14.6,Regular,0.043201813,Fruits and Vegetables,110.1254,OUT017,Small,Tier 2,Supermarket Type1,7.52073947,Food
FDM33,15.6,Low Fat,0.088215871,Snack Foods,220.1798,OUT017,Small,Tier 2,Supermarket Type1,8.531043906,Food
DRJ39,20.25,Low Fat,0.036295834,Dairy,217.5482,OUT013,High,Tier 3,Supermarket Type1,6.999642334,Drinks
FDB22,8.02,Low Fat,0.186528819,Snack Foods,151.9998,OUT010,Small,Tier 3,Grocery Store,5.732044644,Food
FDC32,18.35,Low Fat,0.099026525,Fruits and Vegetables,93.8462,OUT013,High,Tier 3,Supermarket Type1,7.167536826,Food
FDD02,16.6,Low Fat,0.061646337,Canned,118.8124,OUT046,Small,Tier 1,Supermarket Type1,7.866443519,Food
FDL28,10,Regular,0.063162608,Frozen Foods,228.6668,OUT035,Small,Tier 2,Supermarket Type1,8.148012374,Food
FDL39,16.1,Regular,0.063429818,Dairy,179.4318,OUT049,Medium,Tier 1,Supermarket Type1,7.760728461,Food
FDV37,13,Regular,0.139785104,Canned,196.2426,OUT010,Small,Tier 3,Grocery Store,5.29201052,Food
FDA28,16.1,Regular,0.04807227,Frozen Foods,126.5362,OUT017,Small,Tier 2,Supermarket Type1,7.474605861,Food
FDL04,19,Low Fat,0.112097433,Frozen Foods,105.5622,OUT049,Medium,Tier 1,Supermarket Type1,7.55303466,Food
FDR10,17.6,Low Fat,0.010037996,Snack Foods,163.5552,OUT035,Small,Tier 2,Supermarket Type1,8.035165174,Food
FDA39,6.32,Low Fat,0.012789884,Meat,39.1822,OUT017,Small,Tier 2,Supermarket Type1,6.967550757,Food
FDR15,9.3,Regular,0.033431669,Meat,153.1314,OUT035,Small,Tier 2,Supermarket Type1,8.44568473,Food
FDQ40,11.1,Regular,0.03623131,Frozen Foods,175.0712,OUT017,Small,Tier 2,Supermarket Type1,8.113921516,Food
DRG23,8.88,Low Fat,0.086360962,Hard Drinks,151.2682,OUT027,Medium,Tier 3,Supermarket Type3,7.79995461,Drinks
FDU36,6.15,Low Fat,0.046232445,Baking Goods,99.4384,OUT013,High,Tier 3,Supermarket Type1,7.230228268,Food
FDF47,20.85,Low Fat,0.097618234,Starchy Foods,223.9746,OUT046,Small,Tier 1,Supermarket Type1,6.800724925,Food
FDH14,17.1,Regular,0.046808553,Canned,141.4838,OUT046,Small,Tier 1,Supermarket Type1,7.248388845,Food
FDO45,13.15,Regular,0.03810738,Snack Foods,86.3856,OUT018,Medium,Tier 3,Supermarket Type2,6.423570288,Food
FDK60,16.5,Regular,0.093846532,Baking Goods,95.7068,OUT035,Small,Tier 2,Supermarket Type1,6.975670717,Food
FDS43,11.65,Low Fat,0.040744057,Fruits and Vegetables,185.924,OUT017,Small,Tier 2,Supermarket Type1,8.319309896,Food
FDN44,13.15,Low Fat,0.022831052,Fruits and Vegetables,160.292,OUT049,Medium,Tier 1,Supermarket Type1,8.475278934,Food
FDS34,19.35,Regular,0.076878416,Snack Foods,113.9518,OUT049,Medium,Tier 1,Supermarket Type1,7.038360645,Food
FDU20,19.35,Regular,0.021501067,Fruits and Vegetables,122.2098,OUT045,Small,Tier 2,Supermarket Type1,7.927586014,Food
FDP44,16.5,Regular,0.07964724,Fruits and Vegetables,101.4332,OUT013,High,Tier 3,Supermarket Type1,7.575138809,Food
FDC02,21.35,Low Fat,0.068809463,Canned,258.5278,OUT035,Small,Tier 2,Supermarket Type1,8.557865927,Food
FDT56,16,Regular,0.115570552,Fruits and Vegetables,57.5246,OUT035,Small,Tier 2,Supermarket Type1,5.163492566,Food
NCA06,20.5,Non-Edible,0.143164371,Household,34.919,OUT013,High,Tier 3,Supermarket Type1,4.307276148,Non-Consumable
FDE04,19.75,Regular,0.018008071,Frozen Foods,180.466,OUT013,High,Tier 3,Supermarket Type1,8.13638772,Food
NCX06,17.6,Non-Edible,0.015775777,Household,179.1976,OUT017,Small,Tier 2,Supermarket Type1,8.243821462,Non-Consumable
FDX49,4.615,Regular,0.102407778,Canned,234.33,OUT017,Small,Tier 2,Supermarket Type1,8.284632942,Food
DRM59,5.88,Low Fat,0.003606726,Hard Drinks,154.1998,OUT018,Medium,Tier 3,Supermarket Type2,7.233598513,Drinks
FDJ34,11.8,Regular,0.093801337,Snack Foods,126.0704,OUT049,Medium,Tier 1,Supermarket Type1,7.133059694,Food
FDP60,17.35,Low Fat,0.055965898,Baking Goods,101.9016,OUT013,High,Tier 3,Supermarket Type1,7.508035134,Food
FDI07,12.35,Regular,0.033760862,Meat,196.9426,OUT046,Small,Tier 1,Supermarket Type1,8.545257207,Food
FDV07,9.5,Low Fat,0.031131455,Fruits and Vegetables,111.0228,OUT027,Medium,Tier 3,Supermarket Type3,8.072829613,Food
FDH41,9,Low Fat,0.082177842,Frozen Foods,214.1534,OUT045,Small,Tier 2,Supermarket Type1,7.450908993,Food
NCB31,6.235,Non-Edible,0.118858866,Household,263.291,OUT049,Medium,Tier 1,Supermarket Type1,8.137361619,Non-Consumable
FDW34,9.6,Low Fat,0.040043609,Snack Foods,244.817,OUT035,Small,Tier 2,Supermarket Type1,8.383731739,Food
FDX45,16.75,Low Fat,0.105448901,Snack Foods,156.163,OUT017,Small,Tier 2,Supermarket Type1,6.663534914,Food
FDH14,17.1,Regular,0.046881328,Canned,141.3838,OUT049,Medium,Tier 1,Supermarket Type1,7.430591842,Food
FDF26,6.825,Regular,0.078057026,Canned,154.5998,OUT010,Small,Tier 3,Grocery Store,5.042132669,Food
FDU24,6.78,Regular,0.140955857,Baking Goods,92.212,OUT017,Small,Tier 2,Supermarket Type1,8.319309896,Food
FDX11,16,Regular,0.107186944,Baking Goods,181.9634,OUT018,Medium,Tier 3,Supermarket Type2,8.14743434,Food
FDF35,15,Low Fat,0.153960209,Starchy Foods,105.9938,OUT035,Small,Tier 2,Supermarket Type1,7.073381406,Food
NCC43,7.39,Non-Edible,0.093160853,Household,251.3066,OUT018,Medium,Tier 3,Supermarket Type2,6.912769089,Non-Consumable
FDG29,17.6,Low Fat,0.05629192,Frozen Foods,42.5454,OUT046,Small,Tier 1,Supermarket Type1,6.04133508,Food
FDS44,12.65,Regular,0.15604396,Fruits and Vegetables,239.6538,OUT046,Small,Tier 1,Supermarket Type1,8.254960726,Food
FDZ10,17.85,Low Fat,0.044463491,Snack Foods,127.102,OUT046,Small,Tier 1,Supermarket Type1,7.613340782,Food
FDC52,11.15,Regular,0.00827301,Dairy,150.4708,OUT013,High,Tier 3,Supermarket Type1,7.579229488,Food
DRL35,15.7,Low Fat,0.030697825,Hard Drinks,42.877,OUT035,Small,Tier 2,Supermarket Type1,7.064313629,Drinks
NCP55,14.65,Non-Edible,0.01330976,Others,56.4614,OUT010,Small,Tier 3,Grocery Store,4.030008687,Non-Consumable
FDV38,19.25,Low Fat,0.101281,Dairy,55.0956,OUT027,Medium,Tier 3,Supermarket Type3,7.611366124,Food
FDL44,18.25,Low Fat,0.012300013,Fruits and Vegetables,160.4894,OUT045,Small,Tier 2,Supermarket Type1,8.031059725,Food
FDZ47,20.7,Regular,0.079227544,Baking Goods,98.7042,OUT017,Small,Tier 2,Supermarket Type1,7.542149728,Food
FDT45,15.85,Low Fat,0.057313443,Snack Foods,53.3956,OUT046,Small,Tier 1,Supermarket Type1,7.21956151,Food
FDN23,6.575,Regular,0.075625152,Breads,145.7444,OUT049,Medium,Tier 1,Supermarket Type1,8.069084681,Food
NCP43,17.75,Non-Edible,0.030568919,Others,177.866,OUT045,Small,Tier 2,Supermarket Type1,7.757033178,Non-Consumable
DRJ24,11.8,Low Fat,0.198424841,Soft Drinks,185.2924,OUT019,Small,Tier 1,Grocery Store,5.916700052,Drinks
FDA02,14,Regular,0.029578726,Dairy,143.5786,OUT027,Medium,Tier 3,Supermarket Type3,8.231494112,Food
FDH33,12.85,Low Fat,0.213125482,Snack Foods,44.9428,OUT019,Small,Tier 1,Grocery Store,5.174856241,Food
FDF56,16.7,Regular,0.120137953,Fruits and Vegetables,181.2976,OUT017,Small,Tier 2,Supermarket Type1,8.03257422,Food
NCN26,10.85,Non-Edible,0.028679894,Household,115.1808,OUT046,Small,Tier 1,Supermarket Type1,7.654563788,Non-Consumable
FDD22,10,Low Fat,0.099804623,Snack Foods,113.7544,OUT049,Medium,Tier 1,Supermarket Type1,8.084802091,Food
FDU15,13.65,Regular,0.044526443,Meat,37.9532,OUT010,Small,Tier 3,Grocery Store,4.289176427,Food
FDB41,19,Regular,0.162882227,Frozen Foods,46.8718,OUT010,Small,Tier 3,Grocery Store,5.247482914,Food
FDZ35,9.6,Regular,0.022404493,Breads,102.499,OUT017,Small,Tier 2,Supermarket Type1,7.855922514,Food
FDT60,12,Low Fat,0.075975642,Baking Goods,124.1388,OUT017,Small,Tier 2,Supermarket Type1,7.304560061,Food
FDE51,5.925,Regular,0.09644909,Dairy,43.8086,OUT035,Small,Tier 2,Supermarket Type1,5.747034155,Food
NCQ06,13,Non-Edible,0.041816615,Household,254.5014,OUT035,Small,Tier 2,Supermarket Type1,8.48591439,Non-Consumable
FDS28,8.18,Regular,0.082867689,Frozen Foods,58.5588,OUT017,Small,Tier 2,Supermarket Type1,5.151998273,Food
FDH32,12.8,Low Fat,0.076214289,Fruits and Vegetables,96.541,OUT045,Small,Tier 2,Supermarket Type1,7.514951793,Food
FDW37,19.2,Low Fat,0.124301968,Canned,89.7488,OUT045,Small,Tier 2,Supermarket Type1,7.641863196,Food
FDY33,14.5,Regular,0.097201128,Snack Foods,159.4262,OUT046,Small,Tier 1,Supermarket Type1,7.90328054,Food
FDF17,5.19,Low Fat,0.042861968,Frozen Foods,196.811,OUT017,Small,Tier 2,Supermarket Type1,8.224916312,Food
FDG56,13.3,Regular,0.0713931,Fruits and Vegetables,61.0536,OUT013,High,Tier 3,Supermarket Type1,7.373746871,Food
NCB18,19.6,Non-Edible,0.041256807,Household,88.8514,OUT013,High,Tier 3,Supermarket Type1,7.662107431,Non-Consumable
FDU14,17.75,Low Fat,0.034746076,Dairy,248.275,OUT035,Small,Tier 2,Supermarket Type1,6.907455234,Food
FDU22,12.35,Low Fat,0.093441604,Snack Foods,119.1124,OUT049,Medium,Tier 1,Supermarket Type1,8.209276955,Food
NCV41,14.35,Non-Edible,0.017024598,Health and Hygiene,109.8228,OUT013,High,Tier 3,Supermarket Type1,7.650136906,Non-Consumable
FDY52,6.365,Low Fat,0.007363189,Frozen Foods,63.2536,OUT045,Small,Tier 2,Supermarket Type1,7.111570842,Food
DRG48,5.78,Low Fat,0.014484582,Soft Drinks,143.9102,OUT027,Medium,Tier 3,Supermarket Type3,8.027154743,Drinks
FDU01,20.25,Regular,0.011937183,Canned,184.7924,OUT027,Medium,Tier 3,Supermarket Type3,8.399134078,Food
NCP53,14.75,Non-Edible,0.032862976,Health and Hygiene,238.6906,OUT013,High,Tier 3,Supermarket Type1,8.361575289,Non-Consumable
FDC17,12.15,Low Fat,0.015484763,Frozen Foods,211.9928,OUT049,Medium,Tier 1,Supermarket Type1,6.449171633,Food
NCZ30,6.59,Non-Edible,0.026163192,Household,121.5098,OUT013,High,Tier 3,Supermarket Type1,6.40282723,Non-Consumable
FDK03,12.6,Regular,0.073920438,Dairy,255.6356,OUT046,Small,Tier 1,Supermarket Type1,7.936907301,Food
FDE08,18.2,Low Fat,0.086352403,Fruits and Vegetables,149.8734,OUT019,Small,Tier 1,Grocery Store,6.101260661,Food
NCM07,9.395,Non-Edible,0.03976832,Others,83.9908,OUT027,Medium,Tier 3,Supermarket Type3,7.762146096,Non-Consumable
FDY35,17.6,Regular,0.015950066,Breads,47.7402,OUT027,Medium,Tier 3,Supermarket Type3,7.589046758,Food
FDS28,8.18,Regular,0.082002559,Frozen Foods,59.2588,OUT027,Medium,Tier 3,Supermarket Type3,7.226362598,Food
FDI56,7.325,Low Fat,0.093307668,Fruits and Vegetables,92.7146,OUT013,High,Tier 3,Supermarket Type1,7.604755627,Food
FDR23,15.85,Low Fat,0.143199389,Breads,175.837,OUT019,Small,Tier 1,Grocery Store,5.868940918,Food
FDF29,15.1,Regular,0.019965179,Frozen Foods,130.531,OUT049,Medium,Tier 1,Supermarket Type1,6.81324348,Food
FDA47,10.5,Regular,0.116108797,Baking Goods,164.121,OUT027,Medium,Tier 3,Supermarket Type3,8.705575843,Food
FDI10,8.51,Regular,0.078339081,Snack Foods,172.9422,OUT013,High,Tier 3,Supermarket Type1,7.230228268,Food
FDC45,17,Low Fat,0.237651344,Fruits and Vegetables,170.2106,OUT019,Small,Tier 1,Grocery Store,5.148137293,Food
FDA27,20.35,Regular,0.031102571,Dairy,257.2672,OUT017,Small,Tier 2,Supermarket Type1,7.623806938,Food
NCR41,17.85,Non-Edible,0.018097419,Health and Hygiene,96.9094,OUT018,Medium,Tier 3,Supermarket Type2,7.195885951,Non-Consumable
FDR09,18.25,Low Fat,0.078041216,Snack Foods,258.4962,OUT018,Medium,Tier 3,Supermarket Type2,7.955059606,Food
NCB06,17.6,Non-Edible,0.08226356,Health and Hygiene,160.492,OUT013,High,Tier 3,Supermarket Type1,7.154096472,Non-Consumable
FDE53,10.895,Low Fat,0.026880159,Frozen Foods,106.428,OUT046,Small,Tier 1,Supermarket Type1,7.308135481,Food
DRE27,11.85,Low Fat,0.222063351,Dairy,99.6726,OUT010,Small,Tier 3,Grocery Store,5.281909491,Drinks
NCA06,20.5,Non-Edible,0.142589751,Household,35.919,OUT027,Medium,Tier 3,Supermarket Type3,6.374861263,Non-Consumable
FDL56,14.1,Low Fat,0.126292985,Fruits and Vegetables,88.6198,OUT018,Medium,Tier 3,Supermarket Type2,7.034262283,Food
FDT09,15.15,Regular,0.012260981,Snack Foods,131.7284,OUT035,Small,Tier 2,Supermarket Type1,7.079568146,Food
DRH03,17.25,Low Fat,0.05869048,Dairy,91.612,OUT010,Small,Tier 3,Grocery Store,4.545547562,Drinks
NCQ53,17.6,Non-Edible,0.018982338,Health and Hygiene,237.059,OUT018,Medium,Tier 3,Supermarket Type2,7.950610994,Non-Consumable
NCT18,14.6,Non-Edible,0.059405152,Household,179.6976,OUT046,Small,Tier 1,Supermarket Type1,8.195044442,Non-Consumable
FDL43,10.1,Low Fat,0.027059264,Meat,76.467,OUT035,Small,Tier 2,Supermarket Type1,7.474228075,Food
FDJ53,10.5,Low Fat,0.071244438,Frozen Foods,119.2098,OUT035,Small,Tier 2,Supermarket Type1,7.190380437,Food
NCQ02,12.6,Non-Edible,0.007455054,Household,186.9556,OUT035,Small,Tier 2,Supermarket Type1,8.279917145,Non-Consumable
NCJ05,18.7,Non-Edible,0.046088273,Health and Hygiene,153.6682,OUT046,Small,Tier 1,Supermarket Type1,8.162735388,Non-Consumable
FDT40,5.985,Low Fat,0.096185556,Frozen Foods,127.1678,OUT018,Medium,Tier 3,Supermarket Type2,8.177992789,Food
FDA48,12.1,Low Fat,0.11487406,Baking Goods,221.4114,OUT046,Small,Tier 1,Supermarket Type1,8.537066836,Food
FDV37,13,Regular,0.083643716,Canned,196.0426,OUT049,Medium,Tier 1,Supermarket Type1,7.852304473,Food
FDX07,19.2,Regular,0.022965292,Fruits and Vegetables,181.695,OUT045,Small,Tier 2,Supermarket Type1,7.849452515,Food
DRG48,5.78,Low Fat,0.014584584,Soft Drinks,146.3102,OUT045,Small,Tier 2,Supermarket Type1,7.690813088,Drinks
FDF44,7.17,Regular,0.059716729,Fruits and Vegetables,130.9968,OUT035,Small,Tier 2,Supermarket Type1,7.762146096,Food
FDS24,20.85,Regular,0.062224479,Baking Goods,88.1514,OUT046,Small,Tier 1,Supermarket Type1,7.428616339,Food
NCQ50,18.75,Non-Edible,0.034360687,Household,215.7218,OUT049,Medium,Tier 1,Supermarket Type1,8.360641364,Non-Consumable
FDT25,7.5,Low Fat,0.050708743,Canned,123.4072,OUT013,High,Tier 3,Supermarket Type1,8.066580246,Food
FDO03,10.395,Regular,0.036957777,Meat,230.5352,OUT045,Small,Tier 2,Supermarket Type1,8.42982626,Food
FDJ55,12.8,Regular,0.023530953,Meat,223.5404,OUT046,Small,Tier 1,Supermarket Type1,7.496276785,Food
FDM36,11.65,Regular,0.058681957,Baking Goods,170.4422,OUT013,High,Tier 3,Supermarket Type1,6.250605546,Food
FDM21,20.2,Low Fat,0.064728148,Snack Foods,258.0646,OUT017,Small,Tier 2,Supermarket Type1,8.642877587,Food
FDK58,11.35,Regular,0.050626761,Snack Foods,103.0016,OUT035,Small,Tier 2,Supermarket Type1,7.662107431,Food
FDD26,8.71,Regular,0.120773451,Canned,186.5924,OUT010,Small,Tier 3,Grocery Store,6.321266731,Food
FDW57,8.31,Regular,0.115911972,Snack Foods,177.3028,OUT045,Small,Tier 2,Supermarket Type1,7.575138809,Food
FDT32,19,Regular,0.10985775,Fruits and Vegetables,188.8214,OUT010,Small,Tier 3,Grocery Store,5.243974163,Food
FDT25,7.5,Low Fat,0.050853901,Canned,121.7072,OUT045,Small,Tier 2,Supermarket Type1,5.909499326,Food
NCB19,6.525,Non-Edible,0.090295708,Household,84.6882,OUT046,Small,Tier 1,Supermarket Type1,6.40061851,Non-Consumable
FDD05,19.35,Low Fat,0.029084548,Frozen Foods,122.0098,OUT019,Small,Tier 1,Grocery Store,5.893105574,Food
NCE54,20.7,Non-Edible,0.026769592,Household,77.0354,OUT027,Medium,Tier 3,Supermarket Type3,7.755037739,Non-Consumable
FDO39,6.985,Regular,0.137580452,Meat,182.8608,OUT049,Medium,Tier 1,Supermarket Type1,8.304924692,Food
NCV06,11.3,Non-Edible,0.066816565,Household,192.2478,OUT045,Small,Tier 2,Supermarket Type1,7.213204526,Non-Consumable
DRB13,6.115,Regular,0.01179078,Soft Drinks,189.053,OUT010,Small,Tier 3,Grocery Store,6.856214586,Drinks
FDX51,9.5,Regular,0.036921781,Meat,194.2452,OUT010,Small,Tier 3,Grocery Store,6.66438453,Food
FDC38,15.7,Low Fat,0.122742389,Canned,134.2942,OUT045,Small,Tier 2,Supermarket Type1,7.084601708,Food
FDD04,16,Low Fat,0.089971292,Dairy,143.2154,OUT046,Small,Tier 1,Supermarket Type1,7.440020307,Food
FDC05,13.1,Regular,0.099186992,Frozen Foods,198.7768,OUT018,Medium,Tier 3,Supermarket Type2,8.056499308,Food
DRJ59,11.65,Low Fat,0.021993495,Hard Drinks,39.0164,OUT027,Medium,Tier 3,Supermarket Type3,6.950472564,Drinks
FDL22,16.85,Low Fat,0.036596012,Snack Foods,90.6488,OUT017,Small,Tier 2,Supermarket Type1,6.453375519,Food
DRH13,8.575,Low Fat,0.041821227,Soft Drinks,107.628,OUT019,Small,Tier 1,Grocery Store,5.366237663,Drinks
FDV22,14.85,Regular,0.016635488,Snack Foods,157.563,OUT010,Small,Tier 3,Grocery Store,5.749157289,Food
FDP07,18.2,Low Fat,0.090084098,Fruits and Vegetables,197.211,OUT045,Small,Tier 2,Supermarket Type1,8.053116284,Food
FDK27,11,Low Fat,0.008960445,Meat,119.1756,OUT049,Medium,Tier 1,Supermarket Type1,7.436887353,Food
FDP31,21.1,Regular,0.162418495,Fruits and Vegetables,64.9168,OUT017,Small,Tier 2,Supermarket Type1,6.461730642,Food
NCI54,15.2,Non-Edible,0.056237906,Household,110.7912,OUT010,Small,Tier 3,Grocery Store,4.702217039,Non-Consumable
DRK35,8.365,Low Fat,0.071498575,Hard Drinks,37.7506,OUT027,Medium,Tier 3,Supermarket Type3,6.682061729,Drinks
NCO07,9.06,Non-Edible,0.009791467,Others,213.256,OUT049,Medium,Tier 1,Supermarket Type1,8.452810818,Non-Consumable
FDN31,11.5,Low Fat,0.072820885,Fruits and Vegetables,191.253,OUT013,High,Tier 3,Supermarket Type1,8.01864127,Food
NCO02,11.15,Non-Edible,0.073354286,Others,66.8142,OUT035,Small,Tier 2,Supermarket Type1,7.772294169,Non-Consumable
FDQ26,13.5,Regular,0.068010049,Dairy,57.2562,OUT045,Small,Tier 2,Supermarket Type1,6.648117075,Food
FDQ07,15.1,Regular,0.087406863,Fruits and Vegetables,221.8456,OUT046,Small,Tier 1,Supermarket Type1,6.498488152,Food
FDB49,8.3,Regular,0.030198228,Baking Goods,98.2384,OUT049,Medium,Tier 1,Supermarket Type1,7.681949955,Food
FDY44,14.15,Regular,0.024442501,Fruits and Vegetables,196.411,OUT049,Medium,Tier 1,Supermarket Type1,7.919630335,Food
NCI54,15.2,Non-Edible,0.033436336,Household,107.3912,OUT027,Medium,Tier 3,Supermarket Type3,8.025632011,Non-Consumable
FDV44,8.365,Regular,0.039844429,Fruits and Vegetables,190.1188,OUT046,Small,Tier 1,Supermarket Type1,7.55233597,Food
FDI48,11.85,Regular,0.055805027,Baking Goods,53.0666,OUT049,Medium,Tier 1,Supermarket Type1,6.241573249,Food
NCL05,19.6,Non-Edible,0.047888606,Health and Hygiene,42.277,OUT035,Small,Tier 2,Supermarket Type1,6.408327782,Non-Consumable
FDT32,19,Regular,0.065735977,Fruits and Vegetables,189.6214,OUT049,Medium,Tier 1,Supermarket Type1,7.947084899,Food
FDM10,18.25,Low Fat,0.076089711,Snack Foods,212.9218,OUT049,Medium,Tier 1,Supermarket Type1,8.255306837,Food
FDS21,19.85,Regular,0.020908608,Snack Foods,63.5194,OUT049,Medium,Tier 1,Supermarket Type1,6.324850956,Food
FDD11,12.85,Low Fat,0.030678825,Starchy Foods,251.704,OUT045,Small,Tier 2,Supermarket Type1,8.172744911,Food
FDL04,19,Low Fat,0.111381428,Frozen Foods,106.7622,OUT027,Medium,Tier 3,Supermarket Type3,7.994680067,Food
FDO58,19.6,Low Fat,0.039738393,Snack Foods,163.7526,OUT018,Medium,Tier 3,Supermarket Type2,7.993331905,Food
FDQ08,15.7,Regular,0.01903743,Fruits and Vegetables,60.5536,OUT017,Small,Tier 2,Supermarket Type1,6.196502782,Food
FDT28,13.3,Low Fat,0.06356617,Frozen Foods,151.3708,OUT046,Small,Tier 1,Supermarket Type1,8.192099746,Food
FDT22,10.395,Low Fat,0.112553853,Snack Foods,59.022,OUT018,Medium,Tier 3,Supermarket Type2,7.22926325,Food
FDB58,10.5,Regular,0.013493914,Snack Foods,143.7154,OUT035,Small,Tier 2,Supermarket Type1,8.045889133,Food
FDN45,19.35,Low Fat,0.118102769,Snack Foods,224.8088,OUT046,Small,Tier 1,Supermarket Type1,7.608066338,Food
FDZ45,14.1,Low Fat,0.06682033,Snack Foods,198.9084,OUT013,High,Tier 3,Supermarket Type1,8.468591346,Food
FDJ38,8.6,Regular,0.040205535,Canned,188.753,OUT046,Small,Tier 1,Supermarket Type1,8.934734422,Food
NCT06,17.1,Non-Edible,0.038816115,Household,166.4842,OUT045,Small,Tier 2,Supermarket Type1,7.190882192,Non-Consumable
FDU21,11.8,Regular,0.076348933,Snack Foods,32.8558,OUT027,Medium,Tier 3,Supermarket Type3,6.570983518,Food
NCP30,20.5,Non-Edible,0.032819637,Household,38.9822,OUT049,Medium,Tier 1,Supermarket Type1,6.89066507,Non-Consumable
FDR27,15.1,Regular,0.096249842,Meat,134.4942,OUT049,Medium,Tier 1,Supermarket Type1,7.659599201,Food
FDW39,6.69,Regular,0.042446314,Meat,176.937,OUT017,Small,Tier 2,Supermarket Type1,8.351253831,Food
DRZ24,7.535,Low Fat,0.081984113,Soft Drinks,121.044,OUT027,Medium,Tier 3,Supermarket Type3,7.782340293,Drinks
FDK21,7.905,Low Fat,0.010003987,Snack Foods,250.7408,OUT013,High,Tier 3,Supermarket Type1,8.658491067,Food
FDJ04,18,Low Fat,0.124452048,Frozen Foods,118.5124,OUT046,Small,Tier 1,Supermarket Type1,7.17367966,Food
FDZ13,7.84,Regular,0.154363209,Canned,50.835,OUT017,Small,Tier 2,Supermarket Type1,6.397296255,Food
FDS16,15.15,Regular,0.066551268,Frozen Foods,144.676,OUT017,Small,Tier 2,Supermarket Type1,8.282951281,Food
FDD56,15.2,Regular,0.173703549,Fruits and Vegetables,175.8054,OUT010,Small,Tier 3,Grocery Store,6.958098903,Food
FDI57,19.85,Low Fat,0.054025644,Seafood,197.2768,OUT046,Small,Tier 1,Supermarket Type1,8.780254813,Food
FDQ12,12.65,Low Fat,0.03523927,Baking Goods,231.601,OUT027,Medium,Tier 3,Supermarket Type3,8.695042429,Food
FDI56,7.325,Low Fat,0.093385381,Fruits and Vegetables,91.3146,OUT046,Small,Tier 1,Supermarket Type1,7.404195609,Food
NCT42,5.88,Non-Edible,0.024937792,Household,148.4392,OUT045,Small,Tier 2,Supermarket Type1,7.644416252,Non-Consumable
FDM25,10.695,Regular,0.060654268,Breakfast,174.7712,OUT035,Small,Tier 2,Supermarket Type1,8.113921516,Food
DRB25,12.3,Low Fat,0.06912336,Soft Drinks,106.0938,OUT027,Medium,Tier 3,Supermarket Type3,7.933093689,Drinks
NCY30,20.25,Non-Edible,0.025953257,Household,179.5976,OUT046,Small,Tier 1,Supermarket Type1,7.838487785,Non-Consumable
FDD44,8.05,Regular,0.07884393,Fruits and Vegetables,257.0646,OUT017,Small,Tier 2,Supermarket Type1,9.078133405,Food
FDK45,11.65,Low Fat,0.033851785,Seafood,112.186,OUT035,Small,Tier 2,Supermarket Type1,6.927238247,Food
FDN45,19.35,Low Fat,0.118342285,Snack Foods,222.6088,OUT045,Small,Tier 2,Supermarket Type1,7.490345354,Food
FDQ09,7.235,Low Fat,0.058121214,Snack Foods,115.8834,OUT035,Small,Tier 2,Supermarket Type1,7.232155513,Food
FDC17,12.15,Low Fat,0.015457803,Frozen Foods,209.9928,OUT035,Small,Tier 2,Supermarket Type1,8.568042187,Food
FDD45,8.615,Low Fat,0.116152226,Fruits and Vegetables,94.1436,OUT013,High,Tier 3,Supermarket Type1,7.322310678,Food
FDD41,6.765,Regular,0.087260103,Frozen Foods,105.0306,OUT046,Small,Tier 1,Supermarket Type1,7.64569034,Food
FDU46,10.3,Regular,0.0111263,Snack Foods,87.254,OUT046,Small,Tier 1,Supermarket Type1,7.100650735,Food
FDO45,13.15,Regular,0.038167453,Snack Foods,89.4856,OUT017,Small,Tier 2,Supermarket Type1,7.115905713,Food
FDG41,8.84,Regular,0.076547632,Frozen Foods,109.5228,OUT035,Small,Tier 2,Supermarket Type1,7.413875048,Food
DRC13,8.26,Regular,0.032544745,Soft Drinks,122.573,OUT045,Small,Tier 2,Supermarket Type1,6.606701536,Drinks
FDX50,20.1,Low Fat,0.074931201,Dairy,108.9228,OUT018,Medium,Tier 3,Supermarket Type2,7.008711309,Food
FDK56,9.695,Low Fat,0.130075742,Fruits and Vegetables,185.1898,OUT035,Small,Tier 2,Supermarket Type1,7.87102776,Food
NCL18,18.85,Non-Edible,0.16758389,Household,194.6136,OUT046,Small,Tier 1,Supermarket Type1,7.909412516,Non-Consumable
FDN57,18.25,Low Fat,0.054318517,Snack Foods,140.9154,OUT049,Medium,Tier 1,Supermarket Type1,8.761345388,Food
FDX03,15.85,Regular,0.060800116,Meat,44.4744,OUT027,Medium,Tier 3,Supermarket Type3,6.647253519,Food
NCU17,5.32,Non-Edible,0.093011506,Health and Hygiene,101.7674,OUT013,High,Tier 3,Supermarket Type1,7.022459268,Non-Consumable
FDL14,8.115,Regular,0.032152786,Canned,157.3972,OUT035,Small,Tier 2,Supermarket Type1,7.533996552,Food
NCU18,15.1,Non-Edible,0.055840055,Household,139.8496,OUT046,Small,Tier 1,Supermarket Type1,7.253113631,Non-Consumable
NCH43,8.42,Non-Edible,0.070968081,Household,215.9192,OUT017,Small,Tier 2,Supermarket Type1,7.57171708,Non-Consumable
FDH41,9,Low Fat,0.081996013,Frozen Foods,216.2534,OUT035,Small,Tier 2,Supermarket Type1,8.366851116,Food
FDS28,8.18,Regular,0.082737261,Frozen Foods,57.3588,OUT018,Medium,Tier 3,Supermarket Type2,5.842247344,Food
FDG02,7.855,Low Fat,0.011206632,Canned,191.4188,OUT027,Medium,Tier 3,Supermarket Type3,8.293998339,Food
FDS40,15.35,Low Fat,0.014047825,Frozen Foods,36.719,OUT045,Small,Tier 2,Supermarket Type1,6.374861263,Food
FDD10,20.6,Regular,0.045982389,Snack Foods,177.0344,OUT013,High,Tier 3,Supermarket Type1,6.284699673,Food
DRQ35,9.3,Low Fat,0.042256257,Hard Drinks,124.4388,OUT013,High,Tier 3,Supermarket Type1,7.384551039,Drinks
NCL05,19.6,Non-Edible,0.053877532,Health and Hygiene,42.877,OUT049,Medium,Tier 1,Supermarket Type1,6.477210796,Non-Consumable
FDJ48,11.3,Low Fat,0.056424146,Baking Goods,247.8118,OUT035,Small,Tier 2,Supermarket Type1,7.707110406,Food
FDV21,11.5,Low Fat,0.170254469,Snack Foods,124.8704,OUT027,Medium,Tier 3,Supermarket Type3,7.66335919,Food
FDJ26,15.3,Regular,0.084749164,Canned,215.5218,OUT035,Small,Tier 2,Supermarket Type1,8.30936038,Food
NCN05,8.235,Non-Edible,0.014541462,Health and Hygiene,184.495,OUT017,Small,Tier 2,Supermarket Type1,8.254787626,Non-Consumable
FDK09,15.2,Low Fat,0.091763303,Snack Foods,228.5352,OUT046,Small,Tier 1,Supermarket Type1,7.513862864,Food
FDM56,16.7,Low Fat,0.069851683,Fruits and Vegetables,110.9912,OUT027,Medium,Tier 3,Supermarket Type3,7.17877002,Food
DRF25,9,Low Fat,0.039004193,Soft Drinks,37.019,OUT045,Small,Tier 2,Supermarket Type1,6.492454963,Drinks
FDG14,9,Regular,0.05060313,Canned,150.9024,OUT045,Small,Tier 2,Supermarket Type1,8.390102635,Food
FDZ31,15.35,Regular,0.113195815,Fruits and Vegetables,190.8504,OUT035,Small,Tier 2,Supermarket Type1,8.200907947,Food
FDU21,11.8,Regular,0.134327613,Snack Foods,35.0558,OUT019,Small,Tier 1,Grocery Store,3.554084406,Food
FDC57,20.1,Regular,0.054584207,Fruits and Vegetables,193.382,OUT035,Small,Tier 2,Supermarket Type1,8.354392811,Food
FDU46,10.3,Regular,0.018623146,Snack Foods,87.854,OUT010,Small,Tier 3,Grocery Store,5.563224549,Food
FDU22,12.35,Low Fat,0.093278912,Snack Foods,118.7124,OUT035,Small,Tier 2,Supermarket Type1,7.866443519,Food
DRG23,8.88,Low Fat,0.086957199,Hard Drinks,152.5682,OUT045,Small,Tier 2,Supermarket Type1,7.224909111,Drinks
FDR23,15.85,Low Fat,0.13689554,Breads,176.437,OUT010,Small,Tier 3,Grocery Store,6.273463627,Food
FDI14,14.1,Low Fat,0.090043082,Canned,140.1496,OUT018,Medium,Tier 3,Supermarket Type2,6.742759874,Food
NCN42,20.25,Non-Edible,0.014251461,Household,148.6418,OUT045,Small,Tier 2,Supermarket Type1,7.882145999,Non-Consumable
NCM41,16.5,Non-Edible,0.035711426,Health and Hygiene,93.612,OUT049,Medium,Tier 1,Supermarket Type1,7.368720686,Non-Consumable
FDT55,13.6,Regular,0.043655155,Fruits and Vegetables,156.7946,OUT046,Small,Tier 1,Supermarket Type1,8.197063902,Food
DRY23,9.395,Regular,0.108568067,Soft Drinks,42.9112,OUT027,Medium,Tier 3,Supermarket Type3,6.697790505,Drinks
FDL46,20.35,Low Fat,0.090480214,Snack Foods,119.5466,OUT010,Small,Tier 3,Grocery Store,4.777833586,Food
FDQ57,7.275,Low Fat,0.027942357,Snack Foods,145.076,OUT035,Small,Tier 2,Supermarket Type1,7.385377314,Food
FDQ16,19.7,Low Fat,0.041730507,Frozen Foods,109.2912,OUT035,Small,Tier 2,Supermarket Type1,7.784559125,Food
FDZ52,19.2,Low Fat,0.099589909,Frozen Foods,109.1886,OUT027,Medium,Tier 3,Supermarket Type3,8.349050667,Food
FDL16,12.85,Low Fat,0.294939214,Frozen Foods,47.106,OUT019,Small,Tier 1,Grocery Store,4.947468276,Food
NCX18,14.15,Non-Edible,0.008829806,Household,196.811,OUT018,Medium,Tier 3,Supermarket Type2,8.415924958,Non-Consumable
FDM34,19,Low Fat,0.067722325,Snack Foods,130.8626,OUT018,Medium,Tier 3,Supermarket Type2,7.361979567,Food
FDG60,20.35,Low Fat,0.060405784,Baking Goods,234.5616,OUT027,Medium,Tier 3,Supermarket Type3,8.824308176,Food
NCA06,20.5,Non-Edible,0.143368729,Household,37.119,OUT018,Medium,Tier 3,Supermarket Type2,6.737248057,Non-Consumable
DRD12,6.96,Low Fat,0.077193561,Soft Drinks,89.9146,OUT046,Small,Tier 1,Supermarket Type1,7.153055078,Drinks
FDP04,15.35,Low Fat,0.013869039,Frozen Foods,62.5168,OUT018,Medium,Tier 3,Supermarket Type2,6.105724941,Food
NCH30,17.1,Non-Edible,0.067290244,Household,114.586,OUT045,Small,Tier 2,Supermarket Type1,7.368720686,Non-Consumable
FDS04,10.195,Regular,0.146960375,Frozen Foods,142.2838,OUT045,Small,Tier 2,Supermarket Type1,7.430591842,Food
FDQ13,11.1,Low Fat,0.018632082,Canned,82.9908,OUT019,Small,Tier 1,Grocery Store,6.223260161,Food
FDU59,5.78,Low Fat,0.096536082,Breads,162.8552,OUT049,Medium,Tier 1,Supermarket Type1,8.181724483,Food
DRG11,6.385,Low Fat,0.084008316,Hard Drinks,108.2596,OUT045,Small,Tier 2,Supermarket Type1,7.079568146,Drinks
FDA36,5.985,Low Fat,0.005638944,Baking Goods,184.9924,OUT027,Medium,Tier 3,Supermarket Type3,8.05438626,Food
FDA15,9.3,Low Fat,0.01601936,Dairy,248.5092,OUT035,Small,Tier 2,Supermarket Type1,8.775740828,Food
FDZ03,13.65,Regular,0.13187274,Dairy,188.024,OUT010,Small,Tier 3,Grocery Store,6.615658141,Food
FDJ16,9.195,Low Fat,0.114863923,Frozen Foods,59.0246,OUT035,Small,Tier 2,Supermarket Type1,7.525417417,Food
FDZ12,9.17,Low Fat,0.103138922,Baking Goods,141.747,OUT049,Medium,Tier 1,Supermarket Type1,8.008727115,Food
FDH09,12.6,Low Fat,0.056191301,Seafood,53.2982,OUT045,Small,Tier 2,Supermarket Type1,6.603096311,Food
FDT13,14.85,Low Fat,0.01867669,Canned,188.7214,OUT017,Small,Tier 2,Supermarket Type1,8.283456076,Food
FDU20,19.35,Regular,0.021578923,Fruits and Vegetables,120.5098,OUT017,Small,Tier 2,Supermarket Type1,7.500334331,Food
DRH25,18.7,Low Fat,0.016565438,Soft Drinks,52.2324,OUT035,Small,Tier 2,Supermarket Type1,6.149304698,Drinks
FDK26,5.46,Regular,0.032242661,Canned,187.624,OUT045,Small,Tier 2,Supermarket Type1,8.172744911,Food
FDU32,8.785,Low Fat,0.025962714,Fruits and Vegetables,120.9414,OUT035,Small,Tier 2,Supermarket Type1,7.575821752,Food
FDI22,12.6,Low Fat,0.096407554,Snack Foods,210.8612,OUT045,Small,Tier 2,Supermarket Type1,8.115514665,Food
NCB54,8.76,Non-Edible,0.050256604,Health and Hygiene,127.3336,OUT018,Medium,Tier 3,Supermarket Type2,7.895624295,Non-Consumable
FDX46,12.3,Regular,0.058234621,Snack Foods,58.7562,OUT045,Small,Tier 2,Supermarket Type1,6.386141674,Food
NCC07,19.6,Non-Edible,0.023931217,Household,103.1964,OUT013,High,Tier 3,Supermarket Type1,6.603096311,Non-Consumable
FDQ34,10.85,Low Fat,0.284065879,Snack Foods,105.5622,OUT019,Small,Tier 1,Grocery Store,5.359997431,Food
FDM16,8.155,Regular,0.033692089,Frozen Foods,76.2354,OUT018,Medium,Tier 3,Supermarket Type2,7.154616763,Food
FDJ55,12.8,Regular,0.023417004,Meat,223.8404,OUT027,Medium,Tier 3,Supermarket Type3,8.882154699,Food
DRI01,7.97,Low Fat,0.034647829,Soft Drinks,171.2422,OUT017,Small,Tier 2,Supermarket Type1,8.040755983,Drinks
FDD50,18.85,Low Fat,0.142219209,Canned,167.6132,OUT018,Medium,Tier 3,Supermarket Type2,7.328449697,Food
FDJ08,11.1,Low Fat,0.11089655,Fruits and Vegetables,191.5846,OUT045,Small,Tier 2,Supermarket Type1,7.651087175,Food
NCK18,9.6,Non-Edible,0.006708517,Household,164.6184,OUT049,Medium,Tier 1,Supermarket Type1,7.997370953,Non-Consumable
FDQ14,9.27,Low Fat,0.103419257,Dairy,148.105,OUT010,Small,Tier 3,Grocery Store,5.015987612,Food
FDS51,13.35,Low Fat,0.032180494,Meat,61.2194,OUT046,Small,Tier 1,Supermarket Type1,6.074048178,Food
FDA04,11.3,Regular,0.066717378,Frozen Foods,260.8962,OUT035,Small,Tier 2,Supermarket Type1,8.501455562,Food
FDP10,19,Low Fat,0.128814669,Snack Foods,107.6622,OUT017,Small,Tier 2,Supermarket Type1,7.060891902,Food
FDT36,12.3,Low Fat,0.111500259,Baking Goods,35.6874,OUT045,Small,Tier 2,Supermarket Type1,6.742759874,Food
FDH38,6.425,Low Fat,0.010497273,Canned,118.3808,OUT017,Small,Tier 2,Supermarket Type1,7.942127384,Food
FDC16,11.5,Regular,0.020653603,Dairy,84.954,OUT018,Medium,Tier 3,Supermarket Type2,6.764508271,Food
FDF17,5.19,Low Fat,0.042687151,Frozen Foods,195.911,OUT049,Medium,Tier 1,Supermarket Type1,7.98859897,Food
FDU23,12.15,Low Fat,0.021705417,Breads,163.5184,OUT013,High,Tier 3,Supermarket Type1,8.051420471,Food
FDB34,15.25,Low Fat,0.026651184,Snack Foods,86.6198,OUT049,Medium,Tier 1,Supermarket Type1,7.413473603,Food
FDW26,11.8,Regular,0.106968096,Dairy,221.6772,OUT013,High,Tier 3,Supermarket Type1,8.043753522,Food
FDP45,15.7,Regular,0.030686952,Snack Foods,253.4724,OUT045,Small,Tier 2,Supermarket Type1,7.320549728,Food
FDD38,16.75,Regular,0.008191729,Canned,103.5674,OUT046,Small,Tier 1,Supermarket Type1,7.396874044,Food
FDM60,10.8,Regular,0.048218142,Baking Goods,42.2138,OUT049,Medium,Tier 1,Supermarket Type1,6.53876857,Food
FDW26,11.8,Regular,0.107036943,Dairy,220.3772,OUT035,Small,Tier 2,Supermarket Type1,8.400332131,Food
FDV51,16.35,Low Fat,0.032381325,Meat,166.1842,OUT027,Medium,Tier 3,Supermarket Type3,8.607377273,Food
FDT33,7.81,Regular,0.034043503,Snack Foods,168.7158,OUT049,Medium,Tier 1,Supermarket Type1,7.89164963,Food
FDQ40,11.1,Regular,0.036027524,Frozen Foods,177.2712,OUT046,Small,Tier 1,Supermarket Type1,8.113921516,Food
FDX40,12.85,Low Fat,0.122611551,Frozen Foods,38.3164,OUT035,Small,Tier 2,Supermarket Type1,6.220616412,Food
FDU31,10.5,Regular,0.02498633,Fruits and Vegetables,216.7508,OUT035,Small,Tier 2,Supermarket Type1,8.01951779,Food
DRJ01,6.135,Low Fat,0.115032406,Soft Drinks,161.0236,OUT046,Small,Tier 1,Supermarket Type1,7.162388815,Drinks
FDP11,15.85,Low Fat,0.068765925,Breads,216.9166,OUT027,Medium,Tier 3,Supermarket Type3,8.379156121,Food
NCN43,12.15,Non-Edible,0.006727008,Others,125.173,OUT027,Medium,Tier 3,Supermarket Type3,8.071998617,Non-Consumable
FDA15,9.3,Low Fat,0.016087659,Dairy,249.6092,OUT018,Medium,Tier 3,Supermarket Type2,8.69571099,Food
FDO04,16.6,Low Fat,0.026530404,Frozen Foods,54.6614,OUT017,Small,Tier 2,Supermarket Type1,6.785793725,Food
NCF43,8.51,Non-Edible,0.051936086,Household,142.947,OUT035,Small,Tier 2,Supermarket Type1,8.008727115,Non-Consumable
NCI17,8.645,Non-Edible,0.1442339,Health and Hygiene,95.441,OUT017,Small,Tier 2,Supermarket Type1,8.096632922,Non-Consumable
FDY47,8.6,Regular,0.05443912,Breads,128.831,OUT013,High,Tier 3,Supermarket Type1,6.946637473,Food
FDF20,12.85,Low Fat,0.033059299,Fruits and Vegetables,196.4768,OUT027,Medium,Tier 3,Supermarket Type3,8.749487958,Food
NCS53,14.5,Non-Edible,0.089778187,Health and Hygiene,158.4604,OUT046,Small,Tier 1,Supermarket Type1,7.899089214,Non-Consumable
FDK38,6.65,Low Fat,0.053372768,Canned,149.5734,OUT049,Medium,Tier 1,Supermarket Type1,7.834015272,Food
FDW43,20.1,Regular,0.022406575,Fruits and Vegetables,225.9036,OUT013,High,Tier 3,Supermarket Type1,8.200907947,Food
FDV57,15.25,Regular,0.065896556,Snack Foods,179.266,OUT046,Small,Tier 1,Supermarket Type1,7.271792654,Food
FDX26,17.7,Low Fat,0.088305201,Dairy,182.3292,OUT017,Small,Tier 2,Supermarket Type1,8.34209467,Food
FDR04,7.075,Low Fat,0.022566975,Frozen Foods,97.3068,OUT046,Small,Tier 1,Supermarket Type1,7.142581047,Food
FDP19,11.5,Low Fat,0.202824398,Fruits and Vegetables,129.3652,OUT013,High,Tier 3,Supermarket Type1,7.634164687,Food
FDT07,5.82,Regular,0.077756427,Fruits and Vegetables,254.533,OUT017,Small,Tier 2,Supermarket Type1,7.156695224,Food
DRB24,8.785,Low Fat,0.020609218,Soft Drinks,155.1656,OUT049,Medium,Tier 1,Supermarket Type1,8.298316922,Drinks
FDB36,5.465,Regular,0.048544854,Baking Goods,129.1626,OUT046,Small,Tier 1,Supermarket Type1,8.208914538,Food
NCE07,8.18,Non-Edible,0.013066448,Household,140.9154,OUT027,Medium,Tier 3,Supermarket Type3,7.663046397,Non-Consumable
FDI16,14,Regular,0.135118202,Frozen Foods,52.564,OUT027,Medium,Tier 3,Supermarket Type3,7.736897315,Food
FDP45,15.7,Regular,0.030624844,Snack Foods,252.2724,OUT046,Small,Tier 1,Supermarket Type1,7.138360523,Food
NCC43,7.39,Non-Edible,0.092705683,Household,251.9066,OUT013,High,Tier 3,Supermarket Type1,8.358926901,Non-Consumable
FDQ23,6.55,Low Fat,0.042941559,Breads,102.9332,OUT019,Small,Tier 1,Grocery Store,4.639892334,Food
FDW24,6.8,Low Fat,0.03748996,Baking Goods,48.6034,OUT035,Small,Tier 2,Supermarket Type1,5.678876206,Food
FDW09,13.65,Regular,0.025795293,Snack Foods,80.2302,OUT027,Medium,Tier 3,Supermarket Type3,7.668661757,Food
FDN10,11.5,Low Fat,0.046115083,Snack Foods,120.2124,OUT035,Small,Tier 2,Supermarket Type1,7.340615815,Food
FDE23,17.6,Regular,0.053170949,Starchy Foods,45.606,OUT035,Small,Tier 2,Supermarket Type1,7.453226937,Food
FDV16,7.75,Regular,0.082915017,Frozen Foods,34.9558,OUT035,Small,Tier 2,Supermarket Type1,6.471047461,Food
FDF12,8.235,Low Fat,0.082028694,Baking Goods,148.6076,OUT027,Medium,Tier 3,Supermarket Type3,8.291998839,Food
FDN21,18.6,Low Fat,0.076975118,Snack Foods,161.8236,OUT049,Medium,Tier 1,Supermarket Type1,7.385377314,Food
DRC25,5.73,Low Fat,0.045371855,Soft Drinks,86.0882,OUT046,Small,Tier 1,Supermarket Type1,7.018891026,Drinks
NCP18,12.15,Non-Edible,0.028642712,Household,149.0708,OUT049,Medium,Tier 1,Supermarket Type1,7.094040968,Non-Consumable
FDW60,5.44,Regular,0.017047751,Baking Goods,174.637,OUT013,High,Tier 3,Supermarket Type1,8.006510557,Food
FDY04,17.7,Regular,0.042562588,Frozen Foods,165.021,OUT045,Small,Tier 2,Supermarket Type1,8.139306577,Food
NCJ31,19.2,Non-Edible,0.181769264,Others,240.6196,OUT027,Medium,Tier 3,Supermarket Type3,8.429535584,Non-Consumable
DRN47,12.1,Low Fat,0.016812745,Hard Drinks,180.666,OUT013,High,Tier 3,Supermarket Type1,8.327392052,Drinks
FDU13,8.355,Low Fat,0.208029168,Canned,145.6418,OUT013,High,Tier 3,Supermarket Type1,8.127186405,Food
FDT39,6.26,Regular,0.016516867,Meat,151.1366,OUT010,Small,Tier 3,Grocery Store,6.118999434,Food
NCQ18,15.75,Non-Edible,0.134960397,Household,101.37,OUT013,High,Tier 3,Supermarket Type1,7.648868475,Non-Consumable
FDV25,5.905,Low Fat,0.045614252,Canned,221.5456,OUT013,High,Tier 3,Supermarket Type1,8.832502143,Food
NCE30,16,Non-Edible,0.099136036,Household,210.3902,OUT046,Small,Tier 1,Supermarket Type1,7.305007688,Non-Consumable
NCN42,20.25,Non-Edible,0.014222617,Household,148.9418,OUT046,Small,Tier 1,Supermarket Type1,8.169733711,Non-Consumable
FDW25,5.175,Low Fat,0.037457098,Canned,83.4224,OUT049,Medium,Tier 1,Supermarket Type1,7.279167652,Food
FDS49,9,Low Fat,0.079279489,Canned,77.2644,OUT013,High,Tier 3,Supermarket Type1,7.197880465,Food
FDN34,15.6,Regular,0.045835395,Snack Foods,168.2132,OUT049,Medium,Tier 1,Supermarket Type1,7.770047925,Food
FDS45,5.175,Regular,0.029616108,Snack Foods,107.7622,OUT018,Medium,Tier 3,Supermarket Type2,7.607074275,Food
NCL53,7.5,Non-Edible,0.03977834,Health and Hygiene,175.4028,OUT027,Medium,Tier 3,Supermarket Type3,8.814465094,Non-Consumable
FDT38,18.7,Low Fat,0.0576269,Dairy,83.3566,OUT049,Medium,Tier 1,Supermarket Type1,7.529001005,Food
NCX06,17.6,Non-Edible,0.015687045,Household,182.6976,OUT046,Small,Tier 1,Supermarket Type1,8.143765675,Non-Consumable
NCY17,18.2,Non-Edible,0.162960415,Health and Hygiene,43.5086,OUT013,High,Tier 3,Supermarket Type1,6.97691411,Non-Consumable
NCO18,13.15,Non-Edible,0.024651269,Household,179.5686,OUT046,Small,Tier 1,Supermarket Type1,7.26062716,Non-Consumable
FDY47,8.6,Regular,0.091195818,Breads,130.231,OUT010,Small,Tier 3,Grocery Store,4.873906414,Food
FDF57,14.5,Regular,0.058542509,Fruits and Vegetables,168.6448,OUT027,Medium,Tier 3,Supermarket Type3,8.134437071,Food
FDS26,20.35,Low Fat,0.089608321,Dairy,262.1594,OUT049,Medium,Tier 1,Supermarket Type1,8.052268737,Food
NCL17,7.39,Non-Edible,0.067766896,Health and Hygiene,140.6812,OUT035,Small,Tier 2,Supermarket Type1,8.217576504,Non-Consumable
NCB18,19.6,Non-Edible,0.041355366,Household,88.7514,OUT049,Medium,Tier 1,Supermarket Type1,7.885156914,Non-Consumable
FDA50,16.25,Low Fat,0.145913308,Dairy,95.441,OUT010,Small,Tier 3,Grocery Store,5.26828075,Food
DRE13,6.28,Low Fat,0.027748176,Soft Drinks,86.5198,OUT049,Medium,Tier 1,Supermarket Type1,7.241736415,Drinks
DRE60,9.395,Low Fat,0.159201868,Soft Drinks,226.072,OUT013,High,Tier 3,Supermarket Type1,8.195044442,Drinks
FDB20,7.72,Low Fat,0.052274691,Fruits and Vegetables,79.1986,OUT017,Small,Tier 2,Supermarket Type1,6.659275971,Food
NCS18,12.65,Non-Edible,0.042175992,Household,106.4938,OUT013,High,Tier 3,Supermarket Type1,7.810538149,Non-Consumable
FDH19,19.35,Low Fat,0.057933643,Meat,175.1738,OUT019,Small,Tier 1,Grocery Store,5.853774806,Food
FDS47,16.75,Low Fat,0.129045287,Breads,88.7856,OUT045,Small,Tier 2,Supermarket Type1,6.874965109,Food
FDC09,15.5,Regular,0.026280116,Fruits and Vegetables,102.3332,OUT013,High,Tier 3,Supermarket Type1,6.828494299,Food
DRG23,8.88,Low Fat,0.086916126,Hard Drinks,153.3682,OUT049,Medium,Tier 1,Supermarket Type1,7.107217099,Drinks
FDU34,18.25,Low Fat,0.075347426,Snack Foods,126.3046,OUT045,Small,Tier 2,Supermarket Type1,6.617439876,Food
FDZ40,8.935,Low Fat,0.040410039,Frozen Foods,52.9298,OUT017,Small,Tier 2,Supermarket Type1,6.292120839,Food
NCE30,16,Non-Edible,0.09911729,Household,210.7902,OUT035,Small,Tier 2,Supermarket Type1,8.403171767,Non-Consumable
FDA44,19.7,Low Fat,0.053439522,Fruits and Vegetables,55.093,OUT018,Medium,Tier 3,Supermarket Type2,6.927238247,Food
FDB32,20.6,Low Fat,0.023448504,Fruits and Vegetables,93.9778,OUT035,Small,Tier 2,Supermarket Type1,7.943546327,Food
NCO06,19.25,Non-Edible,0.108030434,Household,32.4558,OUT046,Small,Tier 1,Supermarket Type1,4.63344078,Non-Consumable
FDY44,14.15,Regular,0.024404558,Fruits and Vegetables,198.311,OUT046,Small,Tier 1,Supermarket Type1,7.845550327,Food
FDG10,6.63,Regular,0.010961483,Snack Foods,58.2588,OUT045,Small,Tier 2,Supermarket Type1,5.842247344,Food
FDF38,11.8,Regular,0.026358005,Canned,39.6138,OUT046,Small,Tier 1,Supermarket Type1,5.904064549,Food
FDW59,13.15,Low Fat,0.03627089,Breads,85.9566,OUT019,Small,Tier 1,Grocery Store,5.136464098,Food
FDP34,12.85,Low Fat,0.137227848,Snack Foods,155.563,OUT046,Small,Tier 1,Supermarket Type1,8.348893113,Food
FDZ26,11.6,Regular,0.144832027,Dairy,239.8222,OUT017,Small,Tier 2,Supermarket Type1,8.310015849,Food
FDH17,16.2,Regular,0.029157849,Frozen Foods,97.0726,OUT019,Small,Tier 1,Grocery Store,5.685678923,Food
FDU44,12.15,Regular,0.058756205,Fruits and Vegetables,161.0552,OUT017,Small,Tier 2,Supermarket Type1,8.135217787,Food
FDS23,4.635,Low Fat,0.141108156,Breads,128.2994,OUT049,Medium,Tier 1,Supermarket Type1,7.900817182,Food
DRE03,19.6,Low Fat,0.024325592,Dairy,48.5718,OUT018,Medium,Tier 3,Supermarket Type2,6.055486216,Drinks
FDY57,20.2,Regular,0.121500143,Snack Foods,95.0752,OUT045,Small,Tier 2,Supermarket Type1,7.859270442,Food
FDH50,15,Regular,0.160653682,Canned,185.2266,OUT027,Medium,Tier 3,Supermarket Type3,8.683156885,Food
DRY23,9.395,Regular,0.109096371,Soft Drinks,44.6112,OUT046,Small,Tier 1,Supermarket Type1,6.238977537,Drinks
FDT27,11.395,Regular,0.069574013,Meat,232.8616,OUT035,Small,Tier 2,Supermarket Type1,7.942127384,Food
FDB38,19.5,Regular,0.027458099,Canned,158.792,OUT018,Medium,Tier 3,Supermarket Type2,7.846852749,Food
FDY16,18.35,Regular,0.092226754,Frozen Foods,184.4266,OUT046,Small,Tier 1,Supermarket Type1,8.16197587,Food
FDG33,5.365,Regular,0.234733477,Seafood,173.4764,OUT010,Small,Tier 3,Grocery Store,5.151998273,Food
FDN04,11.8,Regular,0.014144442,Frozen Foods,180.4344,OUT018,Medium,Tier 3,Supermarket Type2,6.284699673,Food
FDJ48,11.3,Low Fat,0.056754036,Baking Goods,247.5118,OUT017,Small,Tier 2,Supermarket Type1,7.812425959,Food
NCC07,19.6,Non-Edible,0.023999722,Household,104.0964,OUT045,Small,Tier 2,Supermarket Type1,6.267166392,Non-Consumable
FDI35,14,Low Fat,0.041355366,Starchy Foods,182.0634,OUT049,Medium,Tier 1,Supermarket Type1,8.421801708,Food
DRH49,19.7,Low Fat,0.024655594,Soft Drinks,84.3592,OUT046,Small,Tier 1,Supermarket Type1,6.61208512,Drinks
FDY51,12.5,Low Fat,0.081134826,Meat,220.0798,OUT046,Small,Tier 1,Supermarket Type1,8.486601109,Food
NCG07,12.3,Non-Edible,0.052608525,Household,191.253,OUT045,Small,Tier 2,Supermarket Type1,7.885156914,Non-Consumable
FDA22,7.435,Low Fat,0.084452363,Starchy Foods,165.2158,OUT046,Small,Tier 1,Supermarket Type1,7.95225226,Food
FDA33,6.48,Low Fat,0.033899898,Snack Foods,146.9076,OUT046,Small,Tier 1,Supermarket Type1,7.991981922,Food
FDV03,17.6,Low Fat,0.058042926,Meat,154.6314,OUT013,High,Tier 3,Supermarket Type1,7.529716184,Food
FDP27,8.155,Low Fat,0.119692888,Meat,188.453,OUT045,Small,Tier 2,Supermarket Type1,8.381446547,Food
FDZ20,16.1,Low Fat,0.0343603,Fruits and Vegetables,253.4356,OUT049,Medium,Tier 1,Supermarket Type1,7.936907301,Food
FDR56,15.5,Regular,0.100922503,Fruits and Vegetables,199.0768,OUT049,Medium,Tier 1,Supermarket Type1,7.923013205,Food
NCV41,14.35,Non-Edible,0.016956266,Health and Hygiene,109.3228,OUT027,Medium,Tier 3,Supermarket Type3,7.796675472,Non-Consumable
FDU11,4.785,Low Fat,0.092576144,Breads,121.0098,OUT035,Small,Tier 2,Supermarket Type1,7.836648584,Food
NCB30,14.6,Non-Edible,0.025742955,Household,197.1084,OUT049,Medium,Tier 1,Supermarket Type1,8.468591346,Non-Consumable
FDX23,6.445,Low Fat,0.029812714,Baking Goods,95.4436,OUT018,Medium,Tier 3,Supermarket Type2,7.114823756,Food
FDY24,4.88,Regular,0.133382115,Baking Goods,55.0298,OUT013,High,Tier 3,Supermarket Type1,6.474133877,Food
FDZ37,8.1,Regular,0.019720639,Canned,88.5198,OUT013,High,Tier 3,Supermarket Type1,5.570858136,Food
FDL10,8.395,Low Fat,0.039484739,Snack Foods,97.9042,OUT035,Small,Tier 2,Supermarket Type1,7.430986474,Food
NCE18,10,Non-Edible,0.021425341,Household,250.175,OUT046,Small,Tier 1,Supermarket Type1,8.005400433,Non-Consumable
FDY60,10.5,Regular,0.02624324,Baking Goods,143.8128,OUT027,Medium,Tier 3,Supermarket Type3,8.402723939,Food
FDT24,12.35,Regular,0.185704641,Baking Goods,77.1328,OUT013,High,Tier 3,Supermarket Type1,7.714566446,Food
NCV06,11.3,Non-Edible,0.066668724,Household,192.4478,OUT035,Small,Tier 2,Supermarket Type1,7.905983243,Non-Consumable
FDP51,13.85,Regular,0.149305497,Meat,119.6124,OUT019,Small,Tier 1,Grocery Store,6.386141674,Food
FDU49,19.5,Regular,0.030688557,Canned,85.754,OUT035,Small,Tier 2,Supermarket Type1,7.680106354,Food
FDQ16,19.7,Low Fat,0.041803291,Frozen Foods,110.3912,OUT049,Medium,Tier 1,Supermarket Type1,8.094603084,Food
FDV16,7.75,Regular,0.082861686,Frozen Foods,32.6558,OUT013,High,Tier 3,Supermarket Type1,6.522263372,Food
FDL36,15.1,Low Fat,0.076385385,Baking Goods,88.483,OUT018,Medium,Tier 3,Supermarket Type2,6.897415002,Food
FDE09,8.775,Low Fat,0.021498768,Fruits and Vegetables,111.5228,OUT027,Medium,Tier 3,Supermarket Type3,7.478375891,Food
NCV54,11.1,Non-Edible,0.033102681,Household,116.6124,OUT035,Small,Tier 2,Supermarket Type1,7.340615815,Non-Consumable
FDH27,7.075,Low Fat,0.058676973,Dairy,142.0128,OUT017,Small,Tier 2,Supermarket Type1,7.859270442,Food
FDF33,7.97,Low Fat,0.021531416,Seafood,108.4596,OUT035,Small,Tier 2,Supermarket Type1,8.013365955,Food
NCP18,12.15,Non-Edible,0.028592842,Household,151.0708,OUT035,Small,Tier 2,Supermarket Type1,7.958557743,Non-Consumable
FDZ45,14.1,Low Fat,0.067148407,Snack Foods,200.4084,OUT018,Medium,Tier 3,Supermarket Type2,8.28631178,Food
FDU25,12.35,Low Fat,0.026552056,Canned,56.2246,OUT027,Medium,Tier 3,Supermarket Type3,7.460914842,Food
FDQ40,11.1,Regular,0.060302689,Frozen Foods,175.8712,OUT010,Small,Tier 3,Grocery Store,5.174856241,Food
DRD25,6.135,Low Fat,0.138269873,Soft Drinks,111.686,OUT019,Small,Tier 1,Grocery Store,6.117533162,Drinks
FDJ57,7.42,Regular,0.036109859,Seafood,186.5582,OUT010,Small,Tier 3,Grocery Store,5.229814732,Food
FDT43,16.35,Low Fat,0.020579897,Fruits and Vegetables,52.1324,OUT049,Medium,Tier 1,Supermarket Type1,6.841383826,Food
FDH44,19.1,Regular,0.025912378,Fruits and Vegetables,146.8418,OUT049,Medium,Tier 1,Supermarket Type1,7.476869584,Food
FDR31,6.46,Regular,0.086077865,Fruits and Vegetables,143.8102,OUT019,Small,Tier 1,Grocery Store,5.678876206,Food
FDQ27,5.19,Regular,0.044432887,Meat,102.899,OUT018,Medium,Tier 3,Supermarket Type2,7.409853328,Food
DRK13,11.8,Low Fat,0.115346634,Soft Drinks,200.2084,OUT049,Medium,Tier 1,Supermarket Type1,8.42604086,Drinks
FDB04,11.35,Regular,0.063226306,Dairy,87.9856,OUT046,Small,Tier 1,Supermarket Type1,7.309918408,Food
NCI54,15.2,Non-Edible,0.03366718,Household,109.6912,OUT045,Small,Tier 2,Supermarket Type1,7.258754064,Non-Consumable
FDP19,11.5,Low Fat,0.173867958,Fruits and Vegetables,128.8652,OUT045,Small,Tier 2,Supermarket Type1,7.164451201,Food
FDB37,20.25,Regular,0.022936488,Baking Goods,240.8538,OUT035,Small,Tier 2,Supermarket Type1,8.978745635,Food
NCR05,10.1,Non-Edible,0.054585372,Health and Hygiene,196.5084,OUT013,High,Tier 3,Supermarket Type1,6.390618448,Non-Consumable
FDZ15,13.1,Low Fat,0.020913071,Dairy,120.1782,OUT045,Small,Tier 2,Supermarket Type1,7.614326651,Food
NCQ29,12,Non-Edible,0.104230135,Health and Hygiene,259.5278,OUT046,Small,Tier 1,Supermarket Type1,7.864910756,Non-Consumable
FDL04,19,Low Fat,0.111923422,Frozen Foods,106.5622,OUT046,Small,Tier 1,Supermarket Type1,7.658342723,Food
DRH49,19.7,Low Fat,0.024756031,Soft Drinks,83.8592,OUT018,Medium,Tier 3,Supermarket Type2,5.516157278,Drinks
FDT07,5.82,Regular,0.135375727,Fruits and Vegetables,256.133,OUT019,Small,Tier 1,Grocery Store,5.550370966,Food
NCI55,18.6,Non-Edible,0.012679226,Household,120.9414,OUT045,Small,Tier 2,Supermarket Type1,7.894135646,Non-Consumable
FDP19,11.5,Low Fat,0.173483253,Fruits and Vegetables,129.0652,OUT035,Small,Tier 2,Supermarket Type1,8.157215772,Food
FDV45,16.75,Low Fat,0.045138797,Snack Foods,187.9556,OUT045,Small,Tier 2,Supermarket Type1,7.943546327,Food
FDG26,18.85,Low Fat,0.04282359,Canned,254.433,OUT018,Medium,Tier 3,Supermarket Type2,7.62640645,Food
DRJ01,6.135,Low Fat,0.115010655,Soft Drinks,161.5236,OUT035,Small,Tier 2,Supermarket Type1,7.162388815,Drinks
FDD14,20.7,Low Fat,0.169776346,Canned,184.4266,OUT035,Small,Tier 2,Supermarket Type1,8.2132549,Food
DRH37,17.6,Low Fat,0.041608488,Soft Drinks,165.4526,OUT035,Small,Tier 2,Supermarket Type1,7.405815369,Drinks
NCD18,16,Non-Edible,0.072608647,Household,228.3668,OUT013,High,Tier 3,Supermarket Type1,8.575355754,Non-Consumable
NCE55,8.92,Non-Edible,0.130191993,Household,176.837,OUT045,Small,Tier 2,Supermarket Type1,7.658342723,Non-Consumable
NCQ43,17.75,Non-Edible,0.111931193,Others,108.8912,OUT017,Small,Tier 2,Supermarket Type1,5.794760862,Non-Consumable
FDC41,15.6,Low Fat,0.116913245,Frozen Foods,78.167,OUT046,Small,Tier 1,Supermarket Type1,7.516764043,Food
DRL01,19.5,Regular,0.13511877,Soft Drinks,232.9958,OUT019,Small,Tier 1,Grocery Store,6.841383826,Drinks
FDX48,17.75,Regular,0.063416566,Baking Goods,154.6656,OUT010,Small,Tier 3,Grocery Store,5.736350337,Food
DRC25,5.73,Low Fat,0.075943184,Soft Drinks,85.5882,OUT010,Small,Tier 3,Grocery Store,5.151998273,Drinks
DRF48,5.73,Low Fat,0.05190652,Soft Drinks,188.1898,OUT045,Small,Tier 2,Supermarket Type1,7.311698162,Drinks
FDT34,9.3,Low Fat,0.175060504,Snack Foods,106.7964,OUT018,Medium,Tier 3,Supermarket Type2,6.267166392,Food
NCB43,20.2,Non-Edible,0.099893424,Household,187.6898,OUT035,Small,Tier 2,Supermarket Type1,8.276365646,Non-Consumable
FDG44,6.13,Low Fat,0.178923163,Fruits and Vegetables,55.7298,OUT019,Small,Tier 1,Grocery Store,5.092457341,Food
FDD35,12.15,Low Fat,0.025877424,Starchy Foods,119.244,OUT035,Small,Tier 2,Supermarket Type1,7.877612559,Food
FDC02,21.35,Low Fat,0.068765205,Canned,260.4278,OUT013,High,Tier 3,Supermarket Type1,8.201273277,Food
FDU51,20.2,Regular,0.096906831,Meat,175.5028,OUT018,Medium,Tier 3,Supermarket Type2,8.814465094,Food
NCC19,6.57,Non-Edible,0.096862255,Household,193.982,OUT035,Small,Tier 2,Supermarket Type1,7.748453121,Non-Consumable
FDJ60,19.35,Regular,0.062528426,Baking Goods,166.9184,OUT046,Small,Tier 1,Supermarket Type1,8.102697833,Food
NCI29,8.6,Non-Edible,0.032621545,Health and Hygiene,143.2154,OUT046,Small,Tier 1,Supermarket Type1,7.663046397,Non-Consumable
NCF43,8.51,Non-Edible,0.05190268,Household,142.247,OUT013,High,Tier 3,Supermarket Type1,7.959953578,Non-Consumable
FDY08,9.395,Regular,0.170246782,Fruits and Vegetables,141.5838,OUT027,Medium,Tier 3,Supermarket Type3,8.080895837,Food
FDD17,7.5,Low Fat,0.054610829,Frozen Foods,237.1906,OUT010,Small,Tier 3,Grocery Store,5.475168153,Food
FDK41,14.3,Low Fat,0.127517605,Frozen Foods,86.0224,OUT035,Small,Tier 2,Supermarket Type1,6.931148316,Food
DRN59,15,Low Fat,0.064271703,Hard Drinks,45.506,OUT045,Small,Tier 2,Supermarket Type1,6.146457729,Drinks
FDR60,14.3,Low Fat,0.13030659,Baking Goods,75.7328,OUT013,High,Tier 3,Supermarket Type1,6.427882954,Food
DRO47,10.195,Low Fat,0.187841082,Hard Drinks,112.486,OUT010,Small,Tier 3,Grocery Store,4.737828698,Drinks
FDF26,6.825,Regular,0.046625941,Canned,154.9998,OUT035,Small,Tier 2,Supermarket Type1,8.031709075,Food
FDQ12,12.65,Low Fat,0.035410748,Baking Goods,231.401,OUT046,Small,Tier 1,Supermarket Type1,7.634486644,Food
NCO29,11.15,Non-Edible,0.032250092,Health and Hygiene,164.0526,OUT035,Small,Tier 2,Supermarket Type1,8.470127873,Non-Consumable
DRF03,19.1,Low Fat,0.045378573,Dairy,42.4138,OUT049,Medium,Tier 1,Supermarket Type1,5.499962678,Drinks
FDU48,18.85,Low Fat,0.0926587,Baking Goods,131.4284,OUT010,Small,Tier 3,Grocery Store,5.578433892,Food
DRE03,19.6,Low Fat,0.024222321,Dairy,45.5718,OUT035,Small,Tier 2,Supermarket Type1,6.852703351,Drinks
FDX55,15.1,Low Fat,0.055518167,Fruits and Vegetables,217.3166,OUT017,Small,Tier 2,Supermarket Type1,7.175718915,Food
FDP38,10.1,Low Fat,0.031946638,Canned,51.6008,OUT027,Medium,Tier 3,Supermarket Type3,7.508035134,Food
FDZ19,6.425,Low Fat,0.093983518,Fruits and Vegetables,175.5712,OUT017,Small,Tier 2,Supermarket Type1,7.115905713,Food
NCU54,8.88,Non-Edible,0.098822387,Household,209.627,OUT045,Small,Tier 2,Supermarket Type1,7.543560911,Non-Consumable
FDY36,12.3,Low Fat,0.009410528,Baking Goods,73.738,OUT046,Small,Tier 1,Supermarket Type1,7.184844444,Food
FDL16,12.85,Low Fat,0.169139066,Frozen Foods,46.406,OUT018,Medium,Tier 3,Supermarket Type2,5.23337343,Food
FDW31,11.35,Regular,0.043122189,Fruits and Vegetables,197.9742,OUT013,High,Tier 3,Supermarket Type1,6.904119678,Food
DRK49,14.15,Low Fat,0.035769657,Soft Drinks,40.9138,OUT027,Medium,Tier 3,Supermarket Type3,7.231192354,Drinks
FDC08,19,Regular,0.10361083,Fruits and Vegetables,228.372,OUT049,Medium,Tier 1,Supermarket Type1,6.809577792,Food
FDO56,10.195,Regular,0.044974051,Fruits and Vegetables,115.5808,OUT035,Small,Tier 2,Supermarket Type1,7.536839985,Food
NCV53,8.27,Non-Edible,0.018920019,Health and Hygiene,238.088,OUT017,Small,Tier 2,Supermarket Type1,8.737595068,Non-Consumable
FDA35,14.85,Regular,0.054142088,Baking Goods,124.1072,OUT017,Small,Tier 2,Supermarket Type1,7.516764043,Food
FDL40,17.7,Low Fat,0.012917764,Frozen Foods,98.241,OUT019,Small,Tier 1,Grocery Store,5.672026895,Food
FDJ04,18,Low Fat,0.124645538,Frozen Foods,117.2124,OUT049,Medium,Tier 1,Supermarket Type1,7.665858019,Food
FDA31,7.1,Low Fat,0.110459828,Fruits and Vegetables,172.108,OUT018,Medium,Tier 3,Supermarket Type2,7.719309301,Food
FDX24,8.355,Low Fat,0.013957308,Baking Goods,94.0462,OUT045,Small,Tier 2,Supermarket Type1,7.300971812,Food
FDQ59,9.8,Regular,0.056386541,Breads,84.6908,OUT046,Small,Tier 1,Supermarket Type1,6.223260161,Food
FDF45,18.2,Regular,0.012273747,Fruits and Vegetables,60.0904,OUT017,Small,Tier 2,Supermarket Type1,7.015907734,Food
FDH05,14.35,Regular,0.090473389,Frozen Foods,229.7984,OUT027,Medium,Tier 3,Supermarket Type3,8.703699048,Food
NCZ54,14.65,Non-Edible,0.083359391,Household,161.9552,OUT046,Small,Tier 1,Supermarket Type1,8.457910339,Non-Consumable
FDW01,14.5,Low Fat,0.112161697,Canned,154.4682,OUT019,Small,Tier 1,Grocery Store,5.033493379,Food
FDX36,9.695,Regular,0.128805815,Baking Goods,224.0404,OUT018,Medium,Tier 3,Supermarket Type2,8.674547375,Food
NCO55,12.8,Non-Edible,0.090596378,Others,106.6938,OUT027,Medium,Tier 3,Supermarket Type3,7.719604983,Non-Consumable
FDL13,13.85,Regular,0.056637129,Breakfast,233.83,OUT017,Small,Tier 2,Supermarket Type1,7.936431394,Food
FDV16,7.75,Regular,0.083059634,Frozen Foods,35.7558,OUT049,Medium,Tier 1,Supermarket Type1,6.417066214,Food
FDN04,11.8,Regular,0.014115626,Frozen Foods,178.5344,OUT045,Small,Tier 2,Supermarket Type1,8.128954926,Food
NCH06,12.3,Non-Edible,0.076866235,Household,247.146,OUT018,Medium,Tier 3,Supermarket Type2,6.201911841,Non-Consumable
FDA40,16,Regular,0.099188598,Frozen Foods,88.9856,OUT013,High,Tier 3,Supermarket Type1,7.421073633,Food
NCS05,11.5,Non-Edible,0.021010687,Health and Hygiene,131.3942,OUT049,Medium,Tier 1,Supermarket Type1,6.833526653,Non-Consumable
FDM15,11.8,Regular,0.057143515,Meat,151.8366,OUT027,Medium,Tier 3,Supermarket Type3,8.731917496,Food
FDK04,7.36,Low Fat,0.052607932,Frozen Foods,56.3588,OUT017,Small,Tier 2,Supermarket Type1,6.613873226,Food
FDI58,7.64,Regular,0.070645636,Snack Foods,91.212,OUT013,High,Tier 3,Supermarket Type1,6.146457729,Food
FDB33,17.75,Low Fat,0.014568036,Fruits and Vegetables,158.1262,OUT013,High,Tier 3,Supermarket Type1,8.328035812,Food
FDJ45,17.75,Low Fat,0.073524776,Seafood,34.8216,OUT049,Medium,Tier 1,Supermarket Type1,5.341039634,Food
NCO05,7.27,Non-Edible,0.046559448,Health and Hygiene,100.5384,OUT046,Small,Tier 1,Supermarket Type1,7.809727996,Non-Consumable
NCE31,7.67,Non-Edible,0.309390255,Household,33.2216,OUT010,Small,Tier 3,Grocery Store,4.937967105,Non-Consumable
FDQ49,20.2,Regular,0.039247736,Breakfast,157.663,OUT046,Small,Tier 1,Supermarket Type1,6.999642334,Food
FDL34,16,Low Fat,0.040945898,Snack Foods,143.1496,OUT046,Small,Tier 1,Supermarket Type1,7.722851738,Food
FDV07,9.5,Low Fat,0.031331581,Fruits and Vegetables,111.1228,OUT049,Medium,Tier 1,Supermarket Type1,6.498488152,Food
FDX19,19.1,Low Fat,0.096929994,Fruits and Vegetables,233.8958,OUT045,Small,Tier 2,Supermarket Type1,7.651720186,Food
FDO48,15,Regular,0.026840766,Baking Goods,219.8456,OUT046,Small,Tier 1,Supermarket Type1,8.489617082,Food
FDK40,7.035,Low Fat,0.021861694,Frozen Foods,262.691,OUT013,High,Tier 3,Supermarket Type1,8.707779336,Food
FDY19,19.75,Low Fat,0.041429246,Fruits and Vegetables,117.2466,OUT049,Medium,Tier 1,Supermarket Type1,7.714269269,Food
FDS16,15.15,Regular,0.066312513,Frozen Foods,145.276,OUT027,Medium,Tier 3,Supermarket Type3,8.570570153,Food
FDS02,10.195,Regular,0.173512202,Dairy,196.4794,OUT027,Medium,Tier 3,Supermarket Type3,8.674774893,Food
FDM51,11.8,Regular,0.025978802,Meat,102.5674,OUT045,Small,Tier 2,Supermarket Type1,7.396874044,Food
FDW02,4.805,Regular,0.066006824,Dairy,126.2704,OUT019,Small,Tier 1,Grocery Store,5.526809787,Food
FDS31,13.1,Regular,0.044196145,Fruits and Vegetables,178.5318,OUT019,Small,Tier 1,Grocery Store,5.200879826,Food
DRF03,19.1,Low Fat,0.045492697,Dairy,40.3138,OUT018,Medium,Tier 3,Supermarket Type2,6.27094949,Drinks
FDT55,13.6,Regular,0.043618827,Fruits and Vegetables,156.7946,OUT013,High,Tier 3,Supermarket Type1,7.952017958,Food
FDW21,5.34,Regular,0.005963881,Snack Foods,99.5358,OUT046,Small,Tier 1,Supermarket Type1,7.250281439,Food
FDP07,18.2,Low Fat,0.08982696,Fruits and Vegetables,197.111,OUT013,High,Tier 3,Supermarket Type1,6.380517374,Food
NCZ17,12.15,Non-Edible,0.079431643,Health and Hygiene,38.6506,OUT046,Small,Tier 1,Supermarket Type1,6.682061729,Non-Consumable
NCV41,14.35,Non-Edible,0.017135155,Health and Hygiene,109.8228,OUT017,Small,Tier 2,Supermarket Type1,7.413875048,Non-Consumable
FDP60,17.35,Low Fat,0.056005781,Baking Goods,99.2016,OUT049,Medium,Tier 1,Supermarket Type1,7.325823302,Food
FDG58,10.695,Regular,0.145253944,Snack Foods,156.8972,OUT010,Small,Tier 3,Grocery Store,6.149304698,Food
FDI60,7.22,Regular,0.0383808,Baking Goods,62.351,OUT049,Medium,Tier 1,Supermarket Type1,6.787296918,Food
FDI20,19.1,Low Fat,0.03856376,Fruits and Vegetables,209.2586,OUT046,Small,Tier 1,Supermarket Type1,8.060501839,Food
DRC13,8.26,Regular,0.032625074,Soft Drinks,124.673,OUT017,Small,Tier 2,Supermarket Type1,7.52218117,Drinks
DRA24,19.35,Regular,0.069909188,Soft Drinks,163.2868,OUT019,Small,Tier 1,Grocery Store,6.199210969,Drinks
FDW52,14,Regular,0.037491314,Frozen Foods,164.2526,OUT013,High,Tier 3,Supermarket Type1,7.501070301,Food
FDN38,6.615,Regular,0.09234651,Canned,251.8408,OUT018,Medium,Tier 3,Supermarket Type2,8.413416843,Food
DRI49,14.15,Low Fat,0.183879453,Soft Drinks,82.9276,OUT045,Small,Tier 2,Supermarket Type1,7.442363599,Drinks
FDW26,11.8,Regular,0.107274301,Dairy,221.1772,OUT045,Small,Tier 2,Supermarket Type1,8.043753522,Food
FDA28,16.1,Regular,0.047570401,Frozen Foods,125.7362,OUT027,Medium,Tier 3,Supermarket Type3,8.013365955,Food
FDZ52,19.2,Low Fat,0.100640587,Frozen Foods,112.6886,OUT017,Small,Tier 2,Supermarket Type1,7.484378531,Food
FDU39,18.85,Low Fat,0.036111038,Meat,58.1562,OUT045,Small,Tier 2,Supermarket Type1,7.078446127,Food
FDR25,17,Regular,0.140090284,Canned,265.1884,OUT018,Medium,Tier 3,Supermarket Type2,8.757897109,Food
FDM44,12.5,Low Fat,0.031225303,Fruits and Vegetables,102.899,OUT017,Small,Tier 2,Supermarket Type1,7.681642924,Food
FDA50,16.25,Low Fat,0.086752988,Dairy,98.141,OUT027,Medium,Tier 3,Supermarket Type3,7.460914842,Food
FDJ38,8.6,Regular,0.040369315,Canned,189.753,OUT018,Medium,Tier 3,Supermarket Type2,7.9541247,Food
DRM47,9.3,Low Fat,0.043777415,Hard Drinks,192.9846,OUT035,Small,Tier 2,Supermarket Type1,8.718615691,Drinks
NCO05,7.27,Non-Edible,0.046631836,Health and Hygiene,98.4384,OUT049,Medium,Tier 1,Supermarket Type1,7.363669112,Non-Consumable
FDU21,11.8,Regular,0.076839735,Snack Foods,34.9558,OUT049,Medium,Tier 1,Supermarket Type1,5.925628651,Food
FDF32,16.35,Low Fat,0.083398962,Fruits and Vegetables,198.5426,OUT046,Small,Tier 1,Supermarket Type1,7.233598513,Food
FDM27,12.35,Regular,0.277459381,Meat,156.3946,OUT019,Small,Tier 1,Grocery Store,6.162016699,Food
FDL33,7.235,Low Fat,0.099478451,Snack Foods,194.4452,OUT027,Medium,Tier 3,Supermarket Type3,8.455080483,Food
FDO60,20,Low Fat,0.034369528,Baking Goods,43.7086,OUT046,Small,Tier 1,Supermarket Type1,6.794779172,Food
NCJ30,5.82,Non-Edible,0.087515846,Household,169.379,OUT013,High,Tier 3,Supermarket Type1,7.773975547,Non-Consumable
NCI42,18.75,Non-Edible,0.01035692,Household,208.3954,OUT013,High,Tier 3,Supermarket Type1,7.904755647,Non-Consumable
FDU37,9.5,Regular,0.104488444,Canned,77.896,OUT035,Small,Tier 2,Supermarket Type1,7.600102139,Food
FDV08,7.35,Low Fat,0.028456456,Fruits and Vegetables,43.5454,OUT027,Medium,Tier 3,Supermarket Type3,6.628064127,Food
NCA29,10.5,Non-Edible,0.027271252,Household,171.6106,OUT035,Small,Tier 2,Supermarket Type1,7.850749868,Non-Consumable
FDD16,20.5,Low Fat,0.036346224,Frozen Foods,72.9696,OUT035,Small,Tier 2,Supermarket Type1,6.392849342,Food
FDB35,12.3,Regular,0.064984487,Starchy Foods,92.5804,OUT017,Small,Tier 2,Supermarket Type1,7.73979881,Food
FDS31,13.1,Regular,0.044372393,Fruits and Vegetables,180.3318,OUT018,Medium,Tier 3,Supermarket Type2,7.968287921,Food
NCA53,11.395,Non-Edible,0.009934335,Health and Hygiene,47.2034,OUT017,Small,Tier 2,Supermarket Type1,5.832538567,Non-Consumable
NCD19,8.93,Non-Edible,0.013253936,Household,56.4614,OUT017,Small,Tier 2,Supermarket Type1,6.721330516,Non-Consumable
FDP07,18.2,Low Fat,0.089884775,Fruits and Vegetables,195.111,OUT035,Small,Tier 2,Supermarket Type1,8.224916312,Food
FDA44,19.7,Low Fat,0.053178425,Fruits and Vegetables,55.993,OUT013,High,Tier 3,Supermarket Type1,6.809577792,Food
FDI14,14.1,Low Fat,0.089660816,Canned,140.0496,OUT035,Small,Tier 2,Supermarket Type1,7.253113631,Food
NCE31,7.67,Non-Edible,0.185889129,Household,35.4216,OUT017,Small,Tier 2,Supermarket Type1,5.159675796,Non-Consumable
FDJ14,10.3,Regular,0.050150993,Canned,78.896,OUT019,Small,Tier 1,Grocery Store,5.992663828,Food
FDY44,14.15,Regular,0.024503972,Fruits and Vegetables,195.111,OUT018,Medium,Tier 3,Supermarket Type2,6.89066507,Food
FDZ26,11.6,Regular,0.143990173,Dairy,239.6222,OUT035,Small,Tier 2,Supermarket Type1,7.779559811,Food
FDG26,18.85,Low Fat,0.042891098,Canned,257.633,OUT017,Small,Tier 2,Supermarket Type1,8.591185571,Food
FDN34,15.6,Regular,0.046023105,Snack Foods,169.2132,OUT017,Small,Tier 2,Supermarket Type1,7.83901265,Food
DRG11,6.385,Low Fat,0.084179812,Hard Drinks,109.0596,OUT018,Medium,Tier 3,Supermarket Type2,7.57171708,Drinks
FDH20,16.1,Regular,0.025050746,Fruits and Vegetables,97.141,OUT018,Medium,Tier 3,Supermarket Type2,7.278708304,Food
FDX09,9,Low Fat,0.065515067,Snack Foods,178.137,OUT018,Medium,Tier 3,Supermarket Type2,6.96566752,Food
FDS09,8.895,Regular,0.080695806,Snack Foods,51.3008,OUT027,Medium,Tier 3,Supermarket Type3,6.633334223,Food
NCJ43,6.635,Non-Edible,0.027222517,Household,174.0396,OUT017,Small,Tier 2,Supermarket Type1,7.646962806,Non-Consumable
NCR05,10.1,Non-Edible,0.054366282,Health and Hygiene,199.6084,OUT027,Medium,Tier 3,Supermarket Type3,8.873986464,Non-Consumable
DRE49,20.75,Low Fat,0.021232318,Soft Drinks,151.1024,OUT013,High,Tier 3,Supermarket Type1,7.795580032,Drinks
FDZ59,6.63,Regular,0.104183308,Baking Goods,166.15,OUT049,Medium,Tier 1,Supermarket Type1,8.250450355,Food
NCH43,8.42,Non-Edible,0.070856383,Household,217.4192,OUT018,Medium,Tier 3,Supermarket Type2,6.069439888,Non-Consumable
FDP03,5.15,Regular,0.061272194,Meat,125.6388,OUT049,Medium,Tier 1,Supermarket Type1,7.45861467,Food
DRC01,5.92,Regular,0.019107027,Soft Drinks,48.4692,OUT027,Medium,Tier 3,Supermarket Type3,6.942787618,Drinks
FDX28,6.325,Low Fat,0.125421248,Frozen Foods,100.7042,OUT027,Medium,Tier 3,Supermarket Type3,8.063231212,Food
FDI19,15.1,Low Fat,0.052329172,Meat,243.1512,OUT035,Small,Tier 2,Supermarket Type1,8.43504404,Food
FDW15,15.35,Regular,0.055103174,Meat,149.7734,OUT035,Small,Tier 2,Supermarket Type1,7.945199219,Food
NCX18,14.15,Non-Edible,0.015397129,Household,194.911,OUT019,Small,Tier 1,Grocery Store,5.28528785,Non-Consumable
FDF20,12.85,Low Fat,0.033271818,Fruits and Vegetables,196.5768,OUT049,Medium,Tier 1,Supermarket Type1,8.651064286,Food
FDN57,18.25,Low Fat,0.053971566,Snack Foods,141.2154,OUT027,Medium,Tier 3,Supermarket Type3,8.045889133,Food
NCM06,7.475,Non-Edible,0.075713578,Household,156.4656,OUT035,Small,Tier 2,Supermarket Type1,7.812964679,Non-Consumable
NCV53,8.27,Non-Edible,0.01889024,Health and Hygiene,238.188,OUT018,Medium,Tier 3,Supermarket Type2,8.252187522,Non-Consumable
FDO20,12.85,Regular,0.152364317,Fruits and Vegetables,254.0382,OUT049,Medium,Tier 1,Supermarket Type1,7.141000437,Food
FDV44,8.365,Regular,0.039811272,Fruits and Vegetables,191.3188,OUT013,High,Tier 3,Supermarket Type1,7.734570043,Food
FDJ56,8.985,Low Fat,0.183774965,Fruits and Vegetables,101.77,OUT045,Small,Tier 2,Supermarket Type1,6.684561726,Food
NCB18,19.6,Non-Edible,0.041283361,Household,87.0514,OUT035,Small,Tier 2,Supermarket Type1,7.662107431,Non-Consumable
FDZ20,16.1,Low Fat,0.057422821,Fruits and Vegetables,253.7356,OUT010,Small,Tier 3,Grocery Store,6.233765812,Food
NCR50,20.2,Non-Edible,0.011820087,Household,151.634,OUT046,Small,Tier 1,Supermarket Type1,7.596764912,Non-Consumable
FDL24,10.3,Regular,0.024891881,Baking Goods,170.9422,OUT035,Small,Tier 2,Supermarket Type1,8.040755983,Food
FDU38,10.8,Low Fat,0.138171603,Dairy,191.4504,OUT010,Small,Tier 3,Grocery Store,6.356543677,Food
DRB48,16.75,Regular,0.041599644,Soft Drinks,40.9822,OUT010,Small,Tier 3,Grocery Store,5.063409891,Drinks
FDS27,10.195,Regular,0.0218126,Meat,194.711,OUT019,Small,Tier 1,Grocery Store,5.28528785,Food
FDR43,18.2,Low Fat,0.161740582,Fruits and Vegetables,38.419,OUT049,Medium,Tier 1,Supermarket Type1,6.692850198,Food
FDI12,9.395,Regular,0.100966837,Baking Goods,86.8856,OUT017,Small,Tier 2,Supermarket Type1,7.843724081,Food
FDU08,10.3,Low Fat,0.027183141,Fruits and Vegetables,99.7042,OUT027,Medium,Tier 3,Supermarket Type3,8.261000432,Food
FDT56,16,Regular,0.115032648,Fruits and Vegetables,58.0246,OUT027,Medium,Tier 3,Supermarket Type3,7.670526558,Food
DRD15,10.6,Low Fat,0.099442329,Dairy,233.1642,OUT019,Small,Tier 1,Grocery Store,6.548351759,Drinks
FDK26,5.46,Regular,0.032308482,Canned,185.224,OUT018,Medium,Tier 3,Supermarket Type2,7.793385546,Food
DRJ13,12.65,Low Fat,0.063246037,Soft Drinks,159.2578,OUT017,Small,Tier 2,Supermarket Type1,7.786496572,Drinks
FDP44,16.5,Regular,0.079713576,Fruits and Vegetables,101.3332,OUT046,Small,Tier 1,Supermarket Type1,7.338886834,Food
FDV40,17.35,Low Fat,0.014679558,Frozen Foods,73.6038,OUT013,High,Tier 3,Supermarket Type1,6.606701536,Food
FDN28,5.88,Regular,0.030247903,Frozen Foods,101.399,OUT046,Small,Tier 1,Supermarket Type1,7.63287582,Food
FDY13,12.1,Low Fat,0.030297819,Canned,74.767,OUT017,Small,Tier 2,Supermarket Type1,7.28329231,Food
NCM17,7.93,Non-Edible,0.07113587,Health and Hygiene,42.7086,OUT046,Small,Tier 1,Supermarket Type1,5.880166439,Non-Consumable
DRE48,8.43,Low Fat,0.017322454,Soft Drinks,196.8768,OUT035,Small,Tier 2,Supermarket Type1,8.11710528,Drinks
FDA57,18.85,Low Fat,0.039451625,Snack Foods,39.548,OUT027,Medium,Tier 3,Supermarket Type3,7.214675113,Food
NCX18,14.15,Non-Edible,0.01131008,Household,197.111,OUT049,Medium,Tier 1,Supermarket Type1,8.224916312,Non-Consumable
DRK13,11.8,Low Fat,0.114609875,Soft Drinks,197.0084,OUT027,Medium,Tier 3,Supermarket Type3,8.12383731,Drinks
FDL57,15.1,Regular,0.117442838,Snack Foods,257.7304,OUT019,Small,Tier 1,Grocery Store,6.65414118,Food
FDR27,15.1,Regular,0.160852421,Meat,131.3942,OUT010,Small,Tier 3,Grocery Store,5.987663834,Food
FDB52,17.75,Low Fat,0.03048292,Dairy,257.2672,OUT049,Medium,Tier 1,Supermarket Type1,8.02910914,Food
FDQ10,12.85,Low Fat,0.033314389,Snack Foods,171.6422,OUT018,Medium,Tier 3,Supermarket Type2,8.094806253,Food
FDY60,10.5,Regular,0.044139551,Baking Goods,143.9128,OUT010,Small,Tier 3,Grocery Store,4.975441874,Food
FDH33,12.85,Low Fat,0.135010776,Snack Foods,44.1428,OUT027,Medium,Tier 3,Supermarket Type3,7.217609816,Food
FDG56,13.3,Regular,0.071106549,Fruits and Vegetables,60.5536,OUT027,Medium,Tier 3,Supermarket Type3,7.670837021,Food
FDS07,12.35,Low Fat,0.099674817,Fruits and Vegetables,112.2518,OUT013,High,Tier 3,Supermarket Type1,7.22053593,Food
FDZ13,7.84,Regular,0.153806271,Canned,51.335,OUT045,Small,Tier 2,Supermarket Type1,7.08961006,Food
FDO31,6.76,Regular,0.028958563,Fruits and Vegetables,78.396,OUT013,High,Tier 3,Supermarket Type1,7.472337002,Food
DRD49,9.895,Low Fat,0.168780385,Soft Drinks,236.8564,OUT017,Small,Tier 2,Supermarket Type1,8.469709054,Drinks
FDW12,8.315,Regular,0.035627489,Baking Goods,146.6444,OUT049,Medium,Tier 1,Supermarket Type1,6.770636201,Food
FDP57,17.5,Low Fat,0.052657753,Snack Foods,103.699,OUT018,Medium,Tier 3,Supermarket Type2,6.940212789,Food
FDO21,11.6,Regular,0.009754896,Snack Foods,223.0404,OUT013,High,Tier 3,Supermarket Type1,7.613998136,Food
NCY18,7.285,Non-Edible,0.031151633,Household,173.2054,OUT046,Small,Tier 1,Supermarket Type1,8.497796527,Non-Consumable
NCR30,20.6,Non-Edible,0.118827682,Household,75.0696,OUT010,Small,Tier 3,Grocery Store,5.011562864,Non-Consumable
FDZ20,16.1,Low Fat,0.034501016,Fruits and Vegetables,255.7356,OUT017,Small,Tier 2,Supermarket Type1,7.841632852,Food
NCK17,11,Non-Edible,0.038109194,Health and Hygiene,40.948,OUT017,Small,Tier 2,Supermarket Type1,6.174569131,Non-Consumable
FDX26,17.7,Low Fat,0.087791917,Dairy,180.6292,OUT035,Small,Tier 2,Supermarket Type1,8.03989789,Food
FDR24,17.35,Regular,0.062839798,Baking Goods,90.883,OUT035,Small,Tier 2,Supermarket Type1,7.443533189,Food
FDQ22,16.75,Low Fat,0.029595637,Snack Foods,40.9822,OUT027,Medium,Tier 3,Supermarket Type3,6.762970403,Food
FDP07,18.2,Low Fat,0.090267996,Fruits and Vegetables,194.711,OUT018,Medium,Tier 3,Supermarket Type2,8.499288861,Food
FDV04,7.825,Regular,0.150248468,Frozen Foods,155.2288,OUT049,Medium,Tier 1,Supermarket Type1,7.137302602,Food
FDL48,19.35,Regular,0.082394321,Baking Goods,48.5034,OUT049,Medium,Tier 1,Supermarket Type1,5.497237895,Food
FDE16,8.895,Low Fat,0.026451028,Frozen Foods,210.3954,OUT018,Medium,Tier 3,Supermarket Type2,8.517690987,Food
NCK42,7.475,Non-Edible,0.01319424,Household,217.4192,OUT017,Small,Tier 2,Supermarket Type1,8.369941591,Non-Consumable
FDJ53,10.5,Low Fat,0.071257912,Frozen Foods,121.3098,OUT046,Small,Tier 1,Supermarket Type1,6.738825964,Food
FDH58,12.3,Low Fat,0.036908933,Snack Foods,115.9834,OUT013,High,Tier 3,Supermarket Type1,7.637379605,Food
FDD46,6.035,Low Fat,0.141475625,Snack Foods,155.0998,OUT049,Medium,Tier 1,Supermarket Type1,7.115905713,Food
FDW58,20.75,Low Fat,0.007551665,Snack Foods,107.1622,OUT035,Small,Tier 2,Supermarket Type1,7.435317187,Food
NCL07,13.85,Non-Edible,0.031338558,Others,41.048,OUT046,Small,Tier 1,Supermarket Type1,6.461730642,Non-Consumable
FDU12,15.5,Regular,0.075904695,Baking Goods,263.9568,OUT045,Small,Tier 2,Supermarket Type1,8.465230705,Food
FDO52,11.6,Regular,0.07760107,Frozen Foods,171.0106,OUT017,Small,Tier 2,Supermarket Type1,8.033006513,Food
FDT16,9.895,Regular,0.048426708,Frozen Foods,258.7278,OUT027,Medium,Tier 3,Supermarket Type3,8.606646947,Food
FDG12,6.635,Regular,0.00636189,Baking Goods,121.1098,OUT017,Small,Tier 2,Supermarket Type1,7.883150645,Food
FDX22,6.785,Regular,0.023021406,Snack Foods,208.9928,OUT045,Small,Tier 2,Supermarket Type1,7.652036541,Food
DRG37,16.2,Low Fat,0.019378432,Soft Drinks,156.4972,OUT046,Small,Tier 1,Supermarket Type1,6.995381833,Drinks
FDI26,5.94,Low Fat,0.035084073,Canned,176.4344,OUT017,Small,Tier 2,Supermarket Type1,7.669594592,Food
FDK34,13.35,Low Fat,0.038604817,Snack Foods,236.3564,OUT045,Small,Tier 2,Supermarket Type1,7.671457657,Food
FDO25,6.3,Low Fat,0.21332355,Canned,208.527,OUT010,Small,Tier 3,Grocery Store,6.04133508,Food
FDV47,17.1,Low Fat,0.054514169,Breads,84.4566,OUT017,Small,Tier 2,Supermarket Type1,6.385019342,Food
FDU13,8.355,Low Fat,0.187850233,Canned,146.5418,OUT049,Medium,Tier 1,Supermarket Type1,7.825009786,Food
FDN57,18.25,Low Fat,0.054455125,Snack Foods,142.0154,OUT018,Medium,Tier 3,Supermarket Type2,6.747460228,Food
DRG01,14.8,Low Fat,0.044660955,Soft Drinks,74.767,OUT027,Medium,Tier 3,Supermarket Type3,7.893887322,Drinks
FDU57,8.27,Regular,0.089120516,Snack Foods,149.8708,OUT027,Medium,Tier 3,Supermarket Type3,8.192099746,Food
FDF24,15.5,Regular,0.02524761,Baking Goods,81.9934,OUT027,Medium,Tier 3,Supermarket Type3,8.143378716,Food
FDP39,12.65,Low Fat,0.069707771,Meat,51.0324,OUT018,Medium,Tier 3,Supermarket Type2,6.590374672,Food
DRJ39,20.25,Low Fat,0.036150153,Dairy,219.5482,OUT027,Medium,Tier 3,Supermarket Type3,8.647563904,Drinks
FDN02,16.5,Low Fat,0.074245348,Canned,208.2638,OUT017,Small,Tier 2,Supermarket Type1,8.468731127,Food
FDS24,20.85,Regular,0.062321222,Baking Goods,87.2514,OUT049,Medium,Tier 1,Supermarket Type1,5.585952688,Food
FDW51,6.155,Regular,0.158441218,Meat,213.756,OUT010,Small,Tier 3,Grocery Store,6.749022116,Food
NCR29,7.565,Non-Edible,0.054630544,Health and Hygiene,57.393,OUT035,Small,Tier 2,Supermarket Type1,6.60219297,Non-Consumable
FDE29,8.905,Low Fat,0.143419394,Frozen Foods,61.4878,OUT045,Small,Tier 2,Supermarket Type1,7.049400838,Food
NCX54,9.195,Non-Edible,0.048059871,Household,105.8622,OUT046,Small,Tier 1,Supermarket Type1,7.707110406,Non-Consumable
FDF02,16.2,Low Fat,0.103894671,Canned,101.299,OUT018,Medium,Tier 3,Supermarket Type2,7.52756911,Food
NCR53,12.15,Non-Edible,0.253947823,Health and Hygiene,223.8404,OUT019,Small,Tier 1,Grocery Store,6.51637235,Non-Consumable
FDV01,19.2,Regular,0.148737487,Canned,155.1314,OUT019,Small,Tier 1,Grocery Store,5.05069796,Food
FDX46,12.3,Regular,0.058207114,Snack Foods,59.1562,OUT049,Medium,Tier 1,Supermarket Type1,7.078446127,Food
DRD25,6.135,Low Fat,0.078957122,Soft Drinks,111.986,OUT035,Small,Tier 2,Supermarket Type1,7.437671512,Drinks
FDX57,17.25,Regular,0.053681961,Snack Foods,95.2068,OUT013,High,Tier 3,Supermarket Type1,7.909412516,Food
FDA04,11.3,Regular,0.066729996,Frozen Foods,257.2962,OUT046,Small,Tier 1,Supermarket Type1,8.501455562,Food
FDB04,11.35,Regular,0.1107011,Dairy,88.6856,OUT019,Small,Tier 1,Grocery Store,5.865170899,Food
NCR41,17.85,Non-Edible,0.018052019,Health and Hygiene,96.6094,OUT049,Medium,Tier 1,Supermarket Type1,6.754469592,Non-Consumable
FDE24,14.85,Low Fat,0.15643727,Baking Goods,142.0812,OUT010,Small,Tier 3,Grocery Store,5.655860334,Food
NCM41,16.5,Non-Edible,0.035728302,Health and Hygiene,95.212,OUT045,Small,Tier 2,Supermarket Type1,6.733292362,Non-Consumable
DRG13,17.25,Low Fat,0.03717912,Soft Drinks,162.5526,OUT035,Small,Tier 2,Supermarket Type1,8.686310218,Drinks
FDV34,10.695,Regular,0.019123874,Snack Foods,73.0038,OUT010,Small,Tier 3,Grocery Store,5.002654196,Food
FDK24,9.195,Low Fat,0.177354373,Baking Goods,46.6744,OUT019,Small,Tier 1,Grocery Store,4.918689581,Food
FDX46,12.3,Regular,0.058116758,Snack Foods,57.5562,OUT046,Small,Tier 1,Supermarket Type1,6.481298683,Food
NCB31,6.235,Non-Edible,0.118915034,Household,264.791,OUT045,Small,Tier 2,Supermarket Type1,7.652036541,Non-Consumable
FDR55,12.15,Regular,0.131973625,Fruits and Vegetables,187.9872,OUT013,High,Tier 3,Supermarket Type1,7.807564372,Food
FDY28,7.47,Regular,0.181050859,Frozen Foods,211.8218,OUT045,Small,Tier 2,Supermarket Type1,8.766028505,Food
FDM16,8.155,Regular,0.033555399,Frozen Foods,74.7354,OUT046,Small,Tier 1,Supermarket Type1,7.4122683,Food
FDJ33,8.895,Regular,0.088681966,Snack Foods,121.973,OUT018,Medium,Tier 3,Supermarket Type2,7.991981922,Food
FDF33,7.97,Low Fat,0.021623214,Seafood,107.6596,OUT018,Medium,Tier 3,Supermarket Type2,7.514588948,Food
DRH36,16.2,Low Fat,0.033373748,Soft Drinks,74.0696,OUT035,Small,Tier 2,Supermarket Type1,6.797756467,Drinks
NCS53,14.5,Non-Edible,0.089917769,Health and Hygiene,160.3604,OUT049,Medium,Tier 1,Supermarket Type1,7.956227012,Non-Consumable
NCN53,5.175,Non-Edible,0.053148497,Health and Hygiene,36.3874,OUT019,Small,Tier 1,Grocery Store,4.671540154,Non-Consumable
FDC38,15.7,Low Fat,0.122470805,Canned,131.7942,OUT035,Small,Tier 2,Supermarket Type1,7.595092112,Food
FDD36,13.3,Low Fat,0.035607579,Baking Goods,119.9124,OUT010,Small,Tier 3,Grocery Store,4.783420132,Food
FDF22,6.865,Low Fat,0.056819936,Snack Foods,212.6218,OUT035,Small,Tier 2,Supermarket Type1,7.667728051,Food
FDB16,8.21,Low Fat,0.044925784,Dairy,86.0198,OUT046,Small,Tier 1,Supermarket Type1,7.359439885,Food
FDR26,20.7,Low Fat,0.071699984,Dairy,177.6028,OUT010,Small,Tier 3,Grocery Store,6.277223021,Food
FDO52,11.6,Regular,0.077321087,Frozen Foods,169.3106,OUT045,Small,Tier 2,Supermarket Type1,7.707708939,Food
FDF16,7.3,Low Fat,0.150806666,Frozen Foods,149.0076,OUT019,Small,Tier 1,Grocery Store,5.692435676,Food
FDR52,12.65,Regular,0.127283051,Frozen Foods,191.7846,OUT010,Small,Tier 3,Grocery Store,5.948476667,Food
FDW38,5.325,Regular,0.138008431,Dairy,54.8298,OUT027,Medium,Tier 3,Supermarket Type3,7.207300456,Food
FDK03,12.6,Regular,0.074035365,Dairy,256.1356,OUT049,Medium,Tier 1,Supermarket Type1,8.429244823,Food
FDQ33,13.35,Low Fat,0.091723066,Snack Foods,148.8708,OUT017,Small,Tier 2,Supermarket Type1,8.232910667,Food
DRF23,4.61,Low Fat,0.122901056,Hard Drinks,174.4396,OUT045,Small,Tier 2,Supermarket Type1,7.870010854,Drinks
FDI15,13.8,Low Fat,0.162711106,Dairy,263.7884,OUT049,Medium,Tier 1,Supermarket Type1,8.219012898,Food
NCL41,12.35,Non-Edible,0.073077197,Health and Hygiene,34.3216,OUT019,Small,Tier 1,Grocery Store,3.572952195,Non-Consumable
FDW40,14,Regular,0.175991929,Frozen Foods,140.7812,OUT010,Small,Tier 3,Grocery Store,4.966204016,Food
FDZ12,9.17,Low Fat,0.172365428,Baking Goods,144.847,OUT010,Small,Tier 3,Grocery Store,6.351911369,Food
FDK60,16.5,Regular,0.094246644,Baking Goods,98.9068,OUT018,Medium,Tier 3,Supermarket Type2,7.467783782,Food
FDX25,16.7,Low Fat,0.10203648,Canned,180.9292,OUT035,Small,Tier 2,Supermarket Type1,7.914777725,Food
NCM30,19.1,Non-Edible,0.066969525,Household,39.2796,OUT027,Medium,Tier 3,Supermarket Type3,6.555005763,Non-Consumable
FDK14,6.98,Low Fat,0.041071581,Canned,82.5934,OUT013,High,Tier 3,Supermarket Type1,7.17877002,Food
NCP18,12.15,Non-Edible,0.028656248,Household,149.3708,OUT045,Small,Tier 2,Supermarket Type1,7.094040968,Non-Consumable
FDH26,19.25,Regular,0.034693175,Canned,140.1496,OUT035,Small,Tier 2,Supermarket Type1,7.348359448,Food
DRK23,8.395,Low Fat,0.071628097,Hard Drinks,251.904,OUT027,Medium,Tier 3,Supermarket Type3,8.366851116,Drinks
FDB60,9.3,Low Fat,0.028516696,Baking Goods,194.6136,OUT035,Small,Tier 2,Supermarket Type1,8.042897999,Food
NCN17,11,Non-Edible,0.054939029,Health and Hygiene,101.4358,OUT046,Small,Tier 1,Supermarket Type1,7.383724081,Non-Consumable
FDE10,6.67,Regular,0.090130537,Snack Foods,131.4626,OUT045,Small,Tier 2,Supermarket Type1,7.441973432,Food
FDR58,6.675,Low Fat,0.041905525,Snack Foods,92.9462,OUT018,Medium,Tier 3,Supermarket Type2,6.92658508,Food
FDA33,6.48,Low Fat,0.033893487,Snack Foods,147.0076,OUT035,Small,Tier 2,Supermarket Type1,8.040755983,Food
FDN24,14.1,Low Fat,0.113908117,Baking Goods,53.3956,OUT017,Small,Tier 2,Supermarket Type1,6.891342117,Food
DRI13,15.35,Low Fat,0.020326962,Soft Drinks,216.7508,OUT046,Small,Tier 1,Supermarket Type1,7.460148705,Drinks
FDX21,7.05,Low Fat,0.08509812,Snack Foods,108.2912,OUT049,Medium,Tier 1,Supermarket Type1,7.738058924,Food
FDQ40,11.1,Regular,0.035997543,Frozen Foods,176.9712,OUT013,High,Tier 3,Supermarket Type1,8.213976465,Food
FDX23,6.445,Low Fat,0.029686148,Baking Goods,96.4436,OUT035,Small,Tier 2,Supermarket Type1,5.937996258,Food
FDD17,7.5,Low Fat,0.032626952,Frozen Foods,235.9906,OUT046,Small,Tier 1,Supermarket Type1,8.838410722,Food
DRH03,17.25,Low Fat,0.035057688,Dairy,91.612,OUT035,Small,Tier 2,Supermarket Type1,5.637058456,Drinks
FDG60,20.35,Low Fat,0.060699725,Baking Goods,233.3616,OUT046,Small,Tier 1,Supermarket Type1,8.715125858,Food
FDB32,20.6,Low Fat,0.041063069,Fruits and Vegetables,93.5778,OUT019,Small,Tier 1,Grocery Store,5.240453057,Food
DRE12,4.59,Low Fat,0.070767174,Soft Drinks,111.986,OUT035,Small,Tier 2,Supermarket Type1,6.676203981,Drinks
FDR12,12.6,Regular,0.031598706,Baking Goods,172.9764,OUT045,Small,Tier 2,Supermarket Type1,7.711590698,Food
DRH11,5.98,Low Fat,0.075495088,Hard Drinks,55.3614,OUT013,High,Tier 3,Supermarket Type1,6.211307859,Drinks
FDY28,7.47,Regular,0.15277077,Frozen Foods,214.4218,OUT018,Medium,Tier 3,Supermarket Type2,8.360641364,Food
FDR26,20.7,Low Fat,0.04307908,Dairy,177.8028,OUT017,Small,Tier 2,Supermarket Type1,7.123446813,Food
FDL27,6.17,Low Fat,0.010652508,Meat,65.6826,OUT045,Small,Tier 2,Supermarket Type1,6.65414118,Food
FDJ15,11.35,Regular,0.023318068,Dairy,182.4608,OUT035,Small,Tier 2,Supermarket Type1,8.927339698,Food
FDU49,19.5,Regular,0.030819397,Canned,86.054,OUT018,Medium,Tier 3,Supermarket Type2,7.757033178,Food
DRF51,15.75,Low Fat,0.165838224,Dairy,36.6506,OUT046,Small,Tier 1,Supermarket Type1,6.410519559,Drinks
FDN12,15.6,Low Fat,0.13575135,Baking Goods,111.5544,OUT010,Small,Tier 3,Grocery Store,5.414805342,Food
DRK23,8.395,Low Fat,0.07191675,Hard Drinks,254.804,OUT013,High,Tier 3,Supermarket Type1,8.967519995,Drinks
FDL10,8.395,Low Fat,0.039653081,Snack Foods,99.5042,OUT018,Medium,Tier 3,Supermarket Type2,7.430986474,Food
FDX07,19.2,Regular,0.02291051,Fruits and Vegetables,184.595,OUT018,Medium,Tier 3,Supermarket Type2,8.254787626,Food
FDO37,8.06,Low Fat,0.021358889,Breakfast,232.3326,OUT013,High,Tier 3,Supermarket Type1,7.840847512,Food
NCA41,16.75,Non-Edible,0.032652796,Health and Hygiene,190.8162,OUT045,Small,Tier 2,Supermarket Type1,7.968057347,Non-Consumable
NCQ06,13,Non-Edible,0.0420611,Household,254.1014,OUT017,Small,Tier 2,Supermarket Type1,8.106520005,Non-Consumable
FDJ48,11.3,Low Fat,0.062770449,Baking Goods,245.2118,OUT045,Small,Tier 2,Supermarket Type1,8.645106326,Food
DRD24,13.85,Low Fat,0.030645958,Soft Drinks,141.7154,OUT027,Medium,Tier 3,Supermarket Type3,7.89933625,Drinks
FDW10,21.2,Low Fat,0.118297605,Snack Foods,175.037,OUT010,Small,Tier 3,Grocery Store,6.273463627,Food
FDU51,20.2,Regular,0.096709408,Meat,175.8028,OUT045,Small,Tier 2,Supermarket Type1,8.268029432,Food
NCC31,8.02,Non-Edible,0.019901356,Household,157.5972,OUT049,Medium,Tier 1,Supermarket Type1,8.139889327,Non-Consumable
FDY02,8.945,Regular,0.087221497,Dairy,263.991,OUT027,Medium,Tier 3,Supermarket Type3,9.155744366,Food
FDU34,18.25,Low Fat,0.07518071,Snack Foods,126.2046,OUT035,Small,Tier 2,Supermarket Type1,7.389909663,Food
FDX21,7.05,Low Fat,0.1422157,Snack Foods,108.7912,OUT010,Small,Tier 3,Grocery Store,4.702217039,Food
NCH29,5.51,Non-Edible,0.034543718,Health and Hygiene,99.7726,OUT045,Small,Tier 2,Supermarket Type1,6.887272941,Non-Consumable
DRL35,15.7,Low Fat,0.030751366,Hard Drinks,42.577,OUT049,Medium,Tier 1,Supermarket Type1,6.859713535,Drinks
DRN37,9.6,Low Fat,0.096842096,Soft Drinks,166.1158,OUT017,Small,Tier 2,Supermarket Type1,6.219291912,Drinks
NCN53,5.175,Non-Edible,0.050808821,Health and Hygiene,33.6874,OUT010,Small,Tier 3,Grocery Store,4.270743057,Non-Consumable
FDL45,15.6,Low Fat,0.063081713,Snack Foods,125.7704,OUT010,Small,Tier 3,Grocery Store,5.526809787,Food
FDA37,7.81,Regular,0.055451725,Canned,122.6046,OUT018,Medium,Tier 3,Supermarket Type2,7.769204281,Food
FDK20,12.6,Regular,0.046089524,Fruits and Vegetables,120.5072,OUT027,Medium,Tier 3,Supermarket Type3,7.899583224,Food
FDA49,19.7,Low Fat,0.108665723,Canned,86.4198,OUT010,Small,Tier 3,Grocery Store,4.479831428,Food
FDG59,15.85,Low Fat,0.043322254,Starchy Foods,39.6164,OUT045,Small,Tier 2,Supermarket Type1,6.912769089,Food
FDV03,17.6,Low Fat,0.057809959,Meat,156.2314,OUT027,Medium,Tier 3,Supermarket Type3,7.989050692,Food
FDF16,7.3,Low Fat,0.086132373,Frozen Foods,148.8076,OUT046,Small,Tier 1,Supermarket Type1,8.040755983,Food
FDU36,6.15,Low Fat,0.046342889,Baking Goods,97.3384,OUT049,Medium,Tier 1,Supermarket Type1,6.788797854,Food
FDU35,6.44,Low Fat,0.132590283,Breads,98.17,OUT010,Small,Tier 3,Grocery Store,5.302010538,Food
FDH08,7.51,Low Fat,0.030516069,Fruits and Vegetables,227.801,OUT019,Small,Tier 1,Grocery Store,6.132100021,Food
FDF24,15.5,Regular,0.025473816,Baking Goods,83.1934,OUT018,Medium,Tier 3,Supermarket Type2,7.045347565,Food
DRN36,15.2,Low Fat,0.059559434,Soft Drinks,96.6752,OUT046,Small,Tier 1,Supermarket Type1,6.174569131,Drinks
FDS59,14.8,Regular,0.043856919,Breads,109.057,OUT013,High,Tier 3,Supermarket Type1,7.918419388,Food
DRJ23,18.35,Low Fat,0.041904578,Hard Drinks,188.1872,OUT017,Small,Tier 2,Supermarket Type1,8.333491098,Drinks
DRF25,9,Low Fat,0.038917891,Soft Drinks,35.919,OUT035,Small,Tier 2,Supermarket Type1,7.067156152,Drinks
FDL15,17.85,Low Fat,0.046707264,Meat,152.6682,OUT049,Medium,Tier 1,Supermarket Type1,7.512409112,Food
NCP43,17.75,Non-Edible,0.030501281,Others,180.566,OUT035,Small,Tier 2,Supermarket Type1,8.13638772,Non-Consumable
FDB28,6.615,Low Fat,0.093574769,Dairy,199.4426,OUT045,Small,Tier 2,Supermarket Type1,8.12047696,Food
FDX50,20.1,Low Fat,0.074565098,Dairy,111.3228,OUT013,High,Tier 3,Supermarket Type1,6.498488152,Food
FDE41,9.195,Regular,0.064014173,Frozen Foods,83.3566,OUT046,Small,Tier 1,Supermarket Type1,7.271329905,Food
NCR50,20.2,Non-Edible,0.011838464,Household,155.134,OUT049,Medium,Tier 1,Supermarket Type1,7.864910756,Non-Consumable
FDD41,6.765,Regular,0.086837543,Frozen Foods,106.2306,OUT027,Medium,Tier 3,Supermarket Type3,7.64569034,Food
DRI11,8.26,Low Fat,0.034457776,Hard Drinks,113.3834,OUT049,Medium,Tier 1,Supermarket Type1,7.637379605,Drinks
FDJ28,12.3,Low Fat,0.026812144,Frozen Foods,190.9162,OUT027,Medium,Tier 3,Supermarket Type3,8.661031337,Food
FDP48,7.52,Regular,0.044091657,Baking Goods,182.995,OUT049,Medium,Tier 1,Supermarket Type1,8.254787626,Food
FDY37,17,Regular,0.026546765,Canned,142.147,OUT013,High,Tier 3,Supermarket Type1,7.672387889,Food
NCC07,19.6,Non-Edible,0.023951149,Household,105.6964,OUT046,Small,Tier 1,Supermarket Type1,7.364512815,Non-Consumable
FDJ10,5.095,Regular,0.129705008,Snack Foods,141.8838,OUT049,Medium,Tier 1,Supermarket Type1,7.584657827,Food
FDY37,17,Regular,0.026563851,Canned,141.247,OUT035,Small,Tier 2,Supermarket Type1,8.099669976,Food
NCL19,15.35,Non-Edible,0.015700603,Others,141.147,OUT049,Medium,Tier 1,Supermarket Type1,7.908678661,Non-Consumable
FDI50,8.42,Regular,0.030854889,Canned,229.0352,OUT035,Small,Tier 2,Supermarket Type1,8.61211144,Food
FDO39,6.985,Regular,0.137366883,Meat,184.9608,OUT046,Small,Tier 1,Supermarket Type1,8.258416452,Food
FDO25,6.3,Low Fat,0.127424932,Canned,208.127,OUT035,Small,Tier 2,Supermarket Type1,7.744135328,Food
FDE24,14.85,Low Fat,0.09384335,Baking Goods,142.3812,OUT018,Medium,Tier 3,Supermarket Type2,7.039528527,Food
FDW19,12.35,Regular,0.038578501,Fruits and Vegetables,109.557,OUT045,Small,Tier 2,Supermarket Type1,7.472337002,Food
FDT36,12.3,Low Fat,0.111727876,Baking Goods,33.9874,OUT018,Medium,Tier 3,Supermarket Type2,6.337884286,Food
FDH16,10.5,Low Fat,0.052637056,Frozen Foods,88.583,OUT049,Medium,Tier 1,Supermarket Type1,6.696968813,Food
DRM37,15.35,Low Fat,0.096790497,Soft Drinks,197.2768,OUT018,Medium,Tier 3,Supermarket Type2,8.27957945,Drinks
NCN07,18.5,Non-Edible,0.033997473,Others,129.9284,OUT049,Medium,Tier 1,Supermarket Type1,7.52110009,Non-Consumable
FDK25,11.6,Regular,0.157149885,Breakfast,168.2474,OUT045,Small,Tier 2,Supermarket Type1,7.960186028,Food
FDK41,14.3,Low Fat,0.12780038,Frozen Foods,83.6224,OUT045,Small,Tier 2,Supermarket Type1,6.749022116,Food
DRL60,8.52,Low Fat,0.045291822,Soft Drinks,153.5682,OUT010,Small,Tier 3,Grocery Store,6.1277522,Drinks
FDR43,18.2,Low Fat,0.161458973,Fruits and Vegetables,37.819,OUT035,Small,Tier 2,Supermarket Type1,5.550370966,Food
FDY15,18.25,Regular,0.171093639,Dairy,155.663,OUT049,Medium,Tier 1,Supermarket Type1,7.618260434,Food
FDW08,12.1,Low Fat,0.14825809,Fruits and Vegetables,108.428,OUT013,High,Tier 3,Supermarket Type1,7.154096472,Food
DRE15,13.35,Low Fat,0.017821466,Dairy,75.1012,OUT045,Small,Tier 2,Supermarket Type1,7.22053593,Drinks
NCO30,19.5,Non-Edible,0.01581384,Household,183.2608,OUT017,Small,Tier 2,Supermarket Type1,7.986563692,Non-Consumable
FDO32,6.36,Low Fat,0.119959873,Fruits and Vegetables,45.506,OUT027,Medium,Tier 3,Supermarket Type3,6.787296918,Food
FDH05,14.35,Regular,0.091283986,Frozen Foods,232.6984,OUT018,Medium,Tier 3,Supermarket Type2,7.748453121,Food
FDH10,21,Low Fat,0.049066248,Snack Foods,192.4478,OUT027,Medium,Tier 3,Supermarket Type3,9.095310907,Food
FDP58,11.1,Low Fat,0.135416391,Snack Foods,218.3482,OUT045,Small,Tier 2,Supermarket Type1,7.954592262,Food
NCH43,8.42,Non-Edible,0.070510189,Household,214.4192,OUT013,High,Tier 3,Supermarket Type1,7.453998393,Non-Consumable
FDZ32,7.785,Regular,0.066765523,Fruits and Vegetables,107.1964,OUT019,Small,Tier 1,Grocery Store,6.044497128,Food
FDU12,15.5,Regular,0.07575107,Baking Goods,262.8568,OUT046,Small,Tier 1,Supermarket Type1,8.665863096,Food
FDM36,11.65,Regular,0.058730831,Baking Goods,171.9422,OUT046,Small,Tier 1,Supermarket Type1,8.146084292,Food
NCP50,17.35,Non-Edible,0.020460284,Others,81.7618,OUT027,Medium,Tier 3,Supermarket Type3,7.685321087,Non-Consumable
DRB25,12.3,Low Fat,0.069401919,Soft Drinks,107.9938,OUT013,High,Tier 3,Supermarket Type1,7.619568264,Drinks
FDU15,13.65,Regular,0.026579951,Meat,34.7532,OUT013,High,Tier 3,Supermarket Type1,6.528119893,Food
FDF58,13.3,Low Fat,0.009557957,Snack Foods,62.151,OUT010,Small,Tier 3,Grocery Store,4.162797288,Food
FDX35,5.035,Regular,0.139913045,Breads,227.9036,OUT019,Small,Tier 1,Grocery Store,6.123385393,Food
FDX51,9.5,Regular,0.022093019,Meat,195.9452,OUT049,Medium,Tier 1,Supermarket Type1,7.762146096,Food
FDB47,8.8,Low Fat,0.071369947,Snack Foods,209.1612,OUT013,High,Tier 3,Supermarket Type1,7.64569034,Food
FDL51,20.7,Regular,0.047482391,Dairy,215.9876,OUT035,Small,Tier 2,Supermarket Type1,8.1406658,Food
NCM29,11.5,Non-Edible,0.017642229,Health and Hygiene,131.8626,OUT046,Small,Tier 1,Supermarket Type1,7.967826719,Non-Consumable
FDB29,16.7,Regular,0.052625179,Frozen Foods,113.4176,OUT018,Medium,Tier 3,Supermarket Type2,7.306349369,Food
FDS25,6.885,Regular,0.14057889,Canned,112.1228,OUT018,Medium,Tier 3,Supermarket Type2,6.498488152,Food
FDR36,6.715,Regular,0.203510667,Baking Goods,41.0454,OUT010,Small,Tier 3,Grocery Store,5.532093788,Food
FDQ27,5.19,Regular,0.044321422,Meat,103.899,OUT049,Medium,Tier 1,Supermarket Type1,7.969209685,Food
FDZ22,9.395,Low Fat,0.045525961,Snack Foods,83.425,OUT017,Small,Tier 2,Supermarket Type1,7.312586853,Food
FDB02,9.695,Regular,0.029140008,Canned,176.337,OUT013,High,Tier 3,Supermarket Type1,8.168979493,Food
FDZ34,6.695,Low Fat,0.075878519,Starchy Foods,194.082,OUT046,Small,Tier 1,Supermarket Type1,8.259106167,Food
FDL46,20.35,Low Fat,0.054046706,Snack Foods,119.5466,OUT035,Small,Tier 2,Supermarket Type1,5.87082061,Food
FDN38,6.615,Regular,0.091954465,Canned,250.6408,OUT035,Small,Tier 2,Supermarket Type1,8.467472386,Food
FDK04,7.36,Low Fat,0.052418124,Frozen Foods,56.5588,OUT045,Small,Tier 2,Supermarket Type1,6.687885363,Food
NCF31,9.13,Non-Edible,0.052058629,Household,150.6024,OUT018,Medium,Tier 3,Supermarket Type2,7.508035134,Non-Consumable
FDV59,13.35,Low Fat,0.080387424,Breads,219.2166,OUT010,Small,Tier 3,Grocery Store,7.329760312,Food
FDU13,8.355,Low Fat,0.187523164,Canned,146.2418,OUT035,Small,Tier 2,Supermarket Type1,8.392820643,Food
FDV14,19.85,Low Fat,0.044460448,Dairy,88.7856,OUT013,High,Tier 3,Supermarket Type1,7.041860207,Food
FDR09,18.25,Low Fat,0.077882226,Snack Foods,258.0962,OUT045,Small,Tier 2,Supermarket Type1,6.94407255,Food
DRP47,15.75,Low Fat,0.14048631,Hard Drinks,252.7382,OUT013,High,Tier 3,Supermarket Type1,8.096024403,Drinks
FDC23,18,Low Fat,0.017979145,Starchy Foods,178.3686,OUT018,Medium,Tier 3,Supermarket Type2,8.07116693,Food
FDU33,7.63,Regular,0.134919202,Snack Foods,46.9402,OUT049,Medium,Tier 1,Supermarket Type1,6.661833513,Food
FDS27,10.195,Regular,0.012447775,Meat,197.611,OUT013,High,Tier 3,Supermarket Type1,7.845550327,Food
DRO59,11.8,Low Fat,0.054264078,Hard Drinks,75.0012,OUT045,Small,Tier 2,Supermarket Type1,6.72852478,Drinks
FDD48,10.395,Low Fat,0.030219852,Baking Goods,114.7176,OUT045,Small,Tier 2,Supermarket Type1,7.919146132,Food
FDL33,7.235,Low Fat,0.099879337,Snack Foods,195.1452,OUT013,High,Tier 3,Supermarket Type1,7.474605861,Food
NCK30,14.85,Non-Edible,0.061226969,Household,253.0698,OUT018,Medium,Tier 3,Supermarket Type2,7.733695917,Non-Consumable
NCP42,8.51,Non-Edible,0.028207784,Household,195.5478,OUT019,Small,Tier 1,Grocery Store,5.962281844,Non-Consumable
FDP11,15.85,Low Fat,0.069491408,Breads,218.2166,OUT017,Small,Tier 2,Supermarket Type1,8.474445427,Food
FDV52,20.7,Regular,0.122015744,Frozen Foods,117.7466,OUT018,Medium,Tier 3,Supermarket Type2,7.947791114,Food
FDW33,9.395,Low Fat,0.099120588,Snack Foods,107.228,OUT046,Small,Tier 1,Supermarket Type1,7.613340782,Food
FDR19,13.5,Regular,0.159968994,Fruits and Vegetables,147.6102,OUT049,Medium,Tier 1,Supermarket Type1,7.38082433,Food
FDW31,11.35,Regular,0.042949109,Fruits and Vegetables,199.5742,OUT027,Medium,Tier 3,Supermarket Type3,8.289661024,Food
DRJ51,14.1,Low Fat,0.088172355,Dairy,232.2668,OUT045,Small,Tier 2,Supermarket Type1,8.330285711,Drinks
FDU35,6.44,Low Fat,0.078831762,Breads,98.97,OUT027,Medium,Tier 3,Supermarket Type3,8.130524322,Food
FDT37,14.15,Low Fat,0.035263498,Canned,254.8014,OUT035,Small,Tier 2,Supermarket Type1,7.62120065,Food
FDK56,9.695,Low Fat,0.129889831,Fruits and Vegetables,185.3898,OUT013,High,Tier 3,Supermarket Type1,8.176308972,Food
FDY24,4.88,Regular,0.134037,Baking Goods,53.3298,OUT018,Medium,Tier 3,Supermarket Type2,6.292120839,Food
FDS02,10.195,Regular,0.145867347,Dairy,194.0794,OUT046,Small,Tier 1,Supermarket Type1,8.269395202,Food
FDP39,12.65,Low Fat,0.121554149,Meat,53.7324,OUT019,Small,Tier 1,Grocery Store,5.744906504,Food
NCG07,12.3,Non-Edible,0.091924311,Household,189.753,OUT019,Small,Tier 1,Grocery Store,5.250979397,Non-Consumable
FDP58,11.1,Low Fat,0.236616754,Snack Foods,217.6482,OUT019,Small,Tier 1,Grocery Store,5.393846613,Food
FDP46,15.35,Low Fat,0.074553522,Snack Foods,91.883,OUT013,High,Tier 3,Supermarket Type1,7.866188222,Food
FDZ34,6.695,Low Fat,0.075864171,Starchy Foods,192.082,OUT035,Small,Tier 2,Supermarket Type1,8.818610995,Food
FDZ57,10,Regular,0.037977917,Snack Foods,128.6994,OUT017,Small,Tier 2,Supermarket Type1,6.466917365,Food
FDH34,8.63,Low Fat,0.031143591,Snack Foods,183.9582,OUT049,Medium,Tier 1,Supermarket Type1,8.591927273,Food
FDF35,15,Low Fat,0.154860353,Starchy Foods,106.1938,OUT017,Small,Tier 2,Supermarket Type1,8.312470038,Food
FDR20,20,Regular,0.028238317,Fruits and Vegetables,46.3744,OUT018,Medium,Tier 3,Supermarket Type2,5.204542807,Food
FDX56,17.1,Regular,0.073700837,Fruits and Vegetables,207.1638,OUT027,Medium,Tier 3,Supermarket Type3,8.888512994,Food
FDR40,9.1,Regular,0.008027701,Frozen Foods,81.1618,OUT013,High,Tier 3,Supermarket Type1,7.721672319,Food
NCE30,16,Non-Edible,0.099290166,Household,214.0902,OUT049,Medium,Tier 1,Supermarket Type1,7.305007688,Non-Consumable
DRI37,15.85,Low Fat,0.180096791,Soft Drinks,57.3904,OUT010,Small,Tier 3,Grocery Store,4.772215655,Drinks
FDW48,18,Low Fat,0.008499464,Baking Goods,81.3618,OUT027,Medium,Tier 3,Supermarket Type3,7.334116664,Food
NCC18,19.1,Non-Edible,0.177629525,Household,173.9422,OUT045,Small,Tier 2,Supermarket Type1,7.789533569,Non-Consumable
FDH02,7.27,Regular,0.020865797,Canned,90.2488,OUT018,Medium,Tier 3,Supermarket Type2,6.704339842,Food
NCZ30,6.59,Non-Edible,0.026180032,Household,120.7098,OUT035,Small,Tier 2,Supermarket Type1,7.836648584,Non-Consumable
FDI45,13.1,Low Fat,0.037734334,Fruits and Vegetables,173.9054,OUT018,Medium,Tier 3,Supermarket Type2,8.210182424,Food
FDK41,14.3,Low Fat,0.127435585,Frozen Foods,86.8224,OUT013,High,Tier 3,Supermarket Type1,6.749022116,Food
FDQ07,15.1,Regular,0.087762922,Fruits and Vegetables,221.5456,OUT018,Medium,Tier 3,Supermarket Type2,7.963666308,Food
NCE06,5.825,Non-Edible,0.153127523,Household,162.4894,OUT010,Small,Tier 3,Grocery Store,5.782528342,Non-Consumable
FDF11,10.195,Regular,0.017703044,Starchy Foods,239.4538,OUT018,Medium,Tier 3,Supermarket Type2,8.190439536,Food
FDU51,20.2,Regular,0.096433359,Meat,178.5028,OUT013,High,Tier 3,Supermarket Type1,8.43504404,Food
NCH06,12.3,Non-Edible,0.128136346,Household,248.346,OUT010,Small,Tier 3,Grocery Store,6.894045731,Non-Consumable
FDD38,16.75,Regular,0.008184912,Canned,101.2674,OUT013,High,Tier 3,Supermarket Type1,7.3323764,Food
FDU07,11.1,Low Fat,0.059846975,Fruits and Vegetables,150.1366,OUT046,Small,Tier 1,Supermarket Type1,7.503641939,Food
FDK08,9.195,Regular,0.122494876,Fruits and Vegetables,100.1016,OUT049,Medium,Tier 1,Supermarket Type1,7.256877452,Food
FDW15,15.35,Regular,0.054846706,Meat,147.3734,OUT027,Medium,Tier 3,Supermarket Type3,8.09175437,Food
FDE21,12.8,Low Fat,0.022980361,Fruits and Vegetables,117.7492,OUT049,Medium,Tier 1,Supermarket Type1,7.15096903,Food
FDX28,6.325,Low Fat,0.125154452,Frozen Foods,99.2042,OUT035,Small,Tier 2,Supermarket Type1,7.236957438,Food
NCR50,20.2,Non-Edible,0.011762847,Household,153.534,OUT027,Medium,Tier 3,Supermarket Type3,8.923266914,Non-Consumable
FDL27,6.17,Low Fat,0.010674255,Meat,63.4826,OUT018,Medium,Tier 3,Supermarket Type2,6.65414118,Food
FDK14,6.98,Low Fat,0.041098016,Canned,81.6934,OUT035,Small,Tier 2,Supermarket Type1,6.709223849,Food
NCB07,19.2,Non-Edible,0.077132215,Household,197.411,OUT027,Medium,Tier 3,Supermarket Type3,8.681576482,Non-Consumable
NCR53,12.15,Non-Edible,0.145013434,Health and Hygiene,225.0404,OUT035,Small,Tier 2,Supermarket Type1,8.507524359,Non-Consumable
FDB60,9.3,Low Fat,0.028683422,Baking Goods,195.8136,OUT017,Small,Tier 2,Supermarket Type1,8.214697511,Food
FDW48,18,Low Fat,0.008554102,Baking Goods,79.3618,OUT049,Medium,Tier 1,Supermarket Type1,6.692850198,Food
FDR55,12.15,Regular,0.132058566,Fruits and Vegetables,187.5872,OUT035,Small,Tier 2,Supermarket Type1,8.377932411,Food
FDO22,13.5,Regular,0.017895691,Snack Foods,79.496,OUT045,Small,Tier 2,Supermarket Type1,7.37708368,Food
FDL48,19.35,Regular,0.082731751,Baking Goods,49.2034,OUT017,Small,Tier 2,Supermarket Type1,6.657567302,Food
NCZ05,8.485,Non-Edible,0.058083831,Health and Hygiene,103.199,OUT013,High,Tier 3,Supermarket Type1,6.583952643,Non-Consumable
FDO25,6.3,Low Fat,0.127449031,Canned,210.527,OUT046,Small,Tier 1,Supermarket Type1,8.747162991,Food
FDF47,20.85,Low Fat,0.097536998,Starchy Foods,225.3746,OUT013,High,Tier 3,Supermarket Type1,8.121664256,Food
FDY40,15.5,Regular,0.143670179,Frozen Foods,48.4692,OUT010,Small,Tier 3,Grocery Store,3.917392564,Food
FDR25,17,Regular,0.139804885,Canned,265.7884,OUT045,Small,Tier 2,Supermarket Type1,8.287987804,Food
FDD59,10.5,Regular,0.065860323,Starchy Foods,81.896,OUT027,Medium,Tier 3,Supermarket Type3,7.425844062,Food
FDX38,10.5,Regular,0.0481669,Dairy,48.8376,OUT013,High,Tier 3,Supermarket Type1,6.510446418,Food
FDE26,9.3,Low Fat,0.089005769,Canned,143.9786,OUT046,Small,Tier 1,Supermarket Type1,7.917934599,Food
FDH48,13.5,Low Fat,0.105893301,Baking Goods,86.254,OUT019,Small,Tier 1,Grocery Store,6.254451694,Food
NCK29,5.615,Non-Edible,0.12566436,Health and Hygiene,123.473,OUT013,High,Tier 3,Supermarket Type1,7.116986501,Non-Consumable
NCF54,18,Non-Edible,0.047377053,Household,171.1422,OUT046,Small,Tier 1,Supermarket Type1,7.983616514,Non-Consumable
FDI38,13.35,Regular,0.017103885,Canned,206.9638,OUT017,Small,Tier 2,Supermarket Type1,8.888512994,Food
FDJ07,7.26,Low Fat,0.014353676,Meat,115.515,OUT027,Medium,Tier 3,Supermarket Type3,7.397690204,Food
FDS55,7.02,Low Fat,0.089909575,Fruits and Vegetables,148.1734,OUT018,Medium,Tier 3,Supermarket Type2,6.793287193,Food
NCX53,20.1,Non-Edible,0.025002878,Health and Hygiene,140.4154,OUT010,Small,Tier 3,Grocery Store,6.342581876,Non-Consumable
NCP55,14.65,Non-Edible,0.01330976,Others,53.8614,OUT035,Small,Tier 2,Supermarket Type1,7.008711309,Non-Consumable
FDV04,7.825,Regular,0.150015234,Frozen Foods,157.5288,OUT046,Small,Tier 1,Supermarket Type1,6.849885459,Food
FDV40,17.35,Low Fat,0.014691784,Frozen Foods,74.1038,OUT046,Small,Tier 1,Supermarket Type1,6.868753918,Food
NCN30,16.35,Non-Edible,0.017062427,Household,98.141,OUT018,Medium,Tier 3,Supermarket Type2,7.343203695,Non-Consumable
FDT57,15.2,Low Fat,0.019142452,Snack Foods,237.5248,OUT017,Small,Tier 2,Supermarket Type1,8.107523416,Food
FDI52,18.7,Low Fat,0.104890428,Frozen Foods,121.4072,OUT045,Small,Tier 2,Supermarket Type1,8.066580246,Food
FDT57,15.2,Low Fat,0.019018943,Snack Foods,238.7248,OUT013,High,Tier 3,Supermarket Type1,7.414677454,Food
FDK33,17.85,Low Fat,0.011233126,Snack Foods,211.556,OUT035,Small,Tier 2,Supermarket Type1,8.65756573,Food
FDQ39,14.8,Low Fat,0.081026811,Meat,190.0846,OUT035,Small,Tier 2,Supermarket Type1,8.430988122,Food
FDR23,15.85,Low Fat,0.081953387,Breads,176.237,OUT045,Small,Tier 2,Supermarket Type1,7.881391852,Food
FDX47,6.55,Regular,0.060587738,Breads,156.8288,OUT019,Small,Tier 1,Grocery Store,6.157797295,Food
DRP35,18.85,Low Fat,0.090850115,Hard Drinks,126.6336,OUT035,Small,Tier 2,Supermarket Type1,7.048822803,Drinks
FDU26,16.7,Regular,0.071335395,Dairy,120.3782,OUT010,Small,Tier 3,Grocery Store,4.788975641,Food
FDR39,20.35,Low Fat,0.083929569,Meat,182.4292,OUT049,Medium,Tier 1,Supermarket Type1,8.502402019,Food
FDV48,9.195,Regular,0.086396038,Baking Goods,79.0644,OUT010,Small,Tier 3,Grocery Store,5.063409891,Food
NCG18,15.3,Non-Edible,0.023071504,Household,101.8332,OUT018,Medium,Tier 3,Supermarket Type2,6.93374656,Non-Consumable
NCD42,16.5,Non-Edible,0.012627329,Health and Hygiene,38.7506,OUT013,High,Tier 3,Supermarket Type1,6.633334223,Non-Consumable
FDP59,20.85,Regular,0.094512029,Breads,104.5648,OUT010,Small,Tier 3,Grocery Store,5.341039634,Food
FDF34,9.3,Regular,0.013951504,Snack Foods,199.9084,OUT027,Medium,Tier 3,Supermarket Type3,8.657797144,Food
DRD15,10.6,Low Fat,0.056785183,Dairy,231.9642,OUT035,Small,Tier 2,Supermarket Type1,7.646008608,Drinks
FDP03,5.15,Regular,0.06117708,Meat,121.8388,OUT046,Small,Tier 1,Supermarket Type1,8.077387787,Food
FDO20,12.85,Regular,0.152099033,Fruits and Vegetables,252.6382,OUT035,Small,Tier 2,Supermarket Type1,8.170110608,Food
NCY30,20.25,Non-Edible,0.02594835,Household,180.0976,OUT035,Small,Tier 2,Supermarket Type1,8.143765675,Non-Consumable
DRH37,17.6,Low Fat,0.041581725,Soft Drinks,163.3526,OUT013,High,Tier 3,Supermarket Type1,8.14743434,Drinks
FDT10,16.7,Regular,0.103849783,Snack Foods,58.8562,OUT010,Small,Tier 3,Grocery Store,4.098605472,Food
FDF35,15,Low Fat,0.154301621,Starchy Foods,105.9938,OUT045,Small,Tier 2,Supermarket Type1,6.063262281,Food
FDG10,6.63,Regular,0.010937229,Snack Foods,55.8588,OUT035,Small,Tier 2,Supermarket Type1,6.687885363,Food
FDK03,12.6,Regular,0.073562475,Dairy,254.9356,OUT027,Medium,Tier 3,Supermarket Type3,9.004513419,Food
FDG20,15.5,Regular,0.125687917,Fruits and Vegetables,178.2028,OUT046,Small,Tier 1,Supermarket Type1,7.256877452,Food
NCL07,13.85,Non-Edible,0.0311868,Others,39.548,OUT027,Medium,Tier 3,Supermarket Type3,6.633334223,Non-Consumable
DRD49,9.895,Low Fat,0.167831064,Soft Drinks,237.4564,OUT046,Small,Tier 1,Supermarket Type1,6.57377681,Drinks
NCG55,16.25,Non-Edible,0.039160306,Household,115.2176,OUT017,Small,Tier 2,Supermarket Type1,8.073244852,Non-Consumable
FDR19,13.5,Regular,0.160624116,Fruits and Vegetables,147.0102,OUT017,Small,Tier 2,Supermarket Type1,7.92710565,Food
NCM54,17.7,Non-Edible,0.050929429,Household,129.1678,OUT035,Small,Tier 2,Supermarket Type1,7.485126334,Non-Consumable
FDZ44,8.185,Low Fat,0.06780958,Fruits and Vegetables,118.1808,OUT019,Small,Tier 1,Grocery Store,5.461123055,Food
FDR28,13.85,Regular,0.026042966,Frozen Foods,161.221,OUT017,Small,Tier 2,Supermarket Type1,7.492944685,Food
FDB51,6.92,Low Fat,0.038610722,Dairy,61.4852,OUT018,Medium,Tier 3,Supermarket Type2,7.181811844,Food
DRJ59,11.65,Low Fat,0.019372253,Hard Drinks,40.6164,OUT046,Small,Tier 1,Supermarket Type1,5.736350337,Drinks
FDZ43,11,Regular,0.057290978,Fruits and Vegetables,242.7512,OUT018,Medium,Tier 3,Supermarket Type2,7.570345103,Food
NCC54,17.75,Non-Edible,0.097909084,Health and Hygiene,242.1196,OUT045,Small,Tier 2,Supermarket Type1,8.318335633,Non-Consumable
FDQ11,5.695,Regular,0.067688124,Breads,258.8988,OUT035,Small,Tier 2,Supermarket Type1,8.593779125,Food
DRH03,17.25,Low Fat,0.035207155,Dairy,93.512,OUT018,Medium,Tier 3,Supermarket Type2,7.308135481,Drinks
FDX38,10.5,Regular,0.080688663,Dairy,46.7376,OUT010,Small,Tier 3,Grocery Store,3.890546017,Food
DRH36,16.2,Low Fat,0.033447756,Soft Drinks,73.9696,OUT045,Small,Tier 2,Supermarket Type1,6.797756467,Drinks
NCB06,17.6,Non-Edible,0.082797778,Health and Hygiene,161.492,OUT017,Small,Tier 2,Supermarket Type1,8.165199843,Non-Consumable
FDR33,7.31,Low Fat,0.026940466,Snack Foods,108.457,OUT017,Small,Tier 2,Supermarket Type1,7.744135328,Food
FDE47,14.15,Low Fat,0.037877202,Starchy Foods,124.0046,OUT013,High,Tier 3,Supermarket Type1,7.389909663,Food
FDA10,20.35,Low Fat,0.141129263,Snack Foods,121.6072,OUT027,Medium,Tier 3,Supermarket Type3,8.1406658,Food
DRI01,7.97,Low Fat,0.034424278,Soft Drinks,171.8422,OUT013,High,Tier 3,Supermarket Type1,7.635451895,Drinks
NCJ54,9.895,Non-Edible,0.060067115,Household,230.6642,OUT046,Small,Tier 1,Supermarket Type1,8.444253398,Non-Consumable
FDT14,10.695,Regular,0.127727102,Dairy,121.144,OUT046,Small,Tier 1,Supermarket Type1,7.559300995,Food
DRL49,13.15,Low Fat,0.05674821,Soft Drinks,144.3812,OUT017,Small,Tier 2,Supermarket Type1,5.655860334,Drinks
NCI18,18.35,Non-Edible,0.014052469,Household,224.0746,OUT045,Small,Tier 2,Supermarket Type1,7.205818975,Non-Consumable
FDC38,15.7,Low Fat,0.122684413,Canned,132.2942,OUT049,Medium,Tier 1,Supermarket Type1,7.720196087,Food
FDS56,5.785,Regular,0.038724612,Fruits and Vegetables,263.9252,OUT013,High,Tier 3,Supermarket Type1,8.705244899,Food
FDX19,19.1,Low Fat,0.09688421,Fruits and Vegetables,233.5958,OUT049,Medium,Tier 1,Supermarket Type1,7.757033178,Food
FDU36,6.15,Low Fat,0.052097064,Baking Goods,100.1384,OUT027,Medium,Tier 3,Supermarket Type3,7.991981922,Food
FDO44,12.6,Low Fat,0.087380432,Fruits and Vegetables,109.7228,OUT013,High,Tier 3,Supermarket Type1,7.344925234,Food
FDG57,14.7,Low Fat,0.072707309,Fruits and Vegetables,49.5034,OUT017,Small,Tier 2,Supermarket Type1,5.678876206,Food
FDV20,20.2,Regular,0.059894378,Fruits and Vegetables,125.9678,OUT049,Medium,Tier 1,Supermarket Type1,7.936907301,Food
FDE47,14.15,Low Fat,0.037901581,Starchy Foods,126.3046,OUT035,Small,Tier 2,Supermarket Type1,7.869247496,Food
FDU32,8.785,Low Fat,0.025841875,Fruits and Vegetables,120.7414,OUT027,Medium,Tier 3,Supermarket Type3,8.386467095,Food
NCB06,17.6,Non-Edible,0.081933378,Health and Hygiene,161.492,OUT027,Medium,Tier 3,Supermarket Type3,8.762908865,Non-Consumable
FDV46,18.2,Low Fat,0.012627478,Snack Foods,140.818,OUT049,Medium,Tier 1,Supermarket Type1,8.159503447,Food
FDP45,15.7,Regular,0.030476541,Snack Foods,252.2724,OUT027,Medium,Tier 3,Supermarket Type3,8.524059167,Food
FDK03,12.6,Regular,0.074070351,Dairy,254.2356,OUT045,Small,Tier 2,Supermarket Type1,8.429244823,Food
FDX37,16.2,Low Fat,0.063017421,Canned,100.37,OUT035,Small,Tier 2,Supermarket Type1,6.907455234,Food
FDX58,13.15,Low Fat,0.043727261,Snack Foods,182.595,OUT013,High,Tier 3,Supermarket Type1,8.154731537,Food
FDQ46,7.51,Low Fat,0.104023565,Snack Foods,112.4544,OUT045,Small,Tier 2,Supermarket Type1,7.608066338,Food
FDL13,13.85,Regular,0.056271701,Breakfast,232.23,OUT013,High,Tier 3,Supermarket Type1,7.24364163,Food
NCT30,9.1,Non-Edible,0.080619969,Household,47.4718,OUT018,Medium,Tier 3,Supermarket Type2,6.160612208,Non-Consumable
FDP20,19.85,Low Fat,0.045761855,Fruits and Vegetables,125.602,OUT045,Small,Tier 2,Supermarket Type1,6.451275785,Food
FDH40,11.6,Regular,0.078863888,Frozen Foods,83.2276,OUT013,High,Tier 3,Supermarket Type1,7.342341812,Food
FDZ25,15.7,Regular,0.027729547,Canned,169.379,OUT018,Medium,Tier 3,Supermarket Type2,7.3323764,Food
FDU27,18.6,Regular,0.170646494,Meat,46.3376,OUT027,Medium,Tier 3,Supermarket Type3,7.654563788,Food
NCQ42,20.35,Non-Edible,0.039235527,Household,127.2678,OUT013,High,Tier 3,Supermarket Type1,6.925931486,Non-Consumable
FDU31,10.5,Regular,0.02502991,Fruits and Vegetables,218.4508,OUT049,Medium,Tier 1,Supermarket Type1,7.945435123,Food
FDC35,7.435,Low Fat,0.205605116,Starchy Foods,207.7638,OUT010,Small,Tier 3,Grocery Store,6.433247762,Food
FDX43,5.655,Low Fat,0.085622362,Fruits and Vegetables,167.25,OUT018,Medium,Tier 3,Supermarket Type2,7.754181331,Food
FDU07,11.1,Low Fat,0.059968347,Fruits and Vegetables,152.8366,OUT045,Small,Tier 2,Supermarket Type1,7.416680658,Food
DRD13,15,Low Fat,0.049038621,Soft Drinks,65.4168,OUT013,High,Tier 3,Supermarket Type1,7.416280338,Drinks
DRK49,14.15,Low Fat,0.036147029,Soft Drinks,39.3138,OUT017,Small,Tier 2,Supermarket Type1,6.27094949,Drinks
FDL12,15.85,Regular,0.212963193,Baking Goods,59.522,OUT019,Small,Tier 1,Grocery Store,5.705813744,Food
FDZ08,12.5,Regular,0.110614538,Fruits and Vegetables,80.6592,OUT017,Small,Tier 2,Supermarket Type1,7.409853328,Food
FDA10,20.35,Low Fat,0.142393712,Snack Foods,122.7072,OUT018,Medium,Tier 3,Supermarket Type2,7.293756454,Food
FDS20,8.85,Low Fat,0.053976156,Fruits and Vegetables,181.5292,OUT045,Small,Tier 2,Supermarket Type1,7.153055078,Food
FDA07,7.55,Regular,0.03107068,Fruits and Vegetables,122.4072,OUT018,Medium,Tier 3,Supermarket Type2,6.755245386,Food
FDR08,18.7,Low Fat,0.03761584,Fruits and Vegetables,109.1886,OUT035,Small,Tier 2,Supermarket Type1,7.544970106,Food
FDM44,12.5,Low Fat,0.054363971,Fruits and Vegetables,105.099,OUT019,Small,Tier 1,Grocery Store,4.646302532,Food
FDI22,12.6,Low Fat,0.161039887,Snack Foods,210.2612,OUT010,Small,Tier 3,Grocery Store,6.038163001,Food
NCM07,9.395,Non-Edible,0.040023967,Others,85.5908,OUT049,Medium,Tier 1,Supermarket Type1,6.915415465,Non-Consumable
FDN46,7.21,Regular,0.144823406,Snack Foods,103.1332,OUT017,Small,Tier 2,Supermarket Type1,8.096227284,Food
NCW53,18.35,Non-Edible,0.030619301,Health and Hygiene,194.0162,OUT018,Medium,Tier 3,Supermarket Type2,7.968057347,Non-Consumable
FDZ51,11.3,Regular,0.054637635,Meat,93.3094,OUT049,Medium,Tier 1,Supermarket Type1,8.022142749,Food
FDT04,17.25,Low Fat,0.107309177,Frozen Foods,40.8822,OUT018,Medium,Tier 3,Supermarket Type2,6.444949999,Food
FDZ48,17.75,Low Fat,0.132995494,Baking Goods,113.5544,OUT019,Small,Tier 1,Grocery Store,5.414805342,Food
FDA08,11.85,Regular,0.050085152,Fruits and Vegetables,164.7526,OUT046,Small,Tier 1,Supermarket Type1,7.182823733,Food
DRN37,9.6,Low Fat,0.096689673,Soft Drinks,168.0158,OUT018,Medium,Tier 3,Supermarket Type2,7.198876232,Drinks
FDD35,12.15,Low Fat,0.026010729,Starchy Foods,119.144,OUT017,Small,Tier 2,Supermarket Type1,7.677026113,Food
FDZ48,17.75,Low Fat,0.075959623,Baking Goods,112.4544,OUT046,Small,Tier 1,Supermarket Type1,7.808646769,Food
NCN54,20.35,Non-Edible,0.021413346,Household,76.2328,OUT018,Medium,Tier 3,Supermarket Type2,6.140739359,Non-Consumable
FDU32,8.785,Low Fat,0.030809543,Fruits and Vegetables,120.5414,OUT013,High,Tier 3,Supermarket Type1,7.368300695,Food
FDK41,14.3,Low Fat,0.126924095,Frozen Foods,87.2224,OUT027,Medium,Tier 3,Supermarket Type3,8.159122531,Food
FDR44,6.11,Regular,0.103340142,Fruits and Vegetables,131.2968,OUT018,Medium,Tier 3,Supermarket Type2,6.818352973,Food
NCK29,5.615,Non-Edible,0.142873228,Health and Hygiene,125.173,OUT027,Medium,Tier 3,Supermarket Type3,8.181165616,Non-Consumable
FDT09,15.15,Regular,0.012288171,Snack Foods,129.9284,OUT045,Small,Tier 2,Supermarket Type1,7.715160534,Food
FDR11,10.5,Regular,0.142827296,Breads,159.4578,OUT045,Small,Tier 2,Supermarket Type1,8.022797914,Food
FDD57,18.1,Low Fat,0.022291121,Fruits and Vegetables,93.6094,OUT027,Medium,Tier 3,Supermarket Type3,8.219909598,Food
FDT10,16.7,Regular,0.061992874,Snack Foods,60.9562,OUT013,High,Tier 3,Supermarket Type1,5.876438582,Food
FDR51,9.035,Regular,0.17417636,Meat,148.9708,OUT018,Medium,Tier 3,Supermarket Type2,7.722262202,Food
NCK17,11,Non-Edible,0.037953762,Health and Hygiene,38.448,OUT049,Medium,Tier 1,Supermarket Type1,7.08961006,Non-Consumable
FDY07,11.8,Low Fat,0.122289654,Fruits and Vegetables,46.3402,OUT017,Small,Tier 2,Supermarket Type1,5.62272136,Food
FDT14,10.695,Regular,0.128247408,Dairy,121.844,OUT018,Medium,Tier 3,Supermarket Type2,7.731068947,Food
FDJ21,16.7,Regular,0.038341654,Snack Foods,146.2102,OUT027,Medium,Tier 3,Supermarket Type3,8.349838069,Food
NCR42,9.105,Non-Edible,0.038699553,Household,33.79,OUT017,Small,Tier 2,Supermarket Type1,5.302010538,Non-Consumable
DRG37,16.2,Low Fat,0.01940856,Soft Drinks,156.7972,OUT049,Medium,Tier 1,Supermarket Type1,8.226876398,Drinks
FDI24,10.3,Low Fat,0.137870237,Baking Goods,175.037,OUT019,Small,Tier 1,Grocery Store,5.868940918,Food
FDJ22,18.75,Low Fat,0.052800258,Snack Foods,193.2504,OUT035,Small,Tier 2,Supermarket Type1,7.895624295,Food
FDT28,13.3,Low Fat,0.06355415,Frozen Foods,149.4708,OUT035,Small,Tier 2,Supermarket Type1,7.211731773,Food
FDH38,6.425,Low Fat,0.01043823,Canned,115.8808,OUT046,Small,Tier 1,Supermarket Type1,7.472337002,Food
FDT43,16.35,Low Fat,0.020589623,Fruits and Vegetables,53.2324,OUT045,Small,Tier 2,Supermarket Type1,6.590374672,Food
FDX04,19.6,Regular,0.041806702,Frozen Foods,48.8376,OUT017,Small,Tier 2,Supermarket Type1,6.269690047,Food
FDV46,18.2,Low Fat,0.012679191,Snack Foods,139.818,OUT017,Small,Tier 2,Supermarket Type1,6.733292362,Food
FDP10,19,Low Fat,0.128289285,Snack Foods,104.9622,OUT049,Medium,Tier 1,Supermarket Type1,7.060891902,Food
NCA53,11.395,Non-Edible,0.009878459,Health and Hygiene,47.6034,OUT046,Small,Tier 1,Supermarket Type1,7.180292089,Non-Consumable
FDL52,6.635,Regular,0.046090204,Frozen Foods,37.1506,OUT046,Small,Tier 1,Supermarket Type1,6.72852478,Food
FDQ32,17.85,Regular,0.046680961,Fruits and Vegetables,121.9388,OUT049,Medium,Tier 1,Supermarket Type1,8.284968935,Food
FDT37,14.15,Low Fat,0.03546967,Canned,256.3014,OUT017,Small,Tier 2,Supermarket Type1,8.48591439,Food
NCO43,5.5,Non-Edible,0.047290068,Others,100.5016,OUT018,Medium,Tier 3,Supermarket Type2,7.256877452,Non-Consumable
FDI53,8.895,Regular,0.13842353,Frozen Foods,163.0236,OUT017,Small,Tier 2,Supermarket Type1,7.028968159,Food
FDO19,17.7,Regular,0.027779381,Fruits and Vegetables,50.1034,OUT010,Small,Tier 3,Grocery Store,4.587075459,Food
FDG12,6.635,Regular,0.006336295,Baking Goods,121.3098,OUT019,Small,Tier 1,Grocery Store,4.799994918,Food
FDG53,10,Low Fat,0.046043736,Frozen Foods,140.618,OUT018,Medium,Tier 3,Supermarket Type2,7.773975547,Food
FDK36,7.09,Low Fat,0.007215314,Baking Goods,47.6034,OUT046,Small,Tier 1,Supermarket Type1,7.285576457,Food
FDR55,12.15,Regular,0.132083542,Fruits and Vegetables,189.5872,OUT046,Small,Tier 1,Supermarket Type1,8.132873808,Food
FDV16,7.75,Regular,0.083399788,Frozen Foods,34.5558,OUT017,Small,Tier 2,Supermarket Type1,6.092271863,Food
FDS31,13.1,Regular,0.043978369,Fruits and Vegetables,178.4318,OUT027,Medium,Tier 3,Supermarket Type3,7.834805994,Food
NCK06,5.03,Non-Edible,0.008639333,Household,122.2756,OUT013,High,Tier 3,Supermarket Type1,7.6309394,Non-Consumable
FDN03,9.8,Regular,0.015089965,Meat,249.6408,OUT046,Small,Tier 1,Supermarket Type1,6.910115691,Food
NCT30,9.1,Non-Edible,0.140582485,Household,47.1718,OUT019,Small,Tier 1,Grocery Store,4.961552887,Non-Consumable
FDC50,15.85,Low Fat,0.228469522,Canned,93.3094,OUT010,Small,Tier 3,Grocery Store,5.658185906,Food
FDE11,17.7,Regular,0.1671727,Starchy Foods,183.5924,OUT035,Small,Tier 2,Supermarket Type1,8.858583486,Food
FDM03,12.65,Low Fat,0.123007534,Meat,106.0938,OUT035,Small,Tier 2,Supermarket Type1,7.893887322,Food
NCP05,19.6,Non-Edible,0.028135431,Health and Hygiene,150.3024,OUT018,Medium,Tier 3,Supermarket Type2,7.856180445,Non-Consumable
FDJ41,6.85,Low Fat,0.02288328,Frozen Foods,261.2594,OUT046,Small,Tier 1,Supermarket Type1,7.965286303,Food
FDR47,17.85,Low Fat,0.087045086,Breads,196.7794,OUT027,Medium,Tier 3,Supermarket Type3,8.739302736,Food
FDK36,7.09,Low Fat,0.007256127,Baking Goods,50.4034,OUT017,Small,Tier 2,Supermarket Type1,5.832538567,Food
FDQ23,6.55,Low Fat,0.024664556,Breads,103.3332,OUT017,Small,Tier 2,Supermarket Type1,7.62640645,Food
NCK42,7.475,Non-Edible,0.013056494,Household,215.9192,OUT027,Medium,Tier 3,Supermarket Type3,8.90047442,Non-Consumable
NCO06,19.25,Non-Edible,0.180820798,Household,35.9558,OUT010,Small,Tier 3,Grocery Store,4.232824524,Non-Consumable
FDV24,5.635,Low Fat,0.103693024,Baking Goods,149.905,OUT018,Medium,Tier 3,Supermarket Type2,7.842940383,Food
FDK40,7.035,Low Fat,0.021849398,Frozen Foods,262.091,OUT046,Small,Tier 1,Supermarket Type1,8.344946156,Food
FDT23,7.72,Regular,0.074731477,Breads,77.5986,OUT046,Small,Tier 1,Supermarket Type1,7.574797162,Food
FDB50,13,Low Fat,0.154244343,Canned,77.9986,OUT018,Medium,Tier 3,Supermarket Type2,7.064313629,Food
NCF43,8.51,Non-Edible,0.052032439,Household,142.147,OUT049,Medium,Tier 1,Supermarket Type1,7.449360707,Non-Consumable
FDU26,16.7,Regular,0.042412572,Dairy,119.0782,OUT027,Medium,Tier 3,Supermarket Type3,7.346214447,Food
FDC10,9.8,Regular,0.072990979,Snack Foods,121.6098,OUT049,Medium,Tier 1,Supermarket Type1,7.357318545,Food
FDK51,19.85,Low Fat,0.005243282,Dairy,266.1884,OUT049,Medium,Tier 1,Supermarket Type1,8.064907131,Food
FDV09,12.1,Low Fat,0.034427577,Snack Foods,146.6734,OUT010,Small,Tier 3,Grocery Store,5.696914947,Food
DRL37,15.5,Low Fat,0.053455158,Soft Drinks,43.677,OUT049,Medium,Tier 1,Supermarket Type1,6.334346554,Drinks
FDQ45,9.5,Regular,0.012543708,Snack Foods,182.3608,OUT010,Small,Tier 3,Grocery Store,7.006300946,Food
FDO45,13.15,Regular,0.037768989,Snack Foods,88.5856,OUT027,Medium,Tier 3,Supermarket Type3,7.52110009,Food
FDP27,8.155,Low Fat,0.119428052,Meat,190.853,OUT035,Small,Tier 2,Supermarket Type1,7.811077887,Food
NCE07,8.18,Non-Edible,0.013183517,Household,143.1154,OUT018,Medium,Tier 3,Supermarket Type2,7.520017839,Non-Consumable
FDL26,18,Low Fat,0.072838381,Canned,155.2972,OUT027,Medium,Tier 3,Supermarket Type3,8.545257207,Food
FDL09,19.6,Regular,0.128235131,Snack Foods,169.2816,OUT049,Medium,Tier 1,Supermarket Type1,7.069424367,Food
NCA17,20.6,Non-Edible,0.045542258,Health and Hygiene,148.8392,OUT046,Small,Tier 1,Supermarket Type1,7.895624295,Non-Consumable
NCL29,9.695,Non-Edible,0.114583922,Health and Hygiene,156.4604,OUT017,Small,Tier 2,Supermarket Type1,7.838487785,Non-Consumable
FDS20,8.85,Low Fat,0.054171606,Fruits and Vegetables,183.9292,OUT017,Small,Tier 2,Supermarket Type1,7.979293415,Food
NCD19,8.93,Non-Edible,0.016164306,Household,53.2614,OUT049,Medium,Tier 1,Supermarket Type1,6.316467693,Non-Consumable
FDF05,17.5,Low Fat,0.026912667,Frozen Foods,261.291,OUT049,Medium,Tier 1,Supermarket Type1,8.137361619,Food
FDI44,16.1,Low Fat,0.100799828,Fruits and Vegetables,78.4328,OUT017,Small,Tier 2,Supermarket Type1,7.291944451,Food
NCY29,13.65,Non-Edible,0.077390746,Health and Hygiene,54.693,OUT045,Small,Tier 2,Supermarket Type1,6.522263372,Non-Consumable
FDC60,5.425,Regular,0.191603334,Baking Goods,87.0514,OUT010,Small,Tier 3,Grocery Store,4.494812762,Food
DRL49,13.15,Low Fat,0.056543464,Soft Drinks,140.5812,OUT045,Small,Tier 2,Supermarket Type1,6.060159107,Drinks
FDT39,6.26,Regular,0.009923732,Meat,152.8366,OUT017,Small,Tier 2,Supermarket Type1,8.237324515,Food
FDE50,19.7,Regular,0.016238512,Canned,186.4556,OUT045,Small,Tier 2,Supermarket Type1,8.531175226,Food
FDK25,11.6,Regular,0.156072361,Breakfast,169.3474,OUT027,Medium,Tier 3,Supermarket Type3,8.262375829,Food
DRK13,11.8,Low Fat,0.115636723,Soft Drinks,199.7084,OUT018,Medium,Tier 3,Supermarket Type2,8.180979257,Drinks
DRD24,13.85,Low Fat,0.030920531,Soft Drinks,141.0154,OUT018,Medium,Tier 3,Supermarket Type2,7.440020307,Drinks
FDX60,14.35,Low Fat,0.080594133,Baking Goods,80.996,OUT046,Small,Tier 1,Supermarket Type1,7.472337002,Food
FDT40,5.985,Low Fat,0.167725251,Frozen Foods,128.3678,OUT019,Small,Tier 1,Grocery Store,4.853340343,Food
FDJ20,20.7,Regular,0.100378096,Fruits and Vegetables,122.4388,OUT045,Small,Tier 2,Supermarket Type1,7.122372988,Food
FDI58,7.64,Regular,0.070847865,Snack Foods,91.712,OUT045,Small,Tier 2,Supermarket Type1,7.62640645,Food
FDX04,19.6,Regular,0.04163619,Frozen Foods,47.3376,OUT049,Medium,Tier 1,Supermarket Type1,7.048822803,Food
FDK55,18.5,Low Fat,0.025756826,Meat,87.2172,OUT035,Small,Tier 2,Supermarket Type1,6.689543049,Food
NCH06,12.3,Non-Edible,0.076987408,Household,247.946,OUT017,Small,Tier 2,Supermarket Type1,8.071998617,Non-Consumable
NCG54,12.1,Non-Edible,0.079968115,Household,170.8106,OUT045,Small,Tier 2,Supermarket Type1,8.438363424,Non-Consumable
FDN46,7.21,Regular,0.14460413,Snack Foods,102.6332,OUT035,Small,Tier 2,Supermarket Type1,7.675173404,Food
FDS46,17.6,Regular,0.047524635,Snack Foods,118.2782,OUT017,Small,Tier 2,Supermarket Type1,6.57377681,Food
FDM24,6.135,Regular,0.079776075,Baking Goods,152.8366,OUT017,Small,Tier 2,Supermarket Type1,7.583642256,Food
NCC07,19.6,Non-Edible,0.023988387,Household,104.5964,OUT049,Medium,Tier 1,Supermarket Type1,7.141527584,Non-Consumable
DRG51,12.1,Low Fat,0.011563024,Dairy,164.9526,OUT045,Small,Tier 2,Supermarket Type1,7.742113959,Drinks
NCS53,14.5,Non-Edible,0.089703476,Health and Hygiene,158.3604,OUT013,High,Tier 3,Supermarket Type1,7.012315995,Non-Consumable
FDC33,8.96,Regular,0.06893834,Fruits and Vegetables,196.4768,OUT046,Small,Tier 1,Supermarket Type1,7.848933102,Food
FDD14,20.7,Low Fat,0.169667145,Canned,183.5266,OUT013,High,Tier 3,Supermarket Type1,8.395531283,Food
FDJ52,7.145,Low Fat,0.017814518,Frozen Foods,159.8578,OUT049,Medium,Tier 1,Supermarket Type1,7.717533365,Food
FDV33,9.6,Regular,0.027399064,Snack Foods,258.3304,OUT045,Small,Tier 2,Supermarket Type1,8.327070017,Food
FDY33,14.5,Regular,0.097398254,Snack Foods,157.4262,OUT045,Small,Tier 2,Supermarket Type1,8.288824764,Food
FDE28,9.5,Regular,0.232072674,Frozen Foods,229.4668,OUT019,Small,Tier 1,Grocery Store,6.134988101,Food
FDA57,18.85,Low Fat,0.039723999,Snack Foods,41.048,OUT045,Small,Tier 2,Supermarket Type1,6.824160604,Food
DRC27,13.8,Low Fat,0.05843112,Dairy,243.6802,OUT017,Small,Tier 2,Supermarket Type1,7.583980894,Drinks
FDA27,20.35,Regular,0.030990354,Dairy,256.3672,OUT045,Small,Tier 2,Supermarket Type1,6.931148316,Food
FDO57,20.75,Low Fat,0.108689606,Snack Foods,159.3578,OUT035,Small,Tier 2,Supermarket Type1,8.410458042,Food
FDZ44,8.185,Low Fat,0.038721734,Fruits and Vegetables,115.8808,OUT035,Small,Tier 2,Supermarket Type1,7.329323631,Food
FDA58,9.395,Low Fat,0.103664897,Snack Foods,233.6932,OUT013,High,Tier 3,Supermarket Type1,7.254997313,Food
DRB01,7.39,Low Fat,0.082367244,Soft Drinks,187.753,OUT049,Medium,Tier 1,Supermarket Type1,7.325823302,Drinks
FDX45,16.75,Low Fat,0.105282932,Snack Foods,156.963,OUT018,Medium,Tier 3,Supermarket Type2,7.943546327,Food
FDY12,9.8,Regular,0.141406394,Baking Goods,50.0008,OUT017,Small,Tier 2,Supermarket Type1,6.228526783,Food
NCZ29,15,Non-Edible,0.071516201,Health and Hygiene,127.7362,OUT045,Small,Tier 2,Supermarket Type1,7.474605861,Non-Consumable
FDF09,6.215,Low Fat,0.012198395,Fruits and Vegetables,37.4848,OUT018,Medium,Tier 3,Supermarket Type2,5.23337343,Food
FDR48,11.65,Low Fat,0.132248069,Baking Goods,150.5024,OUT017,Small,Tier 2,Supermarket Type1,8.067415755,Food
NCH29,5.51,Non-Edible,0.034445116,Health and Hygiene,95.8726,OUT013,High,Tier 3,Supermarket Type1,7.675173404,Non-Consumable
FDN08,7.72,Regular,0.088543868,Fruits and Vegetables,117.5466,OUT045,Small,Tier 2,Supermarket Type1,6.716505423,Food
NCN30,16.35,Non-Edible,0.016979063,Household,97.441,OUT013,High,Tier 3,Supermarket Type1,6.650703279,Non-Consumable
FDS12,9.1,Low Fat,0.304859104,Baking Goods,125.4362,OUT019,Small,Tier 1,Grocery Store,6.628064127,Food
FDN58,13.8,Regular,0.056825065,Snack Foods,230.9984,OUT013,High,Tier 3,Supermarket Type1,8.441384574,Food
FDF50,4.905,Low Fat,0.1175683,Canned,197.6768,OUT045,Small,Tier 2,Supermarket Type1,7.991981922,Food
NCR54,16.35,Non-Edible,0.090562192,Household,198.211,OUT046,Small,Tier 1,Supermarket Type1,7.583303502,Non-Consumable
FDQ21,21.25,Low Fat,0.019423232,Snack Foods,120.8756,OUT046,Small,Tier 1,Supermarket Type1,8.055654624,Food
FDA13,15.85,Low Fat,0.078489577,Canned,39.9506,OUT013,High,Tier 3,Supermarket Type1,6.471047461,Food
FDY47,8.6,Regular,0.054706408,Breads,128.931,OUT018,Medium,Tier 3,Supermarket Type2,7.264828843,Food
NCF31,9.13,Non-Edible,0.051804278,Household,150.2024,OUT013,High,Tier 3,Supermarket Type1,7.508035134,Non-Consumable
FDL44,18.25,Low Fat,0.012215675,Fruits and Vegetables,162.7894,OUT027,Medium,Tier 3,Supermarket Type3,8.612837788,Food
FDT51,11.65,Regular,0.019117392,Meat,110.6544,OUT019,Small,Tier 1,Grocery Store,5.414805342,Food
NCF31,9.13,Non-Edible,0.090778148,Household,153.1024,OUT019,Small,Tier 1,Grocery Store,5.719015199,Non-Consumable
NCK31,10.895,Non-Edible,0.027047774,Others,50.6666,OUT046,Small,Tier 1,Supermarket Type1,6.503488153,Non-Consumable
DRM47,9.3,Low Fat,0.043874493,Hard Drinks,191.0846,OUT045,Small,Tier 2,Supermarket Type1,7.199373744,Drinks
FDL40,17.7,Low Fat,0.011603492,Frozen Foods,97.741,OUT013,High,Tier 3,Supermarket Type1,7.055737257,Food
FDT34,9.3,Low Fat,0.291826616,Snack Foods,107.1964,OUT010,Small,Tier 3,Grocery Store,6.044497128,Food
FDP40,4.555,Regular,0.034350673,Frozen Foods,112.7544,OUT035,Small,Tier 2,Supermarket Type1,7.490345354,Food
NCJ31,19.2,Non-Edible,0.183686937,Others,241.8196,OUT017,Small,Tier 2,Supermarket Type1,7.431380951,Non-Consumable
FDT50,6.75,Regular,0.107714834,Dairy,97.8752,OUT027,Medium,Tier 3,Supermarket Type3,7.654563788,Food
FDG21,17.35,Regular,0.146299902,Seafood,150.405,OUT046,Small,Tier 1,Supermarket Type1,8.267687697,Food
FDM03,12.65,Low Fat,0.123531974,Meat,108.2938,OUT018,Medium,Tier 3,Supermarket Type2,6.285940365,Food
FDO11,8,Regular,0.030311951,Breads,247.4092,OUT049,Medium,Tier 1,Supermarket Type1,8.849837769,Food
FDX26,17.7,Low Fat,0.087986599,Dairy,181.4292,OUT045,Small,Tier 2,Supermarket Type1,7.979293415,Food
FDF39,14.85,Regular,0.019590769,Dairy,261.591,OUT018,Medium,Tier 3,Supermarket Type2,7.769766789,Food
NCR53,12.15,Non-Edible,0.242768664,Health and Hygiene,226.5404,OUT010,Small,Tier 3,Grocery Store,5.420713744,Non-Consumable
FDL57,15.1,Regular,0.067064128,Snack Foods,257.9304,OUT035,Small,Tier 2,Supermarket Type1,8.773270039,Food
FDO44,12.6,Low Fat,0.087630566,Fruits and Vegetables,110.0228,OUT045,Small,Tier 2,Supermarket Type1,8.072829613,Food
NCY41,16.75,Non-Edible,0.075721301,Health and Hygiene,34.3532,OUT035,Small,Tier 2,Supermarket Type1,6.950472564,Non-Consumable
FDL08,10.8,Low Fat,0.049719026,Fruits and Vegetables,246.7144,OUT046,Small,Tier 1,Supermarket Type1,8.546033755,Food
NCV30,20.2,Non-Edible,0.065932087,Household,64.851,OUT046,Small,Tier 1,Supermarket Type1,6.856214586,Non-Consumable
FDL45,15.6,Low Fat,0.037505332,Snack Foods,126.2704,OUT027,Medium,Tier 3,Supermarket Type3,8.35627148,Food
FDK09,15.2,Low Fat,0.092282353,Snack Foods,227.2352,OUT017,Small,Tier 2,Supermarket Type1,8.324489995,Food
FDQ58,7.315,Low Fat,0.01532563,Snack Foods,153.434,OUT049,Medium,Tier 1,Supermarket Type1,6.132100021,Food
FDA28,16.1,Regular,0.047996608,Frozen Foods,127.0362,OUT018,Medium,Tier 3,Supermarket Type2,7.233598513,Food
FDA02,14,Regular,0.052040539,Dairy,143.1786,OUT019,Small,Tier 1,Grocery Store,5.669733326,Food
NCC54,17.75,Non-Edible,0.097629611,Health and Hygiene,240.4196,OUT013,High,Tier 3,Supermarket Type1,8.429535584,Non-Consumable
FDA55,17.2,Regular,0.057221177,Fruits and Vegetables,225.4088,OUT018,Medium,Tier 3,Supermarket Type2,7.808646769,Food
NCJ43,6.635,Non-Edible,0.045308629,Household,173.1396,OUT010,Small,Tier 3,Grocery Store,5.857587952,Non-Consumable
NCB19,6.525,Non-Edible,0.158096128,Household,86.3882,OUT019,Small,Tier 1,Grocery Store,4.464622235,Non-Consumable
FDA19,7.52,Low Fat,0.055127499,Fruits and Vegetables,128.2994,OUT046,Small,Tier 1,Supermarket Type1,8.290162445,Food
FDD35,12.15,Low Fat,0.025842905,Starchy Foods,119.844,OUT013,High,Tier 3,Supermarket Type1,6.397296255,Food
FDK08,9.195,Regular,0.122802943,Fruits and Vegetables,100.1016,OUT018,Medium,Tier 3,Supermarket Type2,7.015907734,Food
FDN27,20.85,Low Fat,0.039370913,Meat,116.9808,OUT027,Medium,Tier 3,Supermarket Type3,8.26048417,Food
NCC19,6.57,Non-Edible,0.096411426,Household,192.982,OUT027,Medium,Tier 3,Supermarket Type3,8.441384574,Non-Consumable
FDL16,12.85,Low Fat,0.16871476,Frozen Foods,47.306,OUT049,Medium,Tier 1,Supermarket Type1,6.978155959,Food
NCL54,12.6,Non-Edible,0.082353076,Household,176.9054,OUT027,Medium,Tier 3,Supermarket Type3,8.343679832,Non-Consumable
FDR33,7.31,Low Fat,0.026830586,Snack Foods,108.057,OUT049,Medium,Tier 1,Supermarket Type1,7.644097476,Food
FDD52,18.25,Regular,0.183260221,Dairy,108.557,OUT035,Small,Tier 2,Supermarket Type1,7.097901973,Food
FDV33,9.6,Regular,0.027386122,Snack Foods,259.2304,OUT049,Medium,Tier 1,Supermarket Type1,8.444826177,Food
FDF21,10.3,Regular,0.066772979,Fruits and Vegetables,191.153,OUT035,Small,Tier 2,Supermarket Type1,7.443533189,Food
FDM56,16.7,Low Fat,0.083367473,Fruits and Vegetables,109.1912,OUT018,Medium,Tier 3,Supermarket Type2,6.30436836,Food
FDB12,11.15,Regular,0.105287746,Baking Goods,103.2648,OUT035,Small,Tier 2,Supermarket Type1,7.779002786,Food
FDI48,11.85,Regular,0.055836875,Baking Goods,51.2666,OUT035,Small,Tier 2,Supermarket Type1,6.018916277,Food
FDH09,12.6,Low Fat,0.05616476,Seafood,51.8982,OUT049,Medium,Tier 1,Supermarket Type1,6.162016699,Food
FDQ36,7.855,Regular,0.161971459,Baking Goods,38.3848,OUT046,Small,Tier 1,Supermarket Type1,6.83853381,Food
FDY16,18.35,Regular,0.092150005,Frozen Foods,184.8266,OUT013,High,Tier 3,Supermarket Type1,8.262032157,Food
NCM43,14.5,Non-Edible,0.01938106,Others,164.321,OUT027,Medium,Tier 3,Supermarket Type3,8.621033071,Non-Consumable
FDF59,12.5,Low Fat,0.071534226,Starchy Foods,124.902,OUT018,Medium,Tier 3,Supermarket Type2,7.479879932,Food
NCR38,17.25,Non-Edible,0.113497001,Household,253.4724,OUT035,Small,Tier 2,Supermarket Type1,6.628064127,Non-Consumable
FDY13,12.1,Low Fat,0.030121709,Canned,78.067,OUT035,Small,Tier 2,Supermarket Type1,7.705912264,Food
FDC40,16,Regular,0.065051586,Dairy,76.1986,OUT035,Small,Tier 2,Supermarket Type1,6.995381833,Food
FDT11,5.94,Regular,0.029538509,Breads,189.4556,OUT017,Small,Tier 2,Supermarket Type1,7.538258676,Food
FDT59,13.65,Low Fat,0.015976249,Breads,230.2668,OUT018,Medium,Tier 3,Supermarket Type2,8.004956039,Food
NCU54,8.88,Non-Edible,0.098622378,Household,208.427,OUT046,Small,Tier 1,Supermarket Type1,8.604086595,Non-Consumable
FDG34,11.5,Regular,0.062885197,Snack Foods,106.7254,OUT010,Small,Tier 3,Grocery Store,6.29826335,Food
FDQ36,7.855,Regular,0.162461219,Baking Goods,39.2848,OUT017,Small,Tier 2,Supermarket Type1,6.755245386,Food
DRZ11,8.85,Regular,0.112840108,Soft Drinks,122.0388,OUT049,Medium,Tier 1,Supermarket Type1,7.122372988,Drinks
DRH23,14.65,Low Fat,0.298205272,Hard Drinks,55.7614,OUT019,Small,Tier 1,Grocery Store,4.714229054,Drinks
FDT55,13.6,Regular,0.043902087,Fruits and Vegetables,157.0946,OUT017,Small,Tier 2,Supermarket Type1,8.6168233,Food
NCV53,8.27,Non-Edible,0.018797945,Health and Hygiene,241.288,OUT013,High,Tier 3,Supermarket Type1,8.615013672,Non-Consumable
FDQ33,13.35,Low Fat,0.091420648,Snack Foods,151.6708,OUT027,Medium,Tier 3,Supermarket Type3,8.479712608,Food
NCJ54,9.895,Non-Edible,0.060017128,Household,230.8642,OUT013,High,Tier 3,Supermarket Type1,8.392971427,Non-Consumable
FDY16,18.35,Regular,0.16147714,Frozen Foods,186.2266,OUT019,Small,Tier 1,Grocery Store,7.009914315,Food
NCN07,18.5,Non-Edible,0.033944698,Others,129.9284,OUT046,Small,Tier 1,Supermarket Type1,6.961890372,Non-Consumable
FDO01,21.1,Regular,0.020803054,Breakfast,129.7994,OUT018,Medium,Tier 3,Supermarket Type2,7.159287239,Food
FDP32,6.65,Low Fat,0.08816538,Fruits and Vegetables,126.8678,OUT017,Small,Tier 2,Supermarket Type1,7.485126334,Food
NCN07,18.5,Non-Edible,0.034082974,Others,130.9284,OUT018,Medium,Tier 3,Supermarket Type2,7.590056858,Non-Consumable
DRN47,12.1,Low Fat,0.016745264,Hard Drinks,180.766,OUT027,Medium,Tier 3,Supermarket Type3,8.025196518,Drinks
NCM18,13,Non-Edible,0.083009876,Household,61.1194,OUT045,Small,Tier 2,Supermarket Type1,7.763844609,Non-Consumable
FDD40,20.25,Regular,0.014721719,Dairy,193.6162,OUT027,Medium,Tier 3,Supermarket Type3,8.555690066,Food
FDW47,15,Low Fat,0.046375227,Breads,122.8414,OUT046,Small,Tier 1,Supermarket Type1,6.595846632,Food
FDI45,13.1,Low Fat,0.037639672,Fruits and Vegetables,175.6054,OUT049,Medium,Tier 1,Supermarket Type1,6.958098903,Food
FDJ46,11.1,Low Fat,0.04500603,Snack Foods,174.0054,OUT018,Medium,Tier 3,Supermarket Type2,7.650770519,Food
FDD38,16.75,Regular,0.013711274,Canned,100.2674,OUT010,Small,Tier 3,Grocery Store,5.321715483,Food
FDS37,7.655,Low Fat,0.032009653,Canned,117.2492,OUT045,Small,Tier 2,Supermarket Type1,7.797222742,Food
FDY60,10.5,Regular,0.026424424,Baking Goods,145.2128,OUT045,Small,Tier 2,Supermarket Type1,8.226876398,Food
FDP13,8.1,Regular,0.134870732,Canned,41.948,OUT018,Medium,Tier 3,Supermarket Type2,5.302010538,Food
FDM28,15.7,Low Fat,0.045295529,Frozen Foods,181.366,OUT045,Small,Tier 2,Supermarket Type1,7.590056858,Food
FDY33,14.5,Regular,0.097750937,Snack Foods,159.7262,OUT017,Small,Tier 2,Supermarket Type1,8.653391086,Food
NCM54,17.7,Non-Edible,0.05089667,Household,125.5678,OUT013,High,Tier 3,Supermarket Type1,7.244117367,Non-Consumable
FDK04,7.36,Low Fat,0.052312034,Frozen Foods,58.5588,OUT046,Small,Tier 1,Supermarket Type1,6.687885363,Food
NCI42,18.75,Non-Edible,0.010363586,Household,207.1954,OUT035,Small,Tier 2,Supermarket Type1,7.41947842,Non-Consumable
FDF45,18.2,Regular,0.012254429,Fruits and Vegetables,59.9904,OUT018,Medium,Tier 3,Supermarket Type2,6.470016535,Food
FDN56,5.46,Regular,0.107223632,Fruits and Vegetables,144.8786,OUT049,Medium,Tier 1,Supermarket Type1,8.108926503,Food
FDR56,15.5,Regular,0.101335811,Fruits and Vegetables,196.5768,OUT017,Small,Tier 2,Supermarket Type1,8.11710528,Food
FDX40,12.85,Low Fat,0.098993139,Frozen Foods,39.3164,OUT046,Small,Tier 1,Supermarket Type1,6.294582373,Food
FDB34,15.25,Low Fat,0.026760329,Snack Foods,86.0198,OUT017,Small,Tier 2,Supermarket Type1,7.604423952,Food
FDY47,8.6,Regular,0.054594957,Breads,130.531,OUT045,Small,Tier 2,Supermarket Type1,7.169588633,Food
DRB01,7.39,Low Fat,0.082170947,Soft Drinks,190.953,OUT013,High,Tier 3,Supermarket Type1,7.811077887,Drinks
FDR51,9.035,Regular,0.173821519,Meat,151.4708,OUT045,Small,Tier 2,Supermarket Type1,7.786773044,Food
FDR48,11.65,Low Fat,0.131708682,Baking Goods,152.3024,OUT049,Medium,Tier 1,Supermarket Type1,7.325823302,Food
FDZ25,15.7,Regular,0.027594064,Canned,171.179,OUT013,High,Tier 3,Supermarket Type1,7.532928176,Food
FDJ04,18,Low Fat,0.12470444,Frozen Foods,120.3124,OUT045,Small,Tier 2,Supermarket Type1,7.910878612,Food
NCG07,12.3,Non-Edible,0.052247806,Household,190.853,OUT027,Medium,Tier 3,Supermarket Type3,8.423996616,Non-Consumable
FDB52,17.75,Low Fat,0.030559583,Dairy,257.4672,OUT018,Medium,Tier 3,Supermarket Type2,8.252187522,Food
FDH14,17.1,Regular,0.046903482,Canned,142.0838,OUT045,Small,Tier 2,Supermarket Type1,7.835859318,Food
NCY17,18.2,Non-Edible,0.163096139,Health and Hygiene,43.0086,OUT046,Small,Tier 1,Supermarket Type1,6.6324578,Non-Consumable
FDX31,20.35,Regular,0.016260853,Fruits and Vegetables,234.4958,OUT045,Small,Tier 2,Supermarket Type1,7.246492663,Food
FDN12,15.6,Low Fat,0.081103929,Baking Goods,112.3544,OUT046,Small,Tier 1,Supermarket Type1,6.915415465,Food
FDG56,13.3,Regular,0.071743629,Fruits and Vegetables,59.7536,OUT018,Medium,Tier 3,Supermarket Type2,6.824160604,Food
FDP23,6.71,Low Fat,0.035731825,Breads,218.3166,OUT018,Medium,Tier 3,Supermarket Type2,8.641467398,Food
FDC47,15,Low Fat,0.119131749,Snack Foods,226.9694,OUT045,Small,Tier 2,Supermarket Type1,8.832307827,Food
FDW25,5.175,Low Fat,0.037217847,Canned,86.8224,OUT027,Medium,Tier 3,Supermarket Type3,7.279167652,Food
NCR42,9.105,Non-Edible,0.038559926,Household,33.89,OUT045,Small,Tier 2,Supermarket Type1,4.613832559,Non-Consumable
DRO59,11.8,Low Fat,0.054238448,Hard Drinks,75.4012,OUT049,Medium,Tier 1,Supermarket Type1,6.895394802,Drinks
FDT60,12,Low Fat,0.075856062,Baking Goods,124.5388,OUT018,Medium,Tier 3,Supermarket Type2,7.45861467,Food
FDE32,20.7,Low Fat,0.048957533,Fruits and Vegetables,37.8506,OUT018,Medium,Tier 3,Supermarket Type2,5.585952688,Food
FDF21,10.3,Regular,0.059160135,Fruits and Vegetables,191.553,OUT017,Small,Tier 2,Supermarket Type1,8.801221848,Food
FDX04,19.6,Regular,0.041536962,Frozen Foods,46.0376,OUT013,High,Tier 3,Supermarket Type1,6.269690047,Food
FDC22,6.89,Regular,0.13660812,Snack Foods,193.482,OUT049,Medium,Tier 1,Supermarket Type1,7.828462643,Food
FDD39,16.7,Low Fat,0.070297175,Dairy,216.385,OUT045,Small,Tier 2,Supermarket Type1,8.210544382,Food
DRC36,13,Regular,0.044984874,Soft Drinks,175.0054,OUT046,Small,Tier 1,Supermarket Type1,7.563802384,Drinks
DRE01,10.1,Low Fat,0.167155198,Soft Drinks,241.7512,OUT046,Small,Tier 1,Supermarket Type1,8.581617906,Drinks
FDP37,15.6,Low Fat,0.142986863,Breakfast,130.3994,OUT013,High,Tier 3,Supermarket Type1,7.947320359,Food
DRI01,7.97,Low Fat,0.039095668,Soft Drinks,173.7422,OUT045,Small,Tier 2,Supermarket Type1,7.923013205,Drinks
NCE19,8.97,Non-Edible,0.162856593,Household,54.5956,OUT019,Small,Tier 1,Grocery Store,5.390816326,Non-Consumable
NCS30,5.945,Non-Edible,0.103588747,Household,128.9652,OUT017,Small,Tier 2,Supermarket Type1,7.500702384,Non-Consumable
FDX31,20.35,Regular,0.014885998,Fruits and Vegetables,234.4958,OUT018,Medium,Tier 3,Supermarket Type2,8.0933832,Food
FDH47,13.5,Regular,0.128816212,Starchy Foods,96.4068,OUT046,Small,Tier 1,Supermarket Type1,7.835332795,Food
FDY11,6.71,Regular,0.029680868,Baking Goods,65.0142,OUT018,Medium,Tier 3,Supermarket Type2,6.754469592,Food
FDU23,12.15,Low Fat,0.036360676,Breads,166.0184,OUT010,Small,Tier 3,Grocery Store,5.802833527,Food
FDO19,17.7,Regular,0.016582833,Fruits and Vegetables,50.5034,OUT013,High,Tier 3,Supermarket Type1,7.285576457,Food
FDP08,20.5,Regular,0.112316501,Fruits and Vegetables,193.9478,OUT013,High,Tier 3,Supermarket Type1,8.402275911,Food
FDX19,19.1,Low Fat,0.096653315,Fruits and Vegetables,235.1958,OUT013,High,Tier 3,Supermarket Type1,8.449966474,Food
FDJ28,12.3,Low Fat,0.021984639,Frozen Foods,191.2162,OUT017,Small,Tier 2,Supermarket Type1,7.562765399,Food
FDE29,8.905,Low Fat,0.143351652,Frozen Foods,62.0878,OUT049,Medium,Tier 1,Supermarket Type1,5.716827023,Food
FDC14,14.5,Regular,0.041482394,Canned,40.0454,OUT017,Small,Tier 2,Supermarket Type1,5.350563457,Food
FDV44,8.365,Regular,0.040069806,Fruits and Vegetables,190.7188,OUT017,Small,Tier 2,Supermarket Type1,7.55233597,Food
NCF43,8.51,Non-Edible,0.052239735,Household,141.947,OUT017,Small,Tier 2,Supermarket Type1,7.603428267,Non-Consumable
NCY42,6.38,Non-Edible,0.015149955,Household,144.047,OUT013,High,Tier 3,Supermarket Type1,8.055232015,Non-Consumable
NCZ06,19.6,Non-Edible,0.09370568,Household,253.8698,OUT027,Medium,Tier 3,Supermarket Type3,8.101285974,Non-Consumable
FDB29,16.7,Regular,0.052401766,Frozen Foods,115.1176,OUT035,Small,Tier 2,Supermarket Type1,7.306349369,Food
FDL28,10,Regular,0.063121982,Frozen Foods,231.7668,OUT013,High,Tier 3,Supermarket Type1,6.134988101,Food
FDF57,14.5,Regular,0.058946687,Fruits and Vegetables,168.6448,OUT045,Small,Tier 2,Supermarket Type1,7.971969893,Food
FDE44,14.65,Low Fat,0.171245426,Fruits and Vegetables,50.3692,OUT013,High,Tier 3,Supermarket Type1,6.383895748,Food
FDU33,7.63,Regular,0.134057426,Snack Foods,45.3402,OUT027,Medium,Tier 3,Supermarket Type3,6.824160604,Food
FDA08,11.85,Regular,0.050368454,Fruits and Vegetables,163.8526,OUT017,Small,Tier 2,Supermarket Type1,7.501070301,Food
NCC06,19,Non-Edible,0.026986367,Household,127.1336,OUT046,Small,Tier 1,Supermarket Type1,7.942127384,Non-Consumable
FDO32,6.36,Low Fat,0.120543611,Fruits and Vegetables,45.806,OUT046,Small,Tier 1,Supermarket Type1,7.061463004,Food
FDU39,18.85,Low Fat,0.036037952,Meat,58.4562,OUT046,Small,Tier 1,Supermarket Type1,6.5681824,Food
NCK18,9.6,Non-Edible,0.006725388,Household,165.9184,OUT018,Medium,Tier 3,Supermarket Type2,7.997370953,Non-Consumable
FDI26,5.94,Low Fat,0.034940979,Canned,177.3344,OUT049,Medium,Tier 1,Supermarket Type1,7.38206811,Food
DRE37,13.5,Low Fat,0.094219593,Soft Drinks,189.9872,OUT046,Small,Tier 1,Supermarket Type1,7.188873657,Drinks
NCN26,10.85,Non-Edible,0.048004263,Household,117.5808,OUT010,Small,Tier 3,Grocery Store,5.865170899,Non-Consumable
FDS16,15.15,Regular,0.066164431,Frozen Foods,147.376,OUT035,Small,Tier 2,Supermarket Type1,7.695366827,Food
FDE40,15.6,Regular,0.117825241,Dairy,62.4194,OUT018,Medium,Tier 3,Supermarket Type2,6.692024436,Food
FDP03,5.15,Regular,0.068073333,Meat,122.9388,OUT017,Small,Tier 2,Supermarket Type1,7.652668952,Food
FDA27,20.35,Regular,0.030975716,Dairy,253.9672,OUT049,Medium,Tier 1,Supermarket Type1,8.02910914,Food
FDJ12,8.895,Regular,0.039101813,Baking Goods,208.8296,OUT049,Medium,Tier 1,Supermarket Type1,8.594518907,Food
FDT03,21.25,Low Fat,0.010039493,Meat,181.7608,OUT018,Medium,Tier 3,Supermarket Type2,7.006300946,Food
FDF50,4.905,Low Fat,0.117308165,Canned,195.7768,OUT035,Small,Tier 2,Supermarket Type1,7.991981922,Food
FDC51,10.895,Regular,0.009641375,Dairy,124.173,OUT045,Small,Tier 2,Supermarket Type1,7.379163546,Food
NCL55,12.15,Non-Edible,0.113212516,Others,254.604,OUT019,Small,Tier 1,Grocery Store,6.633334223,Non-Consumable
FDZ23,17.75,Regular,0.067490036,Baking Goods,185.224,OUT035,Small,Tier 2,Supermarket Type1,8.75454193,Food
FDW24,6.8,Low Fat,0.037573095,Baking Goods,50.2034,OUT045,Small,Tier 2,Supermarket Type1,7.062604229,Food
FDH21,10.395,Low Fat,0.031219108,Seafood,156.9604,OUT035,Small,Tier 2,Supermarket Type1,8.433018137,Food
NCQ41,14.8,Non-Edible,0.032606181,Health and Hygiene,193.5794,OUT010,Small,Tier 3,Grocery Store,5.969113616,Non-Consumable
FDH48,13.5,Low Fat,0.082137624,Baking Goods,84.554,OUT018,Medium,Tier 3,Supermarket Type2,6.659275971,Food
FDX11,16,Regular,0.106731895,Baking Goods,183.6634,OUT035,Small,Tier 2,Supermarket Type1,7.842156069,Food
FDK33,17.85,Low Fat,0.0112259,Snack Foods,211.956,OUT013,High,Tier 3,Supermarket Type1,8.40630096,Food
FDV36,18.7,Low Fat,0.026355345,Baking Goods,127.102,OUT045,Small,Tier 2,Supermarket Type1,8.098658649,Food
NCW41,18,Non-Edible,0.01548171,Health and Hygiene,159.3604,OUT045,Small,Tier 2,Supermarket Type1,7.6309394,Non-Consumable
FDU32,8.785,Low Fat,0.045465958,Fruits and Vegetables,120.8414,OUT019,Small,Tier 1,Grocery Store,6.749802146,Food
FDE36,5.26,Regular,0.041857101,Baking Goods,162.7868,OUT045,Small,Tier 2,Supermarket Type1,8.356896919,Food
FDO27,6.175,Regular,0.179112654,Meat,94.9752,OUT045,Small,Tier 2,Supermarket Type1,7.336287745,Food
FDW27,5.86,Regular,0.151159243,Meat,156.6314,OUT045,Small,Tier 2,Supermarket Type1,8.08910185,Food
FDJ48,11.3,Low Fat,0.056161529,Baking Goods,246.9118,OUT027,Medium,Tier 3,Supermarket Type3,8.645106326,Food
FDR11,10.5,Regular,0.142419608,Breads,161.1578,OUT013,High,Tier 3,Supermarket Type1,7.476492653,Food
FDV07,9.5,Low Fat,0.031410378,Fruits and Vegetables,110.3228,OUT018,Medium,Tier 3,Supermarket Type2,7.92445951,Food
FDO50,16.25,Low Fat,0.077790204,Canned,93.0804,OUT027,Medium,Tier 3,Supermarket Type3,7.986563692,Food
FDN04,11.8,Regular,0.014166739,Frozen Foods,178.2344,OUT017,Small,Tier 2,Supermarket Type1,7.957159956,Food
FDZ08,12.5,Regular,0.110215444,Fruits and Vegetables,81.8592,OUT045,Small,Tier 2,Supermarket Type1,7.122372988,Food
FDD05,19.35,Low Fat,0.016679143,Frozen Foods,119.3098,OUT018,Medium,Tier 3,Supermarket Type2,7.564838295,Food
FDV60,20.2,Regular,0.117339056,Baking Goods,195.011,OUT035,Small,Tier 2,Supermarket Type1,7.919630335,Food
NCG30,20.2,Non-Edible,0.112227747,Household,123.5046,OUT013,High,Tier 3,Supermarket Type1,7.915750133,Non-Consumable
FDX37,16.2,Low Fat,0.062724117,Canned,100.57,OUT027,Medium,Tier 3,Supermarket Type3,8.535891287,Food
FDW24,6.8,Low Fat,0.037555348,Baking Goods,49.6034,OUT049,Medium,Tier 1,Supermarket Type1,6.880453967,Food
DRM48,15.2,Low Fat,0.112349962,Soft Drinks,39.1848,OUT027,Medium,Tier 3,Supermarket Type3,6.32842238,Drinks
FDF46,7.07,Low Fat,0.093217569,Snack Foods,116.7834,OUT027,Medium,Tier 3,Supermarket Type3,8.507927638,Food
NCY54,8.43,Non-Edible,0.177661246,Household,170.5422,OUT035,Small,Tier 2,Supermarket Type1,8.194860652,Non-Consumable
FDS35,9.3,Low Fat,0.11184963,Breads,64.6826,OUT017,Small,Tier 2,Supermarket Type1,6.65414118,Food
FDB04,11.35,Regular,0.06321435,Dairy,88.3856,OUT035,Small,Tier 2,Supermarket Type1,7.184844444,Food
NCK05,20.1,Non-Edible,0.077892365,Health and Hygiene,59.3536,OUT017,Small,Tier 2,Supermarket Type1,6.824160604,Non-Consumable
FDT46,11.35,Low Fat,0.051564827,Snack Foods,49.0008,OUT010,Small,Tier 3,Grocery Store,4.626947333,Food
FDP52,18.7,Regular,0.070349402,Frozen Foods,228.601,OUT027,Medium,Tier 3,Supermarket Type3,8.902650403,Food
NCR17,9.8,Non-Edible,0.024521239,Health and Hygiene,117.5492,OUT017,Small,Tier 2,Supermarket Type1,7.237915062,Non-Consumable
NCN54,20.35,Non-Edible,0.021447102,Household,76.3328,OUT017,Small,Tier 2,Supermarket Type1,7.180798931,Non-Consumable
FDX12,18.2,Regular,0.026059557,Baking Goods,241.2196,OUT035,Small,Tier 2,Supermarket Type1,8.78086878,Food
DRL23,18.35,Low Fat,0.015301418,Hard Drinks,105.2938,OUT035,Small,Tier 2,Supermarket Type1,7.619568264,Drinks
DRN47,12.1,Low Fat,0.018255372,Hard Drinks,179.866,OUT045,Small,Tier 2,Supermarket Type1,8.187666379,Drinks
FDM25,10.695,Regular,0.060615254,Breakfast,174.0712,OUT013,High,Tier 3,Supermarket Type1,7.808646769,Food
FDF52,9.3,Low Fat,0.066459891,Frozen Foods,184.2292,OUT027,Medium,Tier 3,Supermarket Type3,8.425457217,Food
FDU21,11.8,Regular,0.076876046,Snack Foods,33.1558,OUT045,Small,Tier 2,Supermarket Type1,6.299487337,Food
FDI15,13.8,Low Fat,0.14215211,Dairy,263.5884,OUT017,Small,Tier 2,Supermarket Type1,7.777329846,Food
FDJ09,15,Low Fat,0.058632705,Snack Foods,46.4744,OUT018,Medium,Tier 3,Supermarket Type2,6.299487337,Food
FDW03,5.63,Regular,0.024541277,Meat,105.1306,OUT046,Small,Tier 1,Supermarket Type1,8.050996068,Food
FDA07,7.55,Regular,0.030992735,Fruits and Vegetables,124.3072,OUT049,Medium,Tier 1,Supermarket Type1,7.899583224,Food
FDU39,18.85,Low Fat,0.036241797,Meat,57.3562,OUT017,Small,Tier 2,Supermarket Type1,6.916075966,Food
FDI60,7.22,Regular,0.038398937,Baking Goods,61.951,OUT045,Small,Tier 2,Supermarket Type1,7.325823302,Food
FDK33,17.85,Low Fat,0.011258035,Snack Foods,211.656,OUT045,Small,Tier 2,Supermarket Type1,7.846852749,Food
FDN01,8.895,Low Fat,0.072511335,Breakfast,177.437,OUT049,Medium,Tier 1,Supermarket Type1,8.168979493,Food
FDV38,19.25,Low Fat,0.101689151,Dairy,54.6956,OUT013,High,Tier 3,Supermarket Type1,5.104652517,Food
NCV06,11.3,Non-Edible,0.066625843,Household,194.2478,OUT013,High,Tier 3,Supermarket Type1,7.905983243,Non-Consumable
FDQ34,10.85,Low Fat,0.162242617,Snack Foods,107.8622,OUT046,Small,Tier 1,Supermarket Type1,6.96566752,Food
DRK37,5,Low Fat,0.054947587,Soft Drinks,189.853,OUT045,Small,Tier 2,Supermarket Type1,8.504022437,Drinks
NCY53,20,Non-Edible,0.058552796,Health and Hygiene,110.2544,OUT013,High,Tier 3,Supermarket Type1,7.282834854,Non-Consumable
FDD53,16.2,Low Fat,0.044008347,Frozen Foods,43.7454,OUT027,Medium,Tier 3,Supermarket Type3,6.510446418,Food
FDV49,10,Low Fat,0.025867353,Canned,264.6226,OUT049,Medium,Tier 1,Supermarket Type1,8.467752244,Food
FDY36,12.3,Low Fat,0.016476619,Baking Goods,74.338,OUT019,Small,Tier 1,Grocery Store,4.993665451,Food
FDH34,8.63,Low Fat,0.031095246,Snack Foods,185.7582,OUT046,Small,Tier 1,Supermarket Type1,8.169168101,Food
NCD07,9.1,Non-Edible,0.055448768,Household,115.4518,OUT017,Small,Tier 2,Supermarket Type1,7.779838208,Non-Consumable
FDB51,6.92,Low Fat,0.038422076,Dairy,62.5852,OUT013,High,Tier 3,Supermarket Type1,6.084718979,Food
NCH42,6.86,Non-Edible,0.061155983,Household,228.401,OUT010,Small,Tier 3,Grocery Store,5.4411225,Non-Consumable
NCI31,20,Non-Edible,0.08131178,Others,37.819,OUT035,Small,Tier 2,Supermarket Type1,6.087746981,Non-Consumable
FDL56,14.1,Low Fat,0.125756824,Fruits and Vegetables,87.1198,OUT035,Small,Tier 2,Supermarket Type1,7.836122476,Food
FDG29,17.6,Low Fat,0.05661033,Frozen Foods,41.7454,OUT017,Small,Tier 2,Supermarket Type1,5.350563457,Food
FDJ45,17.75,Low Fat,0.073709686,Seafood,35.1216,OUT018,Medium,Tier 3,Supermarket Type2,6.031788498,Food
FDJ38,8.6,Regular,0.040432954,Canned,191.653,OUT017,Small,Tier 2,Supermarket Type1,8.241718966,Food
NCO05,7.27,Non-Edible,0.046749112,Health and Hygiene,100.4384,OUT018,Medium,Tier 3,Supermarket Type2,7.586685881,Non-Consumable
FDW24,6.8,Low Fat,0.062762374,Baking Goods,50.4034,OUT010,Small,Tier 3,Grocery Store,3.90405938,Food
FDN34,15.6,Regular,0.045542628,Snack Foods,170.7132,OUT027,Medium,Tier 3,Supermarket Type3,8.498068026,Food
FDH46,6.935,Regular,0.041346469,Snack Foods,103.1332,OUT049,Medium,Tier 1,Supermarket Type1,6.710846565,Food
FDW39,6.69,Regular,0.036903419,Meat,175.137,OUT035,Small,Tier 2,Supermarket Type1,7.119683372,Food
DRK59,8.895,Low Fat,0.075084457,Hard Drinks,233.9616,OUT027,Medium,Tier 3,Supermarket Type3,8.40152875,Drinks
FDU25,12.35,Low Fat,0.026735372,Canned,57.4246,OUT045,Small,Tier 2,Supermarket Type1,6.699431865,Food
FDC44,15.6,Low Fat,0.172453254,Fruits and Vegetables,115.1518,OUT013,High,Tier 3,Supermarket Type1,6.528119893,Food
FDG17,6.865,Regular,0.035666655,Frozen Foods,246.2486,OUT027,Medium,Tier 3,Supermarket Type3,8.995227464,Food
FDI45,13.1,Low Fat,0.037581243,Fruits and Vegetables,175.5054,OUT046,Small,Tier 1,Supermarket Type1,7.804853242,Food
FDK08,9.195,Regular,0.122202946,Fruits and Vegetables,100.1016,OUT013,High,Tier 3,Supermarket Type1,7.390320678,Food
FDW36,11.15,Low Fat,0.056921876,Baking Goods,107.1622,OUT035,Small,Tier 2,Supermarket Type1,6.050791386,Food
FDL39,16.1,Regular,0.063319379,Dairy,180.9318,OUT035,Small,Tier 2,Supermarket Type1,7.593751855,Food
FDS13,6.465,Low Fat,0.124402507,Canned,266.1884,OUT013,High,Tier 3,Supermarket Type1,8.575606995,Food
FDO57,20.75,Low Fat,0.108879177,Snack Foods,161.5578,OUT049,Medium,Tier 1,Supermarket Type1,5.774289399,Food
FDS37,7.655,Low Fat,0.032125561,Canned,115.7492,OUT017,Small,Tier 2,Supermarket Type1,7.843724081,Food
FDV26,20.25,Regular,0.076097073,Dairy,193.5794,OUT013,High,Tier 3,Supermarket Type1,7.576504229,Food
FDJ22,18.75,Low Fat,0.052766297,Snack Foods,189.7504,OUT013,High,Tier 3,Supermarket Type1,7.821544966,Food
FDC16,11.5,Regular,0.020601791,Dairy,86.054,OUT049,Medium,Tier 1,Supermarket Type1,6.946637473,Food
NCH42,6.86,Non-Edible,0.036360386,Household,231.601,OUT027,Medium,Tier 3,Supermarket Type3,8.93341794,Non-Consumable
FDD46,6.035,Low Fat,0.140571971,Snack Foods,154.7998,OUT027,Medium,Tier 3,Supermarket Type3,8.12698971,Food
FDT25,7.5,Low Fat,0.05074138,Canned,123.2072,OUT035,Small,Tier 2,Supermarket Type1,7.516764043,Food
FDR34,17,Regular,0.015997687,Snack Foods,229.1352,OUT045,Small,Tier 2,Supermarket Type1,8.42982626,Food
FDQ10,12.85,Low Fat,0.033018559,Snack Foods,170.4422,OUT027,Medium,Tier 3,Supermarket Type3,8.517557885,Food
DRI03,6.03,Low Fat,0.022703693,Dairy,177.9028,OUT046,Small,Tier 1,Supermarket Type1,8.472776326,Drinks
FDB58,10.5,Regular,0.013431109,Snack Foods,143.7154,OUT027,Medium,Tier 3,Supermarket Type3,8.48109411,Food
FDQ03,15,Regular,0.09267855,Meat,235.6248,OUT049,Medium,Tier 1,Supermarket Type1,7.548133551,Food
DRD27,18.75,Low Fat,0.023876985,Dairy,97.4042,OUT049,Medium,Tier 1,Supermarket Type1,7.733112742,Drinks
FDK33,17.85,Low Fat,0.011281018,Snack Foods,213.756,OUT018,Medium,Tier 3,Supermarket Type2,8.134437071,Food
DRL23,18.35,Low Fat,0.015328106,Hard Drinks,107.5938,OUT049,Medium,Tier 1,Supermarket Type1,7.508400363,Drinks
FDW32,18.35,Regular,0.094488071,Fruits and Vegetables,87.1882,OUT045,Small,Tier 2,Supermarket Type1,6.246744547,Food
NCL05,19.6,Non-Edible,0.047897663,Health and Hygiene,44.677,OUT046,Small,Tier 1,Supermarket Type1,5.159675796,Non-Consumable
DRB01,7.39,Low Fat,0.081841136,Soft Drinks,190.053,OUT027,Medium,Tier 3,Supermarket Type3,6.346090644,Drinks
NCL06,14.65,Non-Edible,0.072212787,Household,260.9594,OUT045,Small,Tier 2,Supermarket Type1,7.965286303,Non-Consumable
FDH10,21,Low Fat,0.049505857,Snack Foods,195.3478,OUT018,Medium,Tier 3,Supermarket Type2,7.059176638,Food
NCO14,9.6,Non-Edible,0.02981155,Household,45.2086,OUT017,Small,Tier 2,Supermarket Type1,6.507470231,Non-Consumable
FDV03,17.6,Low Fat,0.058181585,Meat,154.4314,OUT049,Medium,Tier 1,Supermarket Type1,7.752752352,Food
FDW52,14,Regular,0.037734782,Frozen Foods,166.4526,OUT017,Small,Tier 2,Supermarket Type1,8.470127873,Food
NCZ30,6.59,Non-Edible,0.02911558,Household,119.1098,OUT017,Small,Tier 2,Supermarket Type1,6.872209342,Non-Consumable
FDY35,17.6,Regular,0.026827052,Breads,47.8402,OUT010,Small,Tier 3,Grocery Store,4.531312644,Food
FDN31,11.5,Low Fat,0.072881535,Fruits and Vegetables,191.353,OUT046,Small,Tier 1,Supermarket Type1,7.731068947,Food
FDX31,20.35,Regular,0.014822802,Fruits and Vegetables,234.0958,OUT035,Small,Tier 2,Supermarket Type1,7.852304473,Food
NCJ05,18.7,Non-Edible,0.046159928,Health and Hygiene,152.3682,OUT049,Medium,Tier 1,Supermarket Type1,7.425447394,Non-Consumable
FDN56,5.46,Regular,0.107662745,Fruits and Vegetables,143.8786,OUT017,Small,Tier 2,Supermarket Type1,8.374559469,Food
FDZ04,9.31,Low Fat,0.038014104,Frozen Foods,62.351,OUT049,Medium,Tier 1,Supermarket Type1,6.713275712,Food
FDJ44,12.3,Regular,0.106307146,Fruits and Vegetables,174.9396,OUT035,Small,Tier 2,Supermarket Type1,7.359439885,Food
FDI08,18.2,Regular,0.066672058,Fruits and Vegetables,248.1092,OUT017,Small,Tier 2,Supermarket Type1,8.35093939,Food
FDB59,18.25,Low Fat,0.015341139,Snack Foods,200.0084,OUT018,Medium,Tier 3,Supermarket Type2,7.59341651,Food
FDY15,18.25,Regular,0.171174491,Dairy,156.463,OUT045,Small,Tier 2,Supermarket Type1,6.845643677,Food
NCZ18,7.825,Non-Edible,0.325780807,Household,252.7698,OUT019,Small,Tier 1,Grocery Store,6.635958892,Non-Consumable
DRO47,10.195,Low Fat,0.112859454,Hard Drinks,114.486,OUT017,Small,Tier 2,Supermarket Type1,7.820476448,Drinks
FDW21,5.34,Regular,0.005962753,Snack Foods,102.4358,OUT035,Small,Tier 2,Supermarket Type1,7.606743368,Food
FDZ14,7.71,Regular,0.047358246,Dairy,123.1756,OUT027,Medium,Tier 3,Supermarket Type3,8.293998339,Food
FDM09,11.15,Regular,0.086105815,Snack Foods,167.879,OUT045,Small,Tier 2,Supermarket Type1,7.968057347,Food
FDK43,9.8,Low Fat,0.026882496,Meat,126.302,OUT049,Medium,Tier 1,Supermarket Type1,8.01864127,Food
FDE45,12.1,Low Fat,0.040521714,Fruits and Vegetables,178.5002,OUT018,Medium,Tier 3,Supermarket Type2,8.622112726,Food
FDR35,12.5,Low Fat,0.020597493,Breads,200.0742,OUT027,Medium,Tier 3,Supermarket Type3,9.100451731,Food
FDT58,9,Low Fat,0.085538477,Snack Foods,169.2816,OUT027,Medium,Tier 3,Supermarket Type3,8.167469347,Food
FDS57,15.5,Low Fat,0.116313277,Snack Foods,141.547,OUT017,Small,Tier 2,Supermarket Type1,8.008727115,Food
FDF10,15.5,Regular,0.15707226,Snack Foods,147.2418,OUT018,Medium,Tier 3,Supermarket Type2,7.18937617,Food
FDP03,5.15,Regular,0.10239789,Meat,122.1388,OUT010,Small,Tier 3,Grocery Store,6.207291799,Food
FDT04,17.25,Low Fat,0.107309177,Frozen Foods,37.5822,OUT010,Small,Tier 3,Grocery Store,5.28528785,Food
NCW53,18.35,Non-Edible,0.0304697,Health and Hygiene,191.3162,OUT013,High,Tier 3,Supermarket Type1,7.206313046,Non-Consumable
FDA39,6.32,Low Fat,0.021287234,Meat,38.5822,OUT010,Small,Tier 3,Grocery Store,4.376566757,Food
NCH29,5.51,Non-Edible,0.034467286,Health and Hygiene,96.7726,OUT035,Small,Tier 2,Supermarket Type1,7.879881848,Non-Consumable
FDU02,13.35,Low Fat,0.1027194,Dairy,228.8352,OUT045,Small,Tier 2,Supermarket Type1,8.569559734,Food
FDN13,18.6,Low Fat,0.266234421,Breakfast,98.5358,OUT019,Small,Tier 1,Grocery Store,5.999291834,Food
FDX56,17.1,Regular,0.129668578,Fruits and Vegetables,206.8638,OUT019,Small,Tier 1,Grocery Store,5.337844763,Food
FDT11,5.94,Regular,0.02923013,Breads,189.4556,OUT027,Medium,Tier 3,Supermarket Type3,8.179860377,Food
NCC18,19.1,Non-Edible,0.176411579,Household,173.2422,OUT027,Medium,Tier 3,Supermarket Type3,7.635451895,Non-Consumable
FDA32,14,Low Fat,0.050371508,Fruits and Vegetables,214.7192,OUT010,Small,Tier 3,Grocery Store,6.761430166,Food
FDU39,18.85,Low Fat,0.036184755,Meat,58.5562,OUT018,Medium,Tier 3,Supermarket Type2,6.648117075,Food
FDV27,7.97,Regular,0.070017381,Meat,89.3514,OUT019,Small,Tier 1,Grocery Store,5.182360912,Food
NCW53,18.35,Non-Edible,0.030556922,Health and Hygiene,190.6162,OUT045,Small,Tier 2,Supermarket Type1,8.093179741,Non-Consumable
NCZ42,10.5,Non-Edible,0.011278535,Household,237.0248,OUT013,High,Tier 3,Supermarket Type1,8.60384241,Non-Consumable
FDO46,9.6,Regular,0.014211829,Snack Foods,191.0872,OUT017,Small,Tier 2,Supermarket Type1,8.377932411,Food
FDQ57,7.275,Low Fat,0.027812304,Snack Foods,147.476,OUT027,Medium,Tier 3,Supermarket Type3,8.122652593,Food
FDZ36,6.035,Regular,0.066051758,Baking Goods,187.724,OUT018,Medium,Tier 3,Supermarket Type2,7.62640645,Food
FDK38,6.65,Low Fat,0.053506996,Canned,150.0734,OUT018,Medium,Tier 3,Supermarket Type2,8.178740242,Food
FDU51,20.2,Regular,0.096046304,Meat,178.7028,OUT027,Medium,Tier 3,Supermarket Type3,8.43504404,Food
FDS14,7.285,Low Fat,0.049922304,Dairy,156.9288,OUT013,High,Tier 3,Supermarket Type1,7.360287162,Food
FDQ40,11.1,Regular,0.036083537,Frozen Foods,175.4712,OUT049,Medium,Tier 1,Supermarket Type1,8.002731097,Food
FDE20,11.35,Regular,0.005539114,Fruits and Vegetables,167.879,OUT049,Medium,Tier 1,Supermarket Type1,8.312796809,Food
FDH58,12.3,Low Fat,0.036939673,Snack Foods,113.1834,OUT046,Small,Tier 1,Supermarket Type1,8.042684003,Food
NCK53,11.6,Non-Edible,0.037793818,Health and Hygiene,99.3042,OUT017,Small,Tier 2,Supermarket Type1,7.733112742,Non-Consumable
FDJ44,12.3,Regular,0.106928681,Fruits and Vegetables,173.7396,OUT017,Small,Tier 2,Supermarket Type1,8.206373933,Food
FDN22,18.85,Regular,0.138585859,Snack Foods,252.4724,OUT045,Small,Tier 2,Supermarket Type1,8.0933832,Food
FDH56,9.8,Regular,0.06407717,Fruits and Vegetables,116.7492,OUT018,Medium,Tier 3,Supermarket Type2,7.39196305,Food
FDK48,7.445,Low Fat,0.037708542,Baking Goods,74.7354,OUT045,Small,Tier 2,Supermarket Type1,7.029557781,Food
FDQ40,11.1,Regular,0.036020711,Frozen Foods,177.2712,OUT035,Small,Tier 2,Supermarket Type1,7.654563788,Food
FDH10,21,Low Fat,0.049295686,Snack Foods,194.4478,OUT035,Small,Tier 2,Supermarket Type1,6.877026963,Food
FDM21,20.2,Low Fat,0.06449461,Snack Foods,259.2646,OUT045,Small,Tier 2,Supermarket Type1,8.036888755,Food
FDX12,18.2,Regular,0.026117345,Baking Goods,239.2196,OUT045,Small,Tier 2,Supermarket Type1,8.050146721,Food
FDM51,11.8,Regular,0.025904648,Meat,102.4674,OUT013,High,Tier 3,Supermarket Type1,7.619894955,Food
FDG09,20.6,Regular,0.080235512,Fruits and Vegetables,188.9556,OUT010,Small,Tier 3,Grocery Store,6.335527189,Food
DRD37,9.8,Low Fat,0.013830218,Soft Drinks,45.306,OUT013,High,Tier 3,Supermarket Type1,7.174699807,Drinks
FDN21,18.6,Low Fat,0.076855628,Snack Foods,161.0236,OUT046,Small,Tier 1,Supermarket Type1,6.182850729,Food
NCQ06,13,Non-Edible,0.041824524,Household,256.7014,OUT046,Small,Tier 1,Supermarket Type1,7.939520749,Non-Consumable
FDV52,20.7,Regular,0.12152072,Frozen Foods,118.0466,OUT046,Small,Tier 1,Supermarket Type1,6.967550757,Food
FDC10,9.8,Regular,0.073289899,Snack Foods,120.8098,OUT017,Small,Tier 2,Supermarket Type1,7.190380437,Food
FDX51,9.5,Regular,0.022054553,Meat,195.4452,OUT035,Small,Tier 2,Supermarket Type1,8.412530121,Food
NCD54,21.1,Non-Edible,0.029054046,Household,144.6786,OUT049,Medium,Tier 1,Supermarket Type1,7.969209685,Non-Consumable
NCK18,9.6,Non-Edible,0.006665667,Household,164.1184,OUT027,Medium,Tier 3,Supermarket Type3,8.242420289,Non-Consumable
FDZ01,8.975,Regular,0.009057132,Canned,104.099,OUT035,Small,Tier 2,Supermarket Type1,7.815116663,Food
FDT48,4.92,Low Fat,0.045955031,Baking Goods,199.1084,OUT046,Small,Tier 1,Supermarket Type1,7.688680892,Food
FDB40,17.5,Regular,0.007551607,Dairy,145.8102,OUT049,Medium,Tier 1,Supermarket Type1,7.547782551,Food
NCC07,19.6,Non-Edible,0.023835164,Household,103.3964,OUT027,Medium,Tier 3,Supermarket Type3,8.02345265,Non-Consumable
FDT52,9.695,Regular,0.047503318,Frozen Foods,244.6144,OUT049,Medium,Tier 1,Supermarket Type1,8.066580246,Food
FDK09,15.2,Low Fat,0.160665697,Snack Foods,227.5352,OUT019,Small,Tier 1,Grocery Store,6.821261005,Food
NCQ30,7.725,Non-Edible,0.048661041,Household,123.7414,OUT010,Small,Tier 3,Grocery Store,4.810894092,Non-Consumable
FDZ60,20.5,Low Fat,0.208987123,Baking Goods,106.0596,OUT019,Small,Tier 1,Grocery Store,5.378602506,Food
NCK18,9.6,Non-Edible,0.006692529,Household,164.9184,OUT013,High,Tier 3,Supermarket Type1,7.997370953,Non-Consumable
FDV11,9.1,Regular,0.136695145,Breads,173.4054,OUT010,Small,Tier 3,Grocery Store,6.775967508,Food
FDR25,17,Regular,0.140311123,Canned,265.6884,OUT017,Small,Tier 2,Supermarket Type1,7.882648448,Food
FDB26,14,Regular,0.031330907,Canned,52.364,OUT045,Small,Tier 2,Supermarket Type1,6.615658141,Food
DRD01,12.1,Regular,0.061521569,Soft Drinks,55.8614,OUT017,Small,Tier 2,Supermarket Type1,7.270866943,Drinks
FDG32,19.85,Low Fat,0.176991029,Fruits and Vegetables,221.5772,OUT017,Small,Tier 2,Supermarket Type1,8.177244776,Food
FDY49,17.2,Regular,0.0120098,Canned,163.1184,OUT035,Small,Tier 2,Supermarket Type1,7.940232324,Food
FDD26,8.71,Regular,0.072141818,Canned,183.3924,OUT035,Small,Tier 2,Supermarket Type1,7.929265477,Food
FDC22,6.89,Regular,0.136984147,Snack Foods,192.682,OUT018,Medium,Tier 3,Supermarket Type2,7.902542169,Food
DRD27,18.75,Low Fat,0.028353115,Dairy,97.9042,OUT045,Small,Tier 2,Supermarket Type1,7.430986474,Drinks
FDA44,19.7,Low Fat,0.052964982,Fruits and Vegetables,57.793,OUT027,Medium,Tier 3,Supermarket Type3,7.470442346,Food
FDW01,14.5,Low Fat,0.079986801,Canned,154.4682,OUT013,High,Tier 3,Supermarket Type1,7.330196802,Food
FDV32,7.785,Low Fat,0.155316936,Fruits and Vegetables,64.151,OUT019,Small,Tier 1,Grocery Store,5.759705867,Food
FDK32,16.25,Regular,0.048738407,Fruits and Vegetables,152.8682,OUT027,Medium,Tier 3,Supermarket Type3,8.523662341,Food
NCA05,20.75,Non-Edible,0.028939898,Health and Hygiene,149.4734,OUT013,High,Tier 3,Supermarket Type1,7.996474795,Non-Consumable
FDR10,17.6,Low Fat,0.010031539,Snack Foods,161.5552,OUT013,High,Tier 3,Supermarket Type1,7.488856983,Food
FDL22,16.85,Low Fat,0.036383293,Snack Foods,91.0488,OUT035,Small,Tier 2,Supermarket Type1,6.991715473,Food
FDD10,20.6,Regular,0.051235431,Snack Foods,178.1344,OUT035,Small,Tier 2,Supermarket Type1,8.180233476,Food
FDW25,5.175,Low Fat,0.03736783,Canned,86.9224,OUT013,High,Tier 3,Supermarket Type1,5.547780304,Food
FDR47,17.85,Low Fat,0.087604647,Breads,196.9794,OUT049,Medium,Tier 1,Supermarket Type1,7.353488756,Food
DRF27,8.93,Low Fat,0.028461453,Dairy,152.234,OUT049,Medium,Tier 1,Supermarket Type1,8.528018783,Drinks
FDQ48,14.3,Regular,0.034244601,Baking Goods,97.2726,OUT027,Medium,Tier 3,Supermarket Type3,7.579909644,Food
FDS37,7.655,Low Fat,0.031938828,Canned,114.1492,OUT035,Small,Tier 2,Supermarket Type1,7.055737257,Food
NCI18,18.35,Non-Edible,0.014024028,Household,224.5746,OUT046,Small,Tier 1,Supermarket Type1,7.89859496,Non-Consumable
NCJ42,19.75,Non-Edible,0.014232071,Household,100.9332,OUT027,Medium,Tier 3,Supermarket Type3,7.46397353,Non-Consumable
FDY48,14,Low Fat,0.023730384,Baking Goods,104.3332,OUT035,Small,Tier 2,Supermarket Type1,7.269940374,Food
FDB39,11.6,Low Fat,0.038578846,Dairy,56.1272,OUT049,Medium,Tier 1,Supermarket Type1,6.510446418,Food
DRI37,15.85,Low Fat,0.108036187,Soft Drinks,57.3904,OUT018,Medium,Tier 3,Supermarket Type2,6.556898803,Drinks
FDB58,10.5,Regular,0.013572808,Snack Foods,143.2154,OUT017,Small,Tier 2,Supermarket Type1,7.353062318,Food
FDV12,16.7,Regular,0.06082402,Baking Goods,98.7384,OUT013,High,Tier 3,Supermarket Type1,7.481381715,Food
NCU06,17.6,Non-Edible,0.074345142,Household,230.901,OUT013,High,Tier 3,Supermarket Type1,8.381446547,Non-Consumable
FDU34,18.25,Low Fat,0.075501241,Snack Foods,123.1046,OUT018,Medium,Tier 3,Supermarket Type2,5.521497717,Food
FDP31,21.1,Regular,0.16216286,Fruits and Vegetables,62.2168,OUT018,Medium,Tier 3,Supermarket Type2,5.95194587,Food
FDV11,9.1,Regular,0.081652352,Breads,177.0054,OUT035,Small,Tier 2,Supermarket Type1,7.650770519,Food
NCY06,15.25,Non-Edible,0.061434045,Household,130.9968,OUT018,Medium,Tier 3,Supermarket Type2,7.762146096,Non-Consumable
NCV41,14.35,Non-Edible,0.017073332,Health and Hygiene,109.5228,OUT045,Small,Tier 2,Supermarket Type1,7.413875048,Non-Consumable
FDQ52,17,Low Fat,0.118806857,Frozen Foods,248.8434,OUT027,Medium,Tier 3,Supermarket Type3,8.810798457,Food
FDM38,5.885,Regular,0.092694107,Canned,53.6982,OUT013,High,Tier 3,Supermarket Type1,7.330633102,Food
FDA14,16.1,Low Fat,0.065183228,Dairy,148.076,OUT046,Small,Tier 1,Supermarket Type1,7.290129158,Food
FDB23,19.2,Regular,0.005561538,Starchy Foods,224.0062,OUT027,Medium,Tier 3,Supermarket Type3,8.252708084,Food
DRH49,19.7,Low Fat,0.024635077,Soft Drinks,84.1592,OUT013,High,Tier 3,Supermarket Type1,6.979396268,Drinks
FDI40,11.5,Regular,0.126313413,Frozen Foods,100.6358,OUT017,Small,Tier 2,Supermarket Type1,7.606743368,Food
FDR37,16.5,Regular,0.066383907,Breakfast,180.4292,OUT045,Small,Tier 2,Supermarket Type1,7.691725496,Food
FDS16,15.15,Regular,0.066279832,Frozen Foods,147.876,OUT049,Medium,Tier 1,Supermarket Type1,8.421069,Food
FDT15,12.15,Regular,0.042681522,Meat,184.295,OUT046,Small,Tier 1,Supermarket Type1,7.608396807,Food
FDL32,15.7,Regular,0.16630633,Fruits and Vegetables,112.4544,OUT013,High,Tier 3,Supermarket Type1,7.115905713,Food
FDB39,11.6,Low Fat,0.038736838,Dairy,55.8272,OUT017,Small,Tier 2,Supermarket Type1,7.282834854,Food
FDX40,12.85,Low Fat,0.098910759,Frozen Foods,37.6164,OUT013,High,Tier 3,Supermarket Type1,5.736350337,Food
DRD13,15,Low Fat,0.049178998,Soft Drinks,65.6168,OUT045,Small,Tier 2,Supermarket Type1,6.461730642,Drinks
FDZ43,11,Regular,0.057011062,Fruits and Vegetables,241.9512,OUT013,High,Tier 3,Supermarket Type1,7.975638358,Food
DRM59,5.88,Low Fat,0.003589104,Hard Drinks,155.5998,OUT013,High,Tier 3,Supermarket Type1,7.434137942,Drinks
NCZ18,7.825,Non-Edible,0.209584922,Household,253.4698,OUT017,Small,Tier 2,Supermarket Type1,8.832016282,Non-Consumable
FDH52,9.42,Regular,0.043690499,Frozen Foods,60.2194,OUT027,Medium,Tier 3,Supermarket Type3,7.45861467,Food
FDM25,10.695,Regular,0.10154201,Breakfast,173.7712,OUT010,Small,Tier 3,Grocery Store,5.174856241,Food
NCP05,19.6,Non-Edible,0.025164132,Health and Hygiene,152.6024,OUT027,Medium,Tier 3,Supermarket Type3,8.711623803,Non-Consumable
FDY38,13.6,Regular,0.119077255,Dairy,231.23,OUT013,High,Tier 3,Supermarket Type1,7.754181331,Food
FDO37,8.06,Low Fat,0.021497594,Breakfast,230.3326,OUT017,Small,Tier 2,Supermarket Type1,7.235039434,Food
FDV49,10,Low Fat,0.025702129,Canned,262.6226,OUT027,Medium,Tier 3,Supermarket Type3,8.873147304,Food
NCP02,7.105,Non-Edible,0.075000682,Household,61.0562,OUT010,Small,Tier 3,Grocery Store,5.694677819,Non-Consumable
NCJ19,18.6,Non-Edible,0.118419683,Others,58.3588,OUT045,Small,Tier 2,Supermarket Type1,7.344064835,Non-Consumable
FDW44,9.5,Regular,0.035151215,Fruits and Vegetables,171.8448,OUT046,Small,Tier 1,Supermarket Type1,7.846852749,Food
FDU56,16.85,Low Fat,0.044414056,Fruits and Vegetables,182.4266,OUT046,Small,Tier 1,Supermarket Type1,7.615639632,Food
FDZ58,17.85,Low Fat,0.052471995,Snack Foods,123.7072,OUT017,Small,Tier 2,Supermarket Type1,7.804310133,Food
FDZ15,13.1,Low Fat,0.020853376,Dairy,117.4782,OUT013,High,Tier 3,Supermarket Type1,7.553732862,Food
NCI06,11.3,Non-Edible,0.047791878,Household,180.766,OUT049,Medium,Tier 1,Supermarket Type1,8.524059167,Non-Consumable
FDD36,13.3,Low Fat,0.02136022,Baking Goods,120.4124,OUT018,Medium,Tier 3,Supermarket Type2,7.483630168,Food
FDD56,15.2,Regular,0.103988736,Fruits and Vegetables,177.0054,OUT045,Small,Tier 2,Supermarket Type1,8.210182424,Food
FDX27,20.7,Regular,0.114581955,Dairy,94.3436,OUT018,Medium,Tier 3,Supermarket Type2,6.852703351,Food
FDG50,7.405,Low Fat,0.02556185,Canned,89.7146,OUT010,Small,Tier 3,Grocery Store,5.211828762,Food
FDU36,6.15,Low Fat,0.046459438,Baking Goods,100.5384,OUT018,Medium,Tier 3,Supermarket Type2,7.424256446,Food
FDJ15,11.35,Regular,0.023322478,Dairy,182.5608,OUT046,Small,Tier 1,Supermarket Type1,8.104308949,Food
FDG32,19.85,Low Fat,0.175962247,Fruits and Vegetables,223.0772,OUT035,Small,Tier 2,Supermarket Type1,7.484378531,Food
FDV15,10.3,Low Fat,0.255929096,Meat,103.3648,OUT019,Small,Tier 1,Grocery Store,5.744906504,Food
FDS28,8.18,Regular,0.082333019,Frozen Foods,58.1588,OUT013,High,Tier 3,Supermarket Type1,5.842247344,Food
FDU23,12.15,Low Fat,0.021757269,Breads,165.0184,OUT049,Medium,Tier 1,Supermarket Type1,8.102697833,Food
DRI03,6.03,Low Fat,0.0226994,Dairy,176.4028,OUT035,Small,Tier 2,Supermarket Type1,8.355019426,Drinks
FDH28,15.85,Regular,0.110653377,Frozen Foods,36.9506,OUT017,Small,Tier 2,Supermarket Type1,6.633334223,Food
FDP16,18.6,Low Fat,0.065771529,Frozen Foods,245.7802,OUT010,Small,Tier 3,Grocery Store,5.508092761,Food
NCQ29,12,Non-Edible,0.143361824,Health and Hygiene,262.3278,OUT017,Small,Tier 2,Supermarket Type1,7.354341089,Non-Consumable
NCH30,17.1,Non-Edible,0.074679181,Household,114.686,OUT018,Medium,Tier 3,Supermarket Type2,7.214675113,Non-Consumable
FDU31,10.5,Regular,0.024991056,Fruits and Vegetables,217.9508,OUT046,Small,Tier 1,Supermarket Type1,7.945435123,Food
FDF04,17.5,Low Fat,0.013658248,Frozen Foods,256.3304,OUT049,Medium,Tier 1,Supermarket Type1,8.732454495,Food
FDZ20,16.1,Low Fat,0.034278413,Fruits and Vegetables,255.2356,OUT013,High,Tier 3,Supermarket Type1,8.834637133,Food
NCK05,20.1,Non-Edible,0.085805337,Health and Hygiene,61.3536,OUT010,Small,Tier 3,Grocery Store,5.219062015,Non-Consumable
FDV23,11,Low Fat,0.185306514,Breads,125.6046,OUT019,Small,Tier 1,Grocery Store,6.435385653,Food
FDA07,7.55,Regular,0.051794958,Fruits and Vegetables,122.6072,OUT010,Small,Tier 3,Grocery Store,4.816299454,Food
FDL03,19.25,Regular,0.027058066,Meat,194.811,OUT013,High,Tier 3,Supermarket Type1,7.919630335,Food
FDX04,19.6,Regular,0.041740902,Frozen Foods,49.2376,OUT018,Medium,Tier 3,Supermarket Type2,6.866674918,Food
FDV19,14.85,Regular,0.035400659,Fruits and Vegetables,161.9578,OUT018,Medium,Tier 3,Supermarket Type2,7.27594778,Food
FDP22,14.65,Regular,0.099535996,Snack Foods,52.2666,OUT018,Medium,Tier 3,Supermarket Type2,6.423570288,Food
FDT34,9.3,Low Fat,0.175336471,Snack Foods,107.0964,OUT017,Small,Tier 2,Supermarket Type1,7.29556518,Food
FDZ26,11.6,Regular,0.143319995,Dairy,237.5222,OUT027,Medium,Tier 3,Supermarket Type3,8.877893264,Food
NCM43,14.5,Non-Edible,0.01950565,Others,163.921,OUT049,Medium,Tier 1,Supermarket Type1,7.802951069,Non-Consumable
DRK35,8.365,Low Fat,0.071846495,Hard Drinks,37.9506,OUT046,Small,Tier 1,Supermarket Type1,6.346090644,Drinks
FDO20,12.85,Regular,0.15244007,Fruits and Vegetables,252.3382,OUT046,Small,Tier 1,Supermarket Type1,8.475417784,Food
FDO22,13.5,Regular,0.017887238,Snack Foods,79.496,OUT049,Medium,Tier 1,Supermarket Type1,7.271792654,Food
FDM46,7.365,Low Fat,0.159967845,Snack Foods,94.712,OUT046,Small,Tier 1,Supermarket Type1,7.174699807,Food
FDO01,21.1,Regular,0.020718655,Breakfast,130.4994,OUT046,Small,Tier 1,Supermarket Type1,7.689595247,Food
NCX05,15.2,Non-Edible,0.096592065,Health and Hygiene,117.4492,OUT027,Medium,Tier 3,Supermarket Type3,7.39196305,Non-Consumable
FDI46,9.5,Low Fat,0.074460855,Snack Foods,253.6724,OUT049,Medium,Tier 1,Supermarket Type1,8.524059167,Food
FDD11,12.85,Low Fat,0.030789914,Starchy Foods,254.904,OUT017,Small,Tier 2,Supermarket Type1,8.01864127,Food
FDA32,14,Low Fat,0.030216783,Fruits and Vegetables,216.6192,OUT018,Medium,Tier 3,Supermarket Type2,8.013365955,Food
FDW32,18.35,Regular,0.094279004,Fruits and Vegetables,86.3882,OUT035,Small,Tier 2,Supermarket Type1,7.344064835,Food
FDX22,6.785,Regular,0.04022593,Snack Foods,210.9928,OUT019,Small,Tier 1,Grocery Store,5.353718014,Food
FDQ47,7.155,Regular,0.168527463,Breads,33.6874,OUT045,Small,Tier 2,Supermarket Type1,6.93179851,Food
FDT07,5.82,Regular,0.077304459,Fruits and Vegetables,257.633,OUT035,Small,Tier 2,Supermarket Type1,8.437065847,Food
NCQ43,17.75,Non-Edible,0.123297323,Others,108.6912,OUT018,Medium,Tier 3,Supermarket Type2,7.091827968,Non-Consumable
FDW07,18,Regular,0.142570104,Fruits and Vegetables,88.2514,OUT013,High,Tier 3,Supermarket Type1,7.317460585,Food
FDE35,7.06,Regular,0.043968652,Starchy Foods,57.6904,OUT049,Medium,Tier 1,Supermarket Type1,6.374861263,Food
FDC04,15.6,Low Fat,0.045076878,Dairy,241.3854,OUT045,Small,Tier 2,Supermarket Type1,7.972888272,Food
NCW53,18.35,Non-Edible,0.030347404,Health and Hygiene,192.5162,OUT027,Medium,Tier 3,Supermarket Type3,8.03257422,Non-Consumable
NCG07,12.3,Non-Edible,0.052492122,Household,191.053,OUT035,Small,Tier 2,Supermarket Type1,8.13638772,Non-Consumable
FDQ03,15,Regular,0.077999504,Meat,238.0248,OUT035,Small,Tier 2,Supermarket Type1,7.548133551,Food
FDV46,18.2,Low Fat,0.012597384,Snack Foods,141.218,OUT013,High,Tier 3,Supermarket Type1,7.985204535,Food
NCM26,20.5,Non-Edible,0.023179181,Others,154.034,OUT049,Medium,Tier 1,Supermarket Type1,7.804310133,Non-Consumable
DRA59,8.27,Regular,0.128126825,Soft Drinks,183.6924,OUT049,Medium,Tier 1,Supermarket Type1,7.167536826,Drinks
FDW13,8.5,Low Fat,0.097410707,Canned,52.7324,OUT027,Medium,Tier 3,Supermarket Type3,7.821544966,Food
DRF27,8.93,Low Fat,0.028417272,Dairy,154.534,OUT046,Small,Tier 1,Supermarket Type1,7.864910756,Drinks
FDT12,6.215,Regular,0.049902382,Baking Goods,225.8062,OUT017,Small,Tier 2,Supermarket Type1,8.0586079,Food
FDD40,20.25,Regular,0.014823358,Dairy,190.7162,OUT045,Small,Tier 2,Supermarket Type1,7.052286007,Food
FDN25,7.895,Regular,0.061424738,Breakfast,57.7588,OUT018,Medium,Tier 3,Supermarket Type2,7.044186463,Food
FDE33,19.35,Regular,0.049594299,Fruits and Vegetables,77.0644,OUT013,High,Tier 3,Supermarket Type1,7.731653315,Food
NCL29,9.695,Non-Edible,0.113939434,Health and Hygiene,160.2604,OUT046,Small,Tier 1,Supermarket Type1,7.550937125,Non-Consumable
NCO30,19.5,Non-Edible,0.027532258,Household,185.0608,OUT019,Small,Tier 1,Grocery Store,6.31405951,Non-Consumable
FDB16,8.21,Low Fat,0.045016894,Dairy,87.6198,OUT045,Small,Tier 2,Supermarket Type1,7.034262283,Food
FDF16,7.3,Low Fat,0.086307051,Frozen Foods,146.8076,OUT045,Small,Tier 2,Supermarket Type1,7.193887451,Food
FDL02,20,Regular,0.104083376,Canned,107.4622,OUT046,Small,Tier 1,Supermarket Type1,8.217756166,Food
FDO13,7.865,Low Fat,0.061154604,Breakfast,165.3526,OUT049,Medium,Tier 1,Supermarket Type1,7.049400838,Food
DRG27,8.895,Low Fat,0.184035253,Dairy,42.2138,OUT019,Small,Tier 1,Grocery Store,3.728431843,Drinks
FDX31,20.35,Regular,0.024815024,Fruits and Vegetables,234.0958,OUT010,Small,Tier 3,Grocery Store,6.149304698,Food
FDX11,16,Regular,0.106918052,Baking Goods,183.5634,OUT049,Medium,Tier 1,Supermarket Type1,8.461013959,Food
NCW41,18,Non-Edible,0.015438774,Health and Hygiene,158.0604,OUT049,Medium,Tier 1,Supermarket Type1,8.110327623,Non-Consumable
FDI52,18.7,Low Fat,0.105104552,Frozen Foods,121.7072,OUT018,Medium,Tier 3,Supermarket Type2,7.206806873,Food
FDN08,7.72,Regular,0.087936752,Fruits and Vegetables,115.9466,OUT027,Medium,Tier 3,Supermarket Type3,8.324974257,Food
DRD15,10.6,Low Fat,0.056795923,Dairy,232.8642,OUT046,Small,Tier 1,Supermarket Type1,8.156643034,Drinks
DRF01,5.655,Low Fat,0.176070535,Soft Drinks,144.0102,OUT017,Small,Tier 2,Supermarket Type1,7.467783782,Drinks
DRH15,8.775,Low Fat,0.19244045,Dairy,43.9428,OUT019,Small,Tier 1,Grocery Store,4.88905807,Drinks
FDX59,10.195,Low Fat,0.051871718,Breads,35.3558,OUT018,Medium,Tier 3,Supermarket Type2,5.475168153,Food
FDO37,8.06,Low Fat,0.035780177,Breakfast,230.2326,OUT010,Small,Tier 3,Grocery Store,6.542612873,Food
FDY56,16.35,Regular,0.104463896,Fruits and Vegetables,227.1062,OUT010,Small,Tier 3,Grocery Store,5.423654906,Food
FDR31,6.46,Regular,0.049162885,Fruits and Vegetables,146.9102,OUT046,Small,Tier 1,Supermarket Type1,7.547782551,Food
NCH54,13.5,Non-Edible,0.072655379,Household,157.792,OUT035,Small,Tier 2,Supermarket Type1,8.292999088,Non-Consumable
NCW06,16.2,Non-Edible,0.050442528,Household,190.8162,OUT045,Small,Tier 2,Supermarket Type1,7.899089214,Non-Consumable
NCC18,19.1,Non-Edible,0.177992139,Household,173.1422,OUT018,Medium,Tier 3,Supermarket Type2,7.983616514,Non-Consumable
DRJ23,18.35,Low Fat,0.048759334,Hard Drinks,188.1872,OUT027,Medium,Tier 3,Supermarket Type3,8.075732672,Drinks
FDO16,5.48,Low Fat,0.015131684,Frozen Foods,83.025,OUT049,Medium,Tier 1,Supermarket Type1,7.255467679,Food
FDB08,6.055,Low Fat,0.031151714,Fruits and Vegetables,158.7578,OUT049,Medium,Tier 1,Supermarket Type1,7.64345962,Food
NCZ53,9.6,Non-Edible,0.024456797,Health and Hygiene,186.6214,OUT013,High,Tier 3,Supermarket Type1,8.07220643,Non-Consumable
DRJ01,6.135,Low Fat,0.192540665,Soft Drinks,160.2236,OUT010,Small,Tier 3,Grocery Store,5.778417356,Drinks
DRE48,8.43,Low Fat,0.01732573,Soft Drinks,197.9768,OUT046,Small,Tier 1,Supermarket Type1,7.076198306,Drinks
DRA59,8.27,Regular,0.127821472,Soft Drinks,185.9924,OUT013,High,Tier 3,Supermarket Type1,6.321266731,Drinks
FDS27,10.195,Regular,0.012477512,Meat,197.111,OUT049,Medium,Tier 1,Supermarket Type1,6.667775795,Food
NCW29,14,Non-Edible,0.028980533,Health and Hygiene,129.531,OUT018,Medium,Tier 3,Supermarket Type2,7.639303606,Non-Consumable
DRN35,8.01,Low Fat,0.070356805,Hard Drinks,36.8532,OUT049,Medium,Tier 1,Supermarket Type1,6.628064127,Drinks
FDB09,16.25,Low Fat,0.057396092,Fruits and Vegetables,125.8046,OUT046,Small,Tier 1,Supermarket Type1,6.617439876,Food
FDV59,13.35,Low Fat,0.048017962,Breads,219.6166,OUT035,Small,Tier 2,Supermarket Type1,8.156069969,Food
FDD26,8.71,Regular,0.071806046,Canned,186.5924,OUT027,Medium,Tier 3,Supermarket Type3,8.553252605,Food
FDV55,17.75,Low Fat,0.05507343,Fruits and Vegetables,145.1444,OUT046,Small,Tier 1,Supermarket Type1,7.543208302,Food
FDH48,13.5,Low Fat,0.082137624,Baking Goods,88.054,OUT013,High,Tier 3,Supermarket Type1,7.100650735,Food
FDM51,11.8,Regular,0.025968835,Meat,102.4674,OUT010,Small,Tier 3,Grocery Store,5.321715483,Food
DRG48,5.78,Low Fat,0.014577695,Soft Drinks,147.2102,OUT049,Medium,Tier 1,Supermarket Type1,7.547782551,Drinks
FDP49,9,Regular,0.077711021,Breakfast,55.2614,OUT018,Medium,Tier 3,Supermarket Type2,6.316467693,Food
FDB03,17.75,Regular,0.156831826,Dairy,241.0538,OUT046,Small,Tier 1,Supermarket Type1,7.092381678,Food
FDL10,8.395,Low Fat,0.039538927,Snack Foods,98.7042,OUT013,High,Tier 3,Supermarket Type1,6.795524327,Food
FDJ32,10.695,Low Fat,0.057512481,Fruits and Vegetables,62.5536,OUT027,Medium,Tier 3,Supermarket Type3,7.373746871,Food
FDD11,12.85,Low Fat,0.030632116,Starchy Foods,253.004,OUT018,Medium,Tier 3,Supermarket Type2,8.241718966,Food
FDW13,8.5,Low Fat,0.098036903,Canned,51.5324,OUT049,Medium,Tier 1,Supermarket Type1,6.78428827,Food
FDA32,14,Low Fat,0.037278289,Fruits and Vegetables,216.9192,OUT017,Small,Tier 2,Supermarket Type1,8.775329454,Food
DRQ35,9.3,Low Fat,0.042377219,Hard Drinks,123.7388,OUT045,Small,Tier 2,Supermarket Type1,7.384551039,Drinks
DRI37,15.85,Low Fat,0.107597879,Soft Drinks,58.7904,OUT046,Small,Tier 1,Supermarket Type1,6.374861263,Drinks
FDU38,10.8,Low Fat,0.082549896,Dairy,193.7504,OUT046,Small,Tier 1,Supermarket Type1,8.434465629,Food
FDJ07,7.26,Low Fat,0.02414202,Meat,117.415,OUT010,Small,Tier 3,Grocery Store,6.146457729,Food
FDT38,18.7,Low Fat,0.057771828,Dairy,85.3566,OUT018,Medium,Tier 3,Supermarket Type2,6.385019342,Food
FDX02,16,Low Fat,0.057292529,Dairy,224.3404,OUT018,Medium,Tier 3,Supermarket Type2,8.412234373,Food
NCN18,8.895,Non-Edible,0.124610886,Household,113.1544,OUT013,High,Tier 3,Supermarket Type1,8.355019426,Non-Consumable
FDQ13,11.1,Low Fat,0.010663189,Canned,82.3908,OUT045,Small,Tier 2,Supermarket Type1,7.202849414,Food
DRP35,18.85,Low Fat,0.091237452,Hard Drinks,128.9336,OUT018,Medium,Tier 3,Supermarket Type2,7.154096472,Drinks
DRK47,7.905,Low Fat,0.064325351,Hard Drinks,230.2694,OUT018,Medium,Tier 3,Supermarket Type2,8.07033455,Drinks
DRI47,14.7,Low Fat,0.020920179,Hard Drinks,143.8128,OUT046,Small,Tier 1,Supermarket Type1,8.013365955,Drinks
FDK20,12.6,Regular,0.041641933,Fruits and Vegetables,121.1072,OUT045,Small,Tier 2,Supermarket Type1,6.888631173,Food
FDC34,16,Regular,0.173462841,Snack Foods,157.6972,OUT018,Medium,Tier 3,Supermarket Type2,7.993331905,Food
FDI15,13.8,Low Fat,0.24749009,Dairy,263.1884,OUT019,Small,Tier 1,Grocery Store,6.274718329,Food
FDG05,11,Regular,0.087421738,Frozen Foods,154.463,OUT027,Medium,Tier 3,Supermarket Type3,7.997594866,Food
FDK34,13.35,Low Fat,0.038744606,Snack Foods,239.3564,OUT017,Small,Tier 2,Supermarket Type1,8.039039061,Food
FDX50,20.1,Low Fat,0.124910635,Dairy,109.6228,OUT010,Small,Tier 3,Grocery Store,4.714229054,Food
FDP56,8.185,Low Fat,0.046673494,Fruits and Vegetables,48.4692,OUT018,Medium,Tier 3,Supermarket Type2,6.383895748,Food
NCX54,9.195,Non-Edible,0.048134591,Household,107.7622,OUT049,Medium,Tier 1,Supermarket Type1,6.273463627,Non-Consumable
FDI20,19.1,Low Fat,0.038720852,Fruits and Vegetables,210.8586,OUT018,Medium,Tier 3,Supermarket Type2,8.753491123,Food
FDH33,12.85,Low Fat,0.12241394,Snack Foods,42.9428,OUT017,Small,Tier 2,Supermarket Type1,6.556898803,Food
NCO29,11.15,Non-Edible,0.032321608,Health and Hygiene,165.6526,OUT045,Small,Tier 2,Supermarket Type1,7.182823733,Non-Consumable
FDK22,9.8,Low Fat,0.026139404,Snack Foods,216.785,OUT045,Small,Tier 2,Supermarket Type1,7.574797162,Food
DRO47,10.195,Low Fat,0.127596989,Hard Drinks,114.086,OUT046,Small,Tier 1,Supermarket Type1,7.502173241,Drinks
FDT19,7.59,Regular,0.144338493,Fruits and Vegetables,172.108,OUT027,Medium,Tier 3,Supermarket Type3,8.373022545,Food
FDY25,12,Low Fat,0.034166609,Canned,181.2976,OUT017,Small,Tier 2,Supermarket Type1,8.531437813,Food
FDS44,12.65,Regular,0.27321283,Fruits and Vegetables,240.9538,OUT019,Small,Tier 1,Grocery Store,6.177337291,Food
FDJ21,16.7,Regular,0.03858813,Snack Foods,144.6102,OUT049,Medium,Tier 1,Supermarket Type1,8.118098131,Food
FDO40,17.1,Low Fat,0.032628111,Frozen Foods,148.7392,OUT046,Small,Tier 1,Supermarket Type1,7.403384744,Food
FDL36,15.1,Low Fat,0.133198355,Baking Goods,91.083,OUT019,Small,Tier 1,Grocery Store,4.509572965,Food
FDJ21,16.7,Regular,0.038528228,Snack Foods,143.9102,OUT046,Small,Tier 1,Supermarket Type1,7.467783782,Food
FDD05,19.35,Low Fat,0.016705436,Frozen Foods,120.8098,OUT017,Small,Tier 2,Supermarket Type1,8.124231904,Food
FDS10,19.2,Low Fat,0.058893461,Snack Foods,178.9318,OUT010,Small,Tier 3,Grocery Store,5.200879826,Food
FDG14,9,Regular,0.050256161,Canned,150.9024,OUT027,Medium,Tier 3,Supermarket Type3,8.488521416,Food
FDN57,18.25,Low Fat,0.054234197,Snack Foods,142.0154,OUT046,Small,Tier 1,Supermarket Type1,7.727555551,Food
FDS47,16.75,Low Fat,0.12961476,Breads,86.1856,OUT017,Small,Tier 2,Supermarket Type1,7.24933559,Food
FDO40,17.1,Low Fat,0.054612768,Frozen Foods,150.2392,OUT010,Small,Tier 3,Grocery Store,6.392849342,Food
FDM50,13,Regular,0.030150193,Canned,61.422,OUT045,Small,Tier 2,Supermarket Type1,6.292120839,Food
FDF44,7.17,Regular,0.059849153,Fruits and Vegetables,129.4968,OUT045,Small,Tier 2,Supermarket Type1,8.129739932,Food
FDS21,19.85,Regular,0.034942397,Snack Foods,61.9194,OUT010,Small,Tier 3,Grocery Store,4.827023305,Food
NCJ06,20.1,Non-Edible,0.060672263,Household,119.8782,OUT019,Small,Tier 1,Grocery Store,5.477953655,Non-Consumable
FDX49,4.615,Regular,0.102038294,Canned,231.93,OUT045,Small,Tier 2,Supermarket Type1,7.849452515,Food
FDU33,7.63,Regular,0.135258515,Snack Foods,47.2402,OUT018,Medium,Tier 3,Supermarket Type2,6.824160604,Food
NCN06,8.39,Non-Edible,0.120396991,Household,163.4868,OUT013,High,Tier 3,Supermarket Type1,8.430988122,Non-Consumable
NCN53,5.175,Non-Edible,0.030527166,Health and Hygiene,33.5874,OUT017,Small,Tier 2,Supermarket Type1,6.455470853,Non-Consumable
NCE30,16,Non-Edible,0.099053537,Household,212.6902,OUT013,High,Tier 3,Supermarket Type1,6.458605646,Non-Consumable
FDN21,18.6,Low Fat,0.134564284,Snack Foods,159.8236,OUT019,Small,Tier 1,Grocery Store,5.778417356,Food
FDB52,17.75,Low Fat,0.030288215,Dairy,256.7672,OUT027,Medium,Tier 3,Supermarket Type3,8.377319995,Food
FDA26,7.855,Regular,0.073562475,Dairy,217.6482,OUT027,Medium,Tier 3,Supermarket Type3,8.097646299,Food
FDD23,9.5,Regular,0.048883854,Starchy Foods,185.7898,OUT018,Medium,Tier 3,Supermarket Type2,7.87102776,Food
FDH57,10.895,Low Fat,0.035893143,Fruits and Vegetables,131.3284,OUT018,Medium,Tier 3,Supermarket Type2,7.184844444,Food
FDO15,16.75,Regular,0.014998914,Meat,72.4038,OUT019,Small,Tier 1,Grocery Store,5.405876763,Food
FDY49,17.2,Regular,0.012012071,Canned,163.1184,OUT046,Small,Tier 1,Supermarket Type1,8.439083574,Food
FDP20,19.85,Low Fat,0.045855273,Fruits and Vegetables,127.102,OUT018,Medium,Tier 3,Supermarket Type2,7.479879932,Food
DRG11,6.385,Low Fat,0.14032811,Hard Drinks,109.1596,OUT010,Small,Tier 3,Grocery Store,4.690058979,Drinks
DRJ59,11.65,Low Fat,0.019402371,Hard Drinks,38.7164,OUT049,Medium,Tier 1,Supermarket Type1,6.363452152,Drinks
FDP34,12.85,Low Fat,0.163181038,Snack Foods,155.463,OUT035,Small,Tier 2,Supermarket Type1,8.311161887,Food
FDY04,17.7,Regular,0.042716709,Frozen Foods,163.221,OUT017,Small,Tier 2,Supermarket Type1,7.492944685,Food
FDV11,9.1,Regular,0.081794766,Breads,173.6054,OUT049,Medium,Tier 1,Supermarket Type1,6.553109133,Food
FDG20,15.5,Regular,0.125942816,Fruits and Vegetables,176.0028,OUT045,Small,Tier 2,Supermarket Type1,7.123446813,Food
NCH55,16.35,Non-Edible,0.04292132,Household,127.902,OUT017,Small,Tier 2,Supermarket Type1,7.673936355,Non-Consumable
FDV34,10.695,Regular,0.011472001,Snack Foods,75.2038,OUT018,Medium,Tier 3,Supermarket Type2,6.250605546,Food
FDT44,16.6,Low Fat,0.103146658,Fruits and Vegetables,117.2466,OUT049,Medium,Tier 1,Supermarket Type1,7.714269269,Food
FDG35,21.2,Regular,0.012327847,Starchy Foods,173.8738,OUT019,Small,Tier 1,Grocery Store,5.853774806,Food
FDG08,13.15,Regular,0.166032929,Fruits and Vegetables,170.8764,OUT018,Medium,Tier 3,Supermarket Type2,7.711590698,Food
FDX52,11.5,Regular,0.04224015,Frozen Foods,194.982,OUT017,Small,Tier 2,Supermarket Type1,8.036027336,Food
NCH54,13.5,Non-Edible,0.072317217,Household,160.792,OUT027,Medium,Tier 3,Supermarket Type3,8.209639241,Non-Consumable
FDU24,6.78,Regular,0.139484292,Baking Goods,94.312,OUT027,Medium,Tier 3,Supermarket Type3,7.831110598,Food
FDW03,5.63,Regular,0.024536636,Meat,106.1306,OUT035,Small,Tier 2,Supermarket Type1,7.64569034,Food
FDV01,19.2,Regular,0.085296625,Canned,153.4314,OUT018,Medium,Tier 3,Supermarket Type2,7.529716184,Food
FDQ39,14.8,Low Fat,0.080649685,Meat,189.9846,OUT027,Medium,Tier 3,Supermarket Type3,8.718615691,Food
FDA16,6.695,Low Fat,0.033931155,Frozen Foods,219.4456,OUT046,Small,Tier 1,Supermarket Type1,8.037749432,Food
FDO12,15.75,Low Fat,0.054930533,Baking Goods,194.4452,OUT046,Small,Tier 1,Supermarket Type1,8.53510682,Food
FDM44,12.5,Low Fat,0.031097948,Fruits and Vegetables,103.899,OUT049,Medium,Tier 1,Supermarket Type1,7.581608013,Food
FDT03,21.25,Low Fat,0.016735879,Meat,185.2608,OUT010,Small,Tier 3,Grocery Store,5.219062015,Food
NCQ18,15.75,Non-Edible,0.134418705,Household,99.67,OUT027,Medium,Tier 3,Supermarket Type3,7.86235092,Non-Consumable
NCL18,18.85,Non-Edible,0.168266556,Household,195.5136,OUT018,Medium,Tier 3,Supermarket Type2,7.467783782,Non-Consumable
NCJ06,20.1,Non-Edible,0.034646067,Household,120.6782,OUT035,Small,Tier 2,Supermarket Type1,7.179277634,Non-Consumable
NCQ05,11.395,Non-Edible,0.021639678,Health and Hygiene,150.1708,OUT049,Medium,Tier 1,Supermarket Type1,7.904509947,Non-Consumable
FDS35,9.3,Low Fat,0.11144608,Breads,64.6826,OUT045,Small,Tier 2,Supermarket Type1,7.00206878,Food
NCI18,18.35,Non-Edible,0.013956116,Household,222.3746,OUT027,Medium,Tier 3,Supermarket Type3,8.632371059,Non-Consumable
NCO55,12.8,Non-Edible,0.152377658,Others,108.1938,OUT010,Small,Tier 3,Grocery Store,6.063262281,Non-Consumable
FDW24,6.8,Low Fat,0.037465846,Baking Goods,47.5034,OUT013,High,Tier 3,Supermarket Type1,6.28345744,Food
NCS05,11.5,Non-Edible,0.020876485,Health and Hygiene,133.7942,OUT027,Medium,Tier 3,Supermarket Type3,7.452068637,Non-Consumable
FDO48,15,Regular,0.0268952,Baking Goods,220.3456,OUT045,Small,Tier 2,Supermarket Type1,7.596096128,Food
FDT35,19.85,Regular,0.081916124,Breads,167.6816,OUT017,Small,Tier 2,Supermarket Type1,7.52110009,Food
DRN11,7.85,Low Fat,0.163233667,Hard Drinks,144.6444,OUT049,Medium,Tier 1,Supermarket Type1,7.811347647,Drinks
FDY57,20.2,Regular,0.121748174,Snack Foods,96.9752,OUT018,Medium,Tier 3,Supermarket Type2,7.453998393,Food
DRE27,11.85,Low Fat,0.132939639,Dairy,98.0726,OUT045,Small,Tier 2,Supermarket Type1,7.474605861,Drinks
FDM24,6.135,Regular,0.079327367,Baking Goods,152.8366,OUT046,Small,Tier 1,Supermarket Type1,7.962971221,Food
FDX09,9,Low Fat,0.065194971,Snack Foods,177.737,OUT013,High,Tier 3,Supermarket Type1,7.658342723,Food
FDY45,17.5,Low Fat,0.026248606,Snack Foods,255.1356,OUT018,Medium,Tier 3,Supermarket Type2,8.246966942,Food
FDF41,12.15,Low Fat,0.131921819,Frozen Foods,246.346,OUT017,Small,Tier 2,Supermarket Type1,6.606701536,Food
FDG05,11,Regular,0.087764726,Frozen Foods,155.263,OUT049,Medium,Tier 1,Supermarket Type1,6.440710468,Food
FDF05,17.5,Low Fat,0.026865809,Frozen Foods,261.691,OUT035,Small,Tier 2,Supermarket Type1,8.344946156,Food
FDU19,8.77,Regular,0.046544984,Fruits and Vegetables,172.0422,OUT027,Medium,Tier 3,Supermarket Type3,8.482473705,Food
DRH39,20.7,Low Fat,0.092241348,Dairy,75.867,OUT027,Medium,Tier 3,Supermarket Type3,7.804310133,Drinks
FDP57,17.5,Low Fat,0.052740763,Snack Foods,103.799,OUT017,Small,Tier 2,Supermarket Type1,7.035434959,Food
FDE58,18.5,Low Fat,0.052087534,Snack Foods,119.8124,OUT027,Medium,Tier 3,Supermarket Type3,7.414677454,Food
DRD15,10.6,Low Fat,0.056748659,Dairy,233.6642,OUT013,High,Tier 3,Supermarket Type1,8.281772433,Drinks
FDJ52,7.145,Low Fat,0.017822936,Frozen Foods,161.3578,OUT045,Small,Tier 2,Supermarket Type1,7.024831042,Food
FDS01,11.6,Low Fat,0.017659068,Canned,175.9686,OUT027,Medium,Tier 3,Supermarket Type3,8.677160715,Food
FDZ47,20.7,Regular,0.07929647,Baking Goods,97.2042,OUT046,Small,Tier 1,Supermarket Type1,7.430986474,Food
FDG35,21.2,Regular,0.007006883,Starchy Foods,173.5738,OUT027,Medium,Tier 3,Supermarket Type3,7.104486352,Food
FDY45,17.5,Low Fat,0.026195131,Snack Foods,252.6356,OUT045,Small,Tier 2,Supermarket Type1,7.841632852,Food
FDY04,17.7,Regular,0.042542484,Frozen Foods,161.921,OUT049,Medium,Tier 1,Supermarket Type1,7.659913074,Food
FDY47,8.6,Regular,0.054474158,Breads,131.031,OUT035,Small,Tier 2,Supermarket Type1,6.946637473,Food
FDE28,9.5,Regular,0.195483698,Frozen Foods,228.4668,OUT049,Medium,Tier 1,Supermarket Type1,8.27314148,Food
FDJ27,17.7,Regular,0.122372504,Meat,101.5674,OUT018,Medium,Tier 3,Supermarket Type2,7.396874044,Food
FDH58,12.3,Low Fat,0.037148619,Snack Foods,116.8834,OUT017,Small,Tier 2,Supermarket Type1,7.882397255,Food
NCV42,6.26,Non-Edible,0.052593952,Household,111.0228,OUT010,Small,Tier 3,Grocery Store,5.402882766,Non-Consumable
NCQ54,17.7,Non-Edible,0.012593467,Household,167.6474,OUT018,Medium,Tier 3,Supermarket Type2,8.262375829,Non-Consumable
FDL44,18.25,Low Fat,0.012325122,Fruits and Vegetables,162.8894,OUT018,Medium,Tier 3,Supermarket Type2,6.474133877,Food
FDY50,5.8,Low Fat,0.131489269,Dairy,89.7172,OUT018,Medium,Tier 3,Supermarket Type2,7.38206811,Food
FDR59,14.5,Regular,0.064224789,Breads,262.7594,OUT017,Small,Tier 2,Supermarket Type1,8.863022061,Food
FDH35,18.25,Low Fat,0.060589424,Starchy Foods,162.5526,OUT017,Small,Tier 2,Supermarket Type1,6.895394802,Food
FDX08,12.85,Low Fat,0.022649893,Fruits and Vegetables,179.3318,OUT045,Small,Tier 2,Supermarket Type1,7.142054454,Food
FDL20,17.1,Low Fat,0.128390273,Fruits and Vegetables,111.9886,OUT035,Small,Tier 2,Supermarket Type1,7.276868802,Food
FDB27,7.575,Low Fat,0.055476238,Dairy,196.8768,OUT049,Medium,Tier 1,Supermarket Type1,7.076198306,Food
FDA56,9.21,Low Fat,0.008757492,Fruits and Vegetables,120.8414,OUT013,High,Tier 3,Supermarket Type1,7.636416214,Food
FDV39,11.3,Low Fat,0.007273831,Meat,196.6426,OUT013,High,Tier 3,Supermarket Type1,8.545257207,Food
FDU38,10.8,Low Fat,0.144534212,Dairy,190.6504,OUT019,Small,Tier 1,Grocery Store,6.356543677,Food
FDT55,13.6,Regular,0.043743689,Fruits and Vegetables,157.7946,OUT045,Small,Tier 2,Supermarket Type1,7.008109263,Food
FDS24,20.85,Regular,0.062477955,Baking Goods,87.2514,OUT018,Medium,Tier 3,Supermarket Type2,7.317460585,Food
FDS15,9.195,Regular,0.078060601,Meat,106.3596,OUT046,Small,Tier 1,Supermarket Type1,7.97701057,Food
FDF05,17.5,Low Fat,0.026740767,Frozen Foods,261.291,OUT027,Medium,Tier 3,Supermarket Type3,8.6168233,Food
DRP47,15.75,Low Fat,0.140821917,Hard Drinks,252.9382,OUT049,Medium,Tier 1,Supermarket Type1,7.929025726,Drinks
FDA25,16.5,Regular,0.068403271,Canned,101.999,OUT018,Medium,Tier 3,Supermarket Type2,6.430032332,Food
FDA19,7.52,Low Fat,0.064423616,Fruits and Vegetables,126.6994,OUT019,Small,Tier 1,Grocery Store,5.552954934,Food
NCM26,20.5,Non-Edible,0.02312394,Others,154.634,OUT013,High,Tier 3,Supermarket Type1,7.73979881,Non-Consumable
FDS46,17.6,Regular,0.047449835,Snack Foods,118.1782,OUT018,Medium,Tier 3,Supermarket Type2,7.872043632,Food
DRH15,8.775,Low Fat,0.110359004,Dairy,42.7428,OUT018,Medium,Tier 3,Supermarket Type2,6.674524017,Drinks
NCR05,10.1,Non-Edible,0.054620504,Health and Hygiene,197.5084,OUT035,Small,Tier 2,Supermarket Type1,7.998713685,Non-Consumable
NCY17,18.2,Non-Edible,0.163117891,Health and Hygiene,44.1086,OUT045,Small,Tier 2,Supermarket Type1,7.017698777,Non-Consumable
FDZ01,8.975,Regular,0.009051307,Canned,103.099,OUT013,High,Tier 3,Supermarket Type1,5.738496252,Food
FDP31,21.1,Regular,0.160722863,Fruits and Vegetables,65.7168,OUT027,Medium,Tier 3,Supermarket Type3,7.713377209,Food
FDE57,9.6,Low Fat,0.03625493,Fruits and Vegetables,141.0154,OUT013,High,Tier 3,Supermarket Type1,7.89933625,Food
FDZ44,8.185,Low Fat,0.064824502,Fruits and Vegetables,116.0808,OUT010,Small,Tier 3,Grocery Store,5.461123055,Food
NCP53,14.75,Non-Edible,0.033024328,Health and Hygiene,236.6906,OUT018,Medium,Tier 3,Supermarket Type2,8.03624276,Non-Consumable
NCA06,20.5,Non-Edible,0.143574191,Household,37.219,OUT045,Small,Tier 2,Supermarket Type1,6.167615019,Non-Consumable
FDP22,14.65,Regular,0.099333217,Snack Foods,51.3666,OUT045,Small,Tier 2,Supermarket Type1,6.982490326,Food
FDW37,19.2,Low Fat,0.12475207,Canned,90.9488,OUT017,Small,Tier 2,Supermarket Type1,6.453375519,Food
NCS30,5.945,Non-Edible,0.093170838,Household,127.3652,OUT049,Medium,Tier 1,Supermarket Type1,7.346643816,Non-Consumable
FDB40,17.5,Regular,0.007538459,Dairy,144.2102,OUT035,Small,Tier 2,Supermarket Type1,8.314755193,Food
FDC51,10.895,Regular,0.009676286,Dairy,122.873,OUT017,Small,Tier 2,Supermarket Type1,8.146084292,Food
FDC11,20.5,Low Fat,0.141792841,Starchy Foods,89.7172,OUT046,Small,Tier 1,Supermarket Type1,7.056885032,Food
FDC59,16.7,Regular,0.05436436,Starchy Foods,63.8168,OUT027,Medium,Tier 3,Supermarket Type3,6.866674918,Food
FDE14,13.65,Regular,0.031573246,Canned,99.47,OUT018,Medium,Tier 3,Supermarket Type2,5.705813744,Food
NCT41,15.7,Non-Edible,0.055943697,Health and Hygiene,150.6024,OUT013,High,Tier 3,Supermarket Type1,7.795580032,Non-Consumable
FDP52,18.7,Regular,0.070778105,Frozen Foods,229.201,OUT035,Small,Tier 2,Supermarket Type1,8.076146708,Food
DRA24,19.35,Regular,0.066831682,Soft Drinks,163.8868,OUT010,Small,Tier 3,Grocery Store,5.794760862,Drinks
FDC40,16,Regular,0.065165046,Dairy,79.3986,OUT049,Medium,Tier 1,Supermarket Type1,6.754469592,Food
NCA42,6.965,Non-Edible,0.034968292,Household,159.4604,OUT013,High,Tier 3,Supermarket Type1,8.06155248,Non-Consumable
FDT27,11.395,Regular,0.069728296,Meat,233.9616,OUT045,Small,Tier 2,Supermarket Type1,7.24933559,Food
NCW54,7.5,Non-Edible,0.09660879,Household,56.9588,OUT045,Small,Tier 2,Supermarket Type1,6.613873226,Non-Consumable
DRB13,6.115,Regular,0.007038478,Soft Drinks,189.253,OUT013,High,Tier 3,Supermarket Type1,8.190439536,Drinks
FDY02,8.945,Regular,0.153456703,Dairy,264.091,OUT019,Small,Tier 1,Grocery Store,5.575915012,Food
FDS59,14.8,Regular,0.043982464,Breads,110.657,OUT045,Small,Tier 2,Supermarket Type1,7.995353468,Food
FDR49,8.71,Low Fat,0.139202085,Canned,46.1376,OUT035,Small,Tier 2,Supermarket Type1,5.95194587,Food
FDY40,15.5,Regular,0.086184647,Frozen Foods,50.9692,OUT018,Medium,Tier 3,Supermarket Type2,5.97927455,Food
FDL48,19.35,Regular,0.082250863,Baking Goods,48.7034,OUT035,Small,Tier 2,Supermarket Type1,6.28345744,Food
DRI01,7.97,Low Fat,0.034286109,Soft Drinks,173.1422,OUT027,Medium,Tier 3,Supermarket Type3,8.517557885,Drinks
FDZ52,19.2,Low Fat,0.100482186,Frozen Foods,111.8886,OUT018,Medium,Tier 3,Supermarket Type2,7.419877462,Food
FDK32,16.25,Regular,0.049051717,Fruits and Vegetables,152.4682,OUT049,Medium,Tier 1,Supermarket Type1,7.79995461,Food
FDK51,19.85,Low Fat,0.005230786,Dairy,265.1884,OUT013,High,Tier 3,Supermarket Type1,8.524323629,Food
FDP28,13.65,Regular,0.08062523,Frozen Foods,259.6936,OUT035,Small,Tier 2,Supermarket Type1,7.644416252,Food
DRZ24,7.535,Low Fat,0.081787519,Soft Drinks,120.844,OUT046,Small,Tier 1,Supermarket Type1,7.677026113,Drinks
FDG04,13.1,Low Fat,0.010615026,Frozen Foods,185.1898,OUT019,Small,Tier 1,Grocery Store,5.927404845,Food
FDF58,13.3,Low Fat,0.009534758,Snack Foods,64.551,OUT027,Medium,Tier 3,Supermarket Type3,7.092381678,Food
FDI21,5.59,Regular,0.056602818,Snack Foods,63.2168,OUT046,Small,Tier 1,Supermarket Type1,7.453998393,Food
FDZ43,11,Regular,0.057047756,Fruits and Vegetables,240.4512,OUT035,Small,Tier 2,Supermarket Type1,8.857826018,Food
FDI57,19.85,Low Fat,0.05410964,Seafood,195.0768,OUT049,Medium,Tier 1,Supermarket Type1,7.586685881,Food
FDV03,17.6,Low Fat,0.058209079,Meat,153.6314,OUT045,Small,Tier 2,Supermarket Type1,8.570822599,Food
FDT12,6.215,Regular,0.083056555,Baking Goods,224.4062,OUT010,Small,Tier 3,Grocery Store,5.423654906,Food
FDF29,15.1,Regular,0.020015391,Frozen Foods,128.831,OUT018,Medium,Tier 3,Supermarket Type2,7.505840949,Food
FDU02,13.35,Low Fat,0.102426197,Dairy,230.6352,OUT013,High,Tier 3,Supermarket Type1,8.652926159,Food
FDD23,9.5,Regular,0.048761223,Starchy Foods,186.5898,OUT049,Medium,Tier 1,Supermarket Type1,8.563984101,Food
FDN04,11.8,Regular,0.01410134,Frozen Foods,179.2344,OUT035,Small,Tier 2,Supermarket Type1,7.669594592,Food
FDG29,17.6,Low Fat,0.056281276,Frozen Foods,40.3454,OUT035,Small,Tier 2,Supermarket Type1,6.682061729,Food
FDK51,19.85,Low Fat,0.008762556,Dairy,266.6884,OUT010,Small,Tier 3,Grocery Store,5.583452699,Food
FDB53,13.35,Low Fat,0.139669224,Frozen Foods,147.6392,OUT049,Medium,Tier 1,Supermarket Type1,7.570345103,Food
DRI23,18.85,Low Fat,0.137972993,Hard Drinks,158.4578,OUT017,Small,Tier 2,Supermarket Type1,7.27594778,Drinks
FDP57,17.5,Low Fat,0.052595798,Snack Foods,102.999,OUT046,Small,Tier 1,Supermarket Type1,8.004289076,Food
FDY57,20.2,Regular,0.121940099,Snack Foods,95.3752,OUT017,Small,Tier 2,Supermarket Type1,7.048822803,Food
NCT42,5.88,Non-Edible,0.024926013,Household,149.9392,OUT049,Medium,Tier 1,Supermarket Type1,7.308135481,Non-Consumable
FDZ21,17.6,Regular,0.039031927,Snack Foods,95.641,OUT027,Medium,Tier 3,Supermarket Type3,7.460914842,Food
FDC50,15.85,Low Fat,0.13727,Canned,94.4094,OUT017,Small,Tier 2,Supermarket Type1,7.55233597,Food
FDT40,5.985,Low Fat,0.095989602,Frozen Foods,127.3678,OUT045,Small,Tier 2,Supermarket Type1,6.233765812,Food
FDD50,18.85,Low Fat,0.142443405,Canned,170.4132,OUT017,Small,Tier 2,Supermarket Type1,8.388892256,Food
DRI23,18.85,Low Fat,0.137410256,Hard Drinks,161.7578,OUT049,Medium,Tier 1,Supermarket Type1,7.381239095,Drinks
FDQ46,7.51,Low Fat,0.104400238,Snack Foods,113.5544,OUT017,Small,Tier 2,Supermarket Type1,6.797756467,Food
NCW06,16.2,Non-Edible,0.058968196,Household,190.8162,OUT035,Small,Tier 2,Supermarket Type1,8.093179741,Non-Consumable
NCX06,17.6,Non-Edible,0.015750947,Household,182.5976,OUT018,Medium,Tier 3,Supermarket Type2,7.396874044,Non-Consumable
NCE19,8.97,Non-Edible,0.092937216,Household,54.6956,OUT013,High,Tier 3,Supermarket Type1,6.640318089,Non-Consumable
FDI60,7.22,Regular,0.03828933,Baking Goods,64.751,OUT013,High,Tier 3,Supermarket Type1,4.848132051,Food
FDC47,15,Low Fat,0.208162156,Snack Foods,228.1694,OUT019,Small,Tier 1,Grocery Store,5.435333804,Food
FDE02,8.71,Low Fat,0.121936216,Canned,94.4778,OUT017,Small,Tier 2,Supermarket Type1,7.874578808,Food
FDE11,17.7,Regular,0.135646297,Starchy Foods,186.0924,OUT018,Medium,Tier 3,Supermarket Type2,8.165578452,Food
FDP11,15.85,Low Fat,0.069240685,Breads,217.5166,OUT045,Small,Tier 2,Supermarket Type1,6.483336377,Food
FDB08,6.055,Low Fat,0.03127929,Fruits and Vegetables,160.3578,OUT017,Small,Tier 2,Supermarket Type1,7.786496572,Food
FDL48,19.35,Regular,0.08186804,Baking Goods,46.8034,OUT027,Medium,Tier 3,Supermarket Type3,6.975670717,Food
FDH26,19.25,Regular,0.034753686,Canned,141.5496,OUT049,Medium,Tier 1,Supermarket Type1,7.589383571,Food
FDI33,16.5,Low Fat,0.028476451,Snack Foods,91.0146,OUT045,Small,Tier 2,Supermarket Type1,7.221995783,Food
FDQ26,13.5,Regular,0.067872402,Dairy,57.8562,OUT046,Small,Tier 1,Supermarket Type1,5.876438582,Food
FDN03,9.8,Regular,0.026420581,Meat,250.9408,OUT019,Small,Tier 1,Grocery Store,6.910115691,Food
FDO13,7.865,Low Fat,0.061183503,Breakfast,164.5526,OUT045,Small,Tier 2,Supermarket Type1,7.405815369,Food
NCJ29,10.6,Non-Edible,0.035247642,Health and Hygiene,84.7224,OUT049,Medium,Tier 1,Supermarket Type1,7.390320678,Non-Consumable
FDE52,12.87542024,Regular,0.02974207,Dairy,88.9514,OUT027,Medium,Tier 3,Supermarket Type3,8.14743434,Food
FDA52,16.2,Regular,0.128397995,Frozen Foods,178.337,OUT035,Small,Tier 2,Supermarket Type1,7.253113631,Food
FDF57,14.5,Regular,0.058918844,Fruits and Vegetables,169.7448,OUT049,Medium,Tier 1,Supermarket Type1,8.083159212,Food
NCO26,7.235,Non-Edible,0.076791671,Household,116.4492,OUT013,High,Tier 3,Supermarket Type1,7.748453121,Non-Consumable
DRL59,16.75,Low Fat,0.021220113,Hard Drinks,55.1298,OUT035,Small,Tier 2,Supermarket Type1,7.123983293,Drinks
FDC60,5.425,Regular,0.2004264,Baking Goods,88.8514,OUT019,Small,Tier 1,Grocery Store,5.585952688,Food
DRD25,6.135,Low Fat,0.078589629,Soft Drinks,113.286,OUT027,Medium,Tier 3,Supermarket Type3,7.907454371,Drinks
FDB26,14,Regular,0.031261583,Canned,52.564,OUT035,Small,Tier 2,Supermarket Type1,6.461730642,Food
FDK51,19.85,Low Fat,0.005235143,Dairy,265.8884,OUT046,Small,Tier 1,Supermarket Type1,7.882648448,Food
FDE53,10.895,Low Fat,0.027032204,Frozen Foods,106.328,OUT017,Small,Tier 2,Supermarket Type1,6.749022116,Food
FDV24,5.635,Low Fat,0.172856719,Baking Goods,148.205,OUT010,Small,Tier 3,Grocery Store,6.11016938,Food
FDI34,10.65,Regular,0.085617517,Snack Foods,229.3668,OUT017,Small,Tier 2,Supermarket Type1,7.74269191,Food
FDL36,15.1,Low Fat,0.127334766,Baking Goods,88.283,OUT010,Small,Tier 3,Grocery Store,4.509572965,Food
NCA54,16.5,Non-Edible,0.036641597,Household,178.7318,OUT046,Small,Tier 1,Supermarket Type1,7.142054454,Non-Consumable
FDI38,13.35,Regular,0.014656564,Canned,208.5638,OUT045,Small,Tier 2,Supermarket Type1,7.731361174,Food
FDG31,12.15,Low Fat,0.037864854,Meat,63.0826,OUT013,High,Tier 3,Supermarket Type1,5.780474961,Food
FDA21,13.65,Low Fat,0.036016619,Snack Foods,186.3924,OUT049,Medium,Tier 1,Supermarket Type1,7.167536826,Food
FDI09,20.75,Regular,0.12953868,Seafood,240.288,OUT049,Medium,Tier 1,Supermarket Type1,7.782340293,Food
FDI20,19.1,Low Fat,0.038531668,Fruits and Vegetables,210.6586,OUT013,High,Tier 3,Supermarket Type1,8.610414573,Food
DRI51,17.25,Low Fat,0.047973763,Dairy,171.5764,OUT045,Small,Tier 2,Supermarket Type1,8.442246086,Drinks
DRZ11,8.85,Regular,0.112119359,Soft Drinks,123.0388,OUT027,Medium,Tier 3,Supermarket Type3,7.592074003,Drinks
FDY07,11.8,Low Fat,0.121879573,Fruits and Vegetables,45.9402,OUT027,Medium,Tier 3,Supermarket Type3,6.772924528,Food
FDC58,10.195,Low Fat,0.041907414,Snack Foods,43.8428,OUT013,High,Tier 3,Supermarket Type1,5.174856241,Food
NCC30,16.6,Non-Edible,0.027556247,Household,176.6344,OUT013,High,Tier 3,Supermarket Type1,7.582625652,Non-Consumable
FDY03,17.6,Regular,0.076058484,Meat,111.8202,OUT013,High,Tier 3,Supermarket Type1,7.613998136,Food
FDZ44,8.185,Low Fat,0.038729057,Fruits and Vegetables,117.1808,OUT046,Small,Tier 1,Supermarket Type1,7.536839985,Food
FDP28,13.65,Regular,0.080804019,Frozen Foods,261.1936,OUT045,Small,Tier 2,Supermarket Type1,7.762146096,Food
DRD15,10.6,Low Fat,0.056884225,Dairy,231.9642,OUT049,Medium,Tier 1,Supermarket Type1,8.013586316,Drinks
FDL08,10.8,Low Fat,0.050000257,Fruits and Vegetables,243.9144,OUT017,Small,Tier 2,Supermarket Type1,8.445970751,Food
FDP25,15.2,Low Fat,0.021207519,Canned,219.4824,OUT046,Small,Tier 1,Supermarket Type1,7.466261423,Food
DRK59,8.895,Low Fat,0.085688268,Hard Drinks,232.9616,OUT045,Small,Tier 2,Supermarket Type1,7.942127384,Drinks
DRJ24,11.8,Low Fat,0.113307794,Soft Drinks,187.0924,OUT035,Small,Tier 2,Supermarket Type1,7.523980378,Drinks
FDU33,7.63,Regular,0.225476528,Snack Foods,45.1402,OUT010,Small,Tier 3,Grocery Store,3.848874451,Food
FDX47,6.55,Regular,0.034800079,Breads,157.5288,OUT017,Small,Tier 2,Supermarket Type1,7.360287162,Food
FDR46,16.85,Low Fat,0.139301634,Snack Foods,144.976,OUT013,High,Tier 3,Supermarket Type1,7.931659826,Food
FDZ56,16.25,Low Fat,0.025612348,Fruits and Vegetables,168.2474,OUT027,Medium,Tier 3,Supermarket Type3,8.071374916,Food
NCO26,7.235,Non-Edible,0.077290355,Household,116.9492,OUT017,Small,Tier 2,Supermarket Type1,7.748453121,Non-Consumable
FDV38,19.25,Low Fat,0.1017546,Dairy,55.1956,OUT035,Small,Tier 2,Supermarket Type1,6.199210969,Food
FDL13,13.85,Regular,0.094265737,Breakfast,233.93,OUT010,Small,Tier 3,Grocery Store,5.455449312,Food
FDD57,18.1,Low Fat,0.022380952,Fruits and Vegetables,93.6094,OUT013,High,Tier 3,Supermarket Type1,6.167615019,Food
FDE46,18.6,Low Fat,0.01575657,Snack Foods,153.1366,OUT013,High,Tier 3,Supermarket Type1,8.063021525,Food
FDB28,6.615,Low Fat,0.156307983,Dairy,196.3426,OUT010,Small,Tier 3,Grocery Store,6.674524017,Food
FDC41,15.6,Low Fat,0.195688803,Frozen Foods,77.367,OUT010,Small,Tier 3,Grocery Store,5.037822354,Food
DRI23,18.85,Low Fat,0.13747519,Hard Drinks,158.6578,OUT045,Small,Tier 2,Supermarket Type1,8.122850143,Drinks
FDL33,7.235,Low Fat,0.113360467,Snack Foods,197.2452,OUT035,Small,Tier 2,Supermarket Type1,7.762146096,Food
FDS03,7.825,Low Fat,0.07962861,Meat,63.4826,OUT046,Small,Tier 1,Supermarket Type1,7.60243159,Food
NCY18,7.285,Non-Edible,0.03100078,Household,177.0054,OUT027,Medium,Tier 3,Supermarket Type3,7.650770519,Non-Consumable
FDE50,19.7,Regular,0.016202582,Canned,188.2556,OUT035,Small,Tier 2,Supermarket Type1,8.125808724,Food
FDT02,12.6,Low Fat,0.024190156,Dairy,34.4874,OUT035,Small,Tier 2,Supermarket Type1,6.204605438,Food
FDI34,10.65,Regular,0.085308611,Snack Foods,230.2668,OUT045,Small,Tier 2,Supermarket Type1,8.658722267,Food
FDO15,16.75,Regular,0.008564925,Meat,73.2038,OUT035,Small,Tier 2,Supermarket Type1,7.247915137,Food
DRI39,13.8,Low Fat,0.097457483,Dairy,55.393,OUT018,Medium,Tier 3,Supermarket Type2,6.927238247,Drinks
NCO14,9.6,Non-Edible,0.029619203,Household,43.6086,OUT013,High,Tier 3,Supermarket Type1,6.438583943,Non-Consumable
NCN19,13.1,Non-Edible,0.013937662,Others,189.253,OUT046,Small,Tier 1,Supermarket Type1,7.325823302,Non-Consumable
DRJ25,14.6,Low Fat,0.150872868,Soft Drinks,47.5692,OUT045,Small,Tier 2,Supermarket Type1,7.230228268,Drinks
FDE10,6.67,Regular,0.09031453,Snack Foods,130.5626,OUT018,Medium,Tier 3,Supermarket Type2,7.074509119,Food
FDQ08,15.7,Regular,0.018930352,Fruits and Vegetables,59.4536,OUT046,Small,Tier 1,Supermarket Type1,6.755245386,Food
NCQ43,17.75,Non-Edible,0.111209003,Others,107.7912,OUT013,High,Tier 3,Supermarket Type1,6.891342117,Non-Consumable
FDY57,20.2,Regular,0.121153331,Snack Foods,97.3752,OUT013,High,Tier 3,Supermarket Type1,6.866674918,Food
FDQ34,10.85,Low Fat,0.163160327,Snack Foods,107.4622,OUT017,Small,Tier 2,Supermarket Type1,7.435317187,Food
NCG19,20.25,Non-Edible,0.148163564,Household,232.7616,OUT049,Medium,Tier 1,Supermarket Type1,7.536839985,Non-Consumable
FDI33,16.5,Low Fat,0.028281197,Snack Foods,90.2146,OUT027,Medium,Tier 3,Supermarket Type3,8.202368467,Food
FDW27,5.86,Regular,0.150853308,Meat,156.0314,OUT046,Small,Tier 1,Supermarket Type1,7.609717592,Food
FDH04,6.115,Regular,0.011437302,Frozen Foods,92.4488,OUT017,Small,Tier 2,Supermarket Type1,7.214675113,Food
FDZ39,19.7,Regular,0.018024769,Meat,104.499,OUT046,Small,Tier 1,Supermarket Type1,6.940212789,Food
NCK19,9.8,Non-Edible,0.090448534,Others,194.5478,OUT035,Small,Tier 2,Supermarket Type1,6.65414118,Non-Consumable
FDY20,12.5,Regular,0.08175276,Fruits and Vegetables,89.0488,OUT046,Small,Tier 1,Supermarket Type1,7.145734791,Food
FDN39,19.35,Regular,0.109667698,Meat,166.0816,OUT010,Small,Tier 3,Grocery Store,6.510446418,Food
NCY41,16.75,Non-Edible,0.075735621,Health and Hygiene,34.5532,OUT046,Small,Tier 1,Supermarket Type1,5.782528342,Non-Consumable
NCN14,19.1,Non-Edible,0.091917786,Others,182.7608,OUT046,Small,Tier 1,Supermarket Type1,7.516764043,Non-Consumable
FDR07,21.35,Low Fat,0.130127365,Fruits and Vegetables,96.2094,OUT010,Small,Tier 3,Grocery Store,5.254463698,Food
FDW49,19.5,Low Fat,0.082483516,Canned,179.2002,OUT013,High,Tier 3,Supermarket Type1,7.960883054,Food
FDN23,6.575,Regular,0.075507758,Breads,146.4444,OUT046,Small,Tier 1,Supermarket Type1,7.376250521,Food
FDS33,6.67,Regular,0.124126756,Snack Foods,88.9514,OUT017,Small,Tier 2,Supermarket Type1,7.662107431,Food
FDY36,12.3,Low Fat,0.009425158,Baking Goods,74.838,OUT049,Medium,Tier 1,Supermarket Type1,7.338886834,Food
FDH20,16.1,Regular,0.024999711,Fruits and Vegetables,97.841,OUT045,Small,Tier 2,Supermarket Type1,7.135713621,Food
FDR15,9.3,Regular,0.058545606,Meat,155.8314,OUT019,Small,Tier 1,Grocery Store,5.740637571,Food
NCP50,17.35,Non-Edible,0.020676141,Others,80.6618,OUT017,Small,Tier 2,Supermarket Type1,7.097901973,Non-Consumable
FDS40,15.35,Low Fat,0.02346559,Frozen Foods,35.219,OUT010,Small,Tier 3,Grocery Store,3.627509242,Food
FDG38,8.975,Regular,0.05272914,Canned,86.4224,OUT046,Small,Tier 1,Supermarket Type1,6.931148316,Food
NCO18,13.15,Non-Edible,0.024630755,Household,178.2686,OUT013,High,Tier 3,Supermarket Type1,7.888907855,Non-Consumable
NCO54,19.5,Non-Edible,0.014274292,Household,55.6614,OUT046,Small,Tier 1,Supermarket Type1,6.578415029,Non-Consumable
NCW18,15.1,Non-Edible,0.059313603,Household,238.1248,OUT035,Small,Tier 2,Supermarket Type1,8.358770895,Non-Consumable
FDB36,5.465,Regular,0.048518008,Baking Goods,132.9626,OUT035,Small,Tier 2,Supermarket Type1,7.767233006,Food
FDJ45,17.75,Low Fat,0.073349552,Seafood,34.2216,OUT013,High,Tier 3,Supermarket Type1,6.841383826,Food
FDP60,17.35,Low Fat,0.055648052,Baking Goods,100.3016,OUT027,Medium,Tier 3,Supermarket Type3,7.949671917,Food
DRD12,6.96,Low Fat,0.077129323,Soft Drinks,92.7146,OUT013,High,Tier 3,Supermarket Type1,7.458230793,Drinks
FDR47,17.85,Low Fat,0.087824967,Breads,196.0794,OUT018,Medium,Tier 3,Supermarket Type2,7.471200639,Food
FDJ10,5.095,Regular,0.130031207,Snack Foods,142.4838,OUT018,Medium,Tier 3,Supermarket Type2,6.333164524,Food
DRC25,5.73,Low Fat,0.045334098,Soft Drinks,87.0882,OUT013,High,Tier 3,Supermarket Type1,7.498123165,Drinks
NCW54,7.5,Non-Edible,0.096333029,Household,57.8588,OUT013,High,Tier 3,Supermarket Type1,7.044186463,Non-Consumable
FDA26,7.855,Regular,0.073858923,Dairy,218.6482,OUT013,High,Tier 3,Supermarket Type1,8.222773646,Food
DRF01,5.655,Low Fat,0.175047104,Soft Drinks,146.9102,OUT035,Small,Tier 2,Supermarket Type1,7.547782551,Drinks
NCZ17,12.15,Non-Edible,0.132952286,Health and Hygiene,37.6506,OUT010,Small,Tier 3,Grocery Store,3.662294177,Non-Consumable
FDK46,9.6,Low Fat,0.086145867,Snack Foods,258.362,OUT010,Small,Tier 3,Grocery Store,5.563224549,Food
NCU41,18.85,Non-Edible,0.0520115,Health and Hygiene,190.3846,OUT013,High,Tier 3,Supermarket Type1,8.197430639,Non-Consumable
FDV20,20.2,Regular,0.059790095,Fruits and Vegetables,127.4678,OUT035,Small,Tier 2,Supermarket Type1,8.177992789,Food
FDT15,12.15,Regular,0.071440118,Meat,182.295,OUT010,Small,Tier 3,Grocery Store,6.310436326,Food
DRI25,19.6,Low Fat,0.03395415,Soft Drinks,56.4614,OUT049,Medium,Tier 1,Supermarket Type1,6.652423707,Drinks
FDA40,16,Regular,0.099271209,Frozen Foods,88.5856,OUT046,Small,Tier 1,Supermarket Type1,6.779758258,Food
FDZ15,13.1,Low Fat,0.020769677,Dairy,117.5782,OUT027,Medium,Tier 3,Supermarket Type3,7.916478819,Food
FDM13,6.425,Low Fat,0.06316338,Breakfast,132.2626,OUT035,Small,Tier 2,Supermarket Type1,7.649502891,Food
NCM05,6.825,Non-Edible,0.059846975,Health and Hygiene,262.5226,OUT046,Small,Tier 1,Supermarket Type1,9.188190484,Non-Consumable
FDD38,16.75,Regular,0.014342659,Canned,103.7674,OUT019,Small,Tier 1,Grocery Store,5.321715483,Food
DRI01,7.97,Low Fat,0.057667173,Soft Drinks,172.1422,OUT010,Small,Tier 3,Grocery Store,6.250605546,Drinks
DRG13,17.25,Low Fat,0.037155206,Soft Drinks,166.4526,OUT013,High,Tier 3,Supermarket Type1,8.238380945,Drinks
NCT30,9.1,Non-Edible,0.080417724,Household,48.8718,OUT049,Medium,Tier 1,Supermarket Type1,6.055486216,Non-Consumable
NCG42,19.2,Non-Edible,0.041227831,Household,129.831,OUT046,Small,Tier 1,Supermarket Type1,7.574797162,Non-Consumable
FDB14,20.25,Regular,0.102226474,Canned,91.312,OUT027,Medium,Tier 3,Supermarket Type3,8.031709075,Food
FDO27,6.175,Regular,0.178210285,Meat,95.7752,OUT027,Medium,Tier 3,Supermarket Type3,8.276873776,Food
FDC14,14.5,Regular,0.06904249,Canned,41.4454,OUT010,Small,Tier 3,Grocery Store,3.759929541,Food
FDB49,8.3,Regular,0.052791124,Baking Goods,98.5384,OUT019,Small,Tier 1,Grocery Store,6.383895748,Food
FDZ23,17.75,Regular,0.067607749,Baking Goods,188.024,OUT049,Medium,Tier 1,Supermarket Type1,7.936431394,Food
FDJ52,7.145,Low Fat,0.017887474,Frozen Foods,160.6578,OUT017,Small,Tier 2,Supermarket Type1,7.476492653,Food
FDJ56,8.985,Low Fat,0.184440421,Fruits and Vegetables,99.67,OUT017,Small,Tier 2,Supermarket Type1,8.10068028,Food
NCR54,16.35,Non-Edible,0.091074449,Household,196.811,OUT017,Small,Tier 2,Supermarket Type1,8.113722194,Non-Consumable
DRF01,5.655,Low Fat,0.193996172,Soft Drinks,147.5102,OUT046,Small,Tier 1,Supermarket Type1,7.062604229,Drinks
DRK12,9.5,Low Fat,0.041951439,Soft Drinks,32.49,OUT049,Medium,Tier 1,Supermarket Type1,6.764508271,Drinks
FDL58,5.78,Regular,0.074087369,Snack Foods,264.9568,OUT013,High,Tier 3,Supermarket Type1,8.832890662,Food
FDD44,8.05,Regular,0.078574445,Fruits and Vegetables,257.5646,OUT013,High,Tier 3,Supermarket Type1,8.547585045,Food
FDT50,6.75,Regular,0.108679906,Dairy,95.6752,OUT018,Medium,Tier 3,Supermarket Type2,7.128798707,Food
DRM23,16.6,Low Fat,0.136500981,Hard Drinks,173.3422,OUT017,Small,Tier 2,Supermarket Type1,8.328357536,Drinks
NCM31,6.095,Non-Edible,0.081361288,Others,141.9154,OUT045,Small,Tier 2,Supermarket Type1,7.89933625,Non-Consumable
FDY21,15.1,Low Fat,0.205924754,Snack Foods,197.211,OUT010,Small,Tier 3,Grocery Store,5.28528785,Food
FDR22,19.35,Regular,0.018591464,Snack Foods,112.9544,OUT049,Medium,Tier 1,Supermarket Type1,7.202849414,Food
NCV06,11.3,Non-Edible,0.066952965,Household,192.0478,OUT018,Medium,Tier 3,Supermarket Type2,8.039468568,Non-Consumable
FDR45,10.8,Low Fat,0.029107004,Snack Foods,240.5222,OUT017,Small,Tier 2,Supermarket Type1,8.421215585,Food
FDH60,19.7,Regular,0.09590923,Baking Goods,194.411,OUT049,Medium,Tier 1,Supermarket Type1,8.538501743,Food
FDR08,18.7,Low Fat,0.065872936,Fruits and Vegetables,113.1886,OUT019,Small,Tier 1,Grocery Store,4.720181384,Food
FDA47,10.5,Regular,0.117149075,Baking Goods,164.121,OUT018,Medium,Tier 3,Supermarket Type2,7.492944685,Food
FDS37,7.655,Low Fat,0.031994534,Canned,114.3492,OUT049,Medium,Tier 1,Supermarket Type1,7.525417417,Food
FDF12,8.235,Low Fat,0.08276363,Baking Goods,146.5076,OUT018,Medium,Tier 3,Supermarket Type2,7.394421562,Food
FDP24,20.6,Low Fat,0.083004078,Baking Goods,119.4756,OUT046,Small,Tier 1,Supermarket Type1,6.995381833,Food
FDU20,19.35,Regular,0.021490911,Fruits and Vegetables,122.1098,OUT049,Medium,Tier 1,Supermarket Type1,7.970130601,Food
FDW44,9.5,Regular,0.058835928,Fruits and Vegetables,170.2448,OUT010,Small,Tier 3,Grocery Store,5.144261349,Food
FDY39,5.305,Regular,0.07871639,Meat,183.5608,OUT010,Small,Tier 3,Grocery Store,6.31405951,Food
DRD37,9.8,Low Fat,0.013869809,Soft Drinks,47.406,OUT045,Small,Tier 2,Supermarket Type1,6.887272941,Drinks
FDZ35,9.6,Regular,0.022274264,Breads,101.699,OUT035,Small,Tier 2,Supermarket Type1,8.004289076,Food
FDB50,13,Low Fat,0.153618566,Canned,79.6986,OUT046,Small,Tier 1,Supermarket Type1,7.300522374,Food
FDY10,17.6,Low Fat,0.049267759,Snack Foods,113.0176,OUT018,Medium,Tier 3,Supermarket Type2,7.959953578,Food
FDK41,14.3,Low Fat,0.12826315,Frozen Foods,83.4224,OUT017,Small,Tier 2,Supermarket Type1,6.526171528,Food
FDL24,10.3,Regular,0.02494708,Baking Goods,172.3422,OUT045,Small,Tier 2,Supermarket Type1,8.646745383,Food
FDZ07,15.1,Regular,0.157154813,Fruits and Vegetables,62.2194,OUT010,Small,Tier 3,Grocery Store,5.229814732,Food
DRI03,6.03,Low Fat,0.022832115,Dairy,176.7028,OUT017,Small,Tier 2,Supermarket Type1,7.256877452,Drinks
FDW56,7.68,Low Fat,0.070900282,Fruits and Vegetables,192.6162,OUT046,Small,Tier 1,Supermarket Type1,8.627135757,Food
FDR20,20,Regular,0.028180789,Fruits and Vegetables,46.8744,OUT045,Small,Tier 2,Supermarket Type1,6.809577792,Food
FDC50,15.85,Low Fat,0.136497913,Canned,96.3094,OUT046,Small,Tier 1,Supermarket Type1,7.957626102,Food
NCX05,15.2,Non-Edible,0.162462044,Health and Hygiene,117.6492,OUT010,Small,Tier 3,Grocery Store,5.853774806,Non-Consumable
FDU23,12.15,Low Fat,0.023820083,Breads,164.7184,OUT046,Small,Tier 1,Supermarket Type1,8.284968935,Food
FDN45,19.35,Low Fat,0.118080437,Snack Foods,222.6088,OUT035,Small,Tier 2,Supermarket Type1,8.706347618,Food
FDQ51,16,Regular,0.017466284,Meat,45.4718,OUT027,Medium,Tier 3,Supermarket Type3,7.188873657,Food
FDH21,10.395,Low Fat,0.031073804,Seafood,157.5604,OUT027,Medium,Tier 3,Supermarket Type3,8.649198941,Food
DRZ11,8.85,Regular,0.113302223,Soft Drinks,125.1388,OUT017,Small,Tier 2,Supermarket Type1,7.017102119,Drinks
NCI43,19.85,Non-Edible,0.025968706,Household,49.5376,OUT046,Small,Tier 1,Supermarket Type1,6.915415465,Non-Consumable
DRF03,19.1,Low Fat,0.045400017,Dairy,38.8138,OUT045,Small,Tier 2,Supermarket Type1,6.53876857,Drinks
NCF30,17,Non-Edible,0.126958147,Household,125.8362,OUT017,Small,Tier 2,Supermarket Type1,7.831110598,Non-Consumable
FDB12,11.15,Regular,0.105307659,Baking Goods,102.0648,OUT046,Small,Tier 1,Supermarket Type1,6.946637473,Food
FDW19,12.35,Regular,0.038500421,Fruits and Vegetables,110.757,OUT046,Small,Tier 1,Supermarket Type1,7.097901973,Food
FDB45,20.85,Low Fat,0.02137305,Fruits and Vegetables,103.3306,OUT045,Small,Tier 2,Supermarket Type1,6.260829251,Food
FDY55,16.75,Low Fat,0.081428119,Fruits and Vegetables,255.7988,OUT027,Medium,Tier 3,Supermarket Type3,9.132698433,Food
FDK40,7.035,Low Fat,0.021861694,Frozen Foods,263.291,OUT010,Small,Tier 3,Grocery Store,6.267166392,Food
FDU11,4.785,Low Fat,0.09297084,Breads,122.0098,OUT018,Medium,Tier 3,Supermarket Type2,7.625432425,Food
FDP33,18.7,Low Fat,0.088839949,Snack Foods,254.2672,OUT027,Medium,Tier 3,Supermarket Type3,9.305167672,Food
FDN49,17.25,Regular,0.209600084,Breakfast,40.348,OUT010,Small,Tier 3,Grocery Store,3.712302969,Food
FDR15,9.3,Regular,0.033505804,Meat,153.4314,OUT045,Small,Tier 2,Supermarket Type1,7.817264025,Food
FDO38,17.25,Low Fat,0.072986772,Canned,78.8986,OUT045,Small,Tier 2,Supermarket Type1,7.400541527,Food
DRC24,17.85,Low Fat,0.024961677,Soft Drinks,153.1998,OUT017,Small,Tier 2,Supermarket Type1,8.12698971,Drinks
NCU17,5.32,Non-Edible,0.092433518,Health and Hygiene,101.6674,OUT027,Medium,Tier 3,Supermarket Type3,7.263430243,Non-Consumable
FDK22,9.8,Low Fat,0.026081567,Snack Foods,217.585,OUT035,Small,Tier 2,Supermarket Type1,8.373022545,Food
DRP35,18.85,Low Fat,0.09079168,Hard Drinks,127.1336,OUT013,High,Tier 3,Supermarket Type1,8.18321327,Drinks
NCL29,9.695,Non-Edible,0.113917889,Health and Hygiene,158.2604,OUT035,Small,Tier 2,Supermarket Type1,7.899089214,Non-Consumable
FDG53,10,Low Fat,0.045928229,Frozen Foods,138.118,OUT049,Medium,Tier 1,Supermarket Type1,7.579909644,Food
DRM23,16.6,Low Fat,0.135620265,Hard Drinks,172.9422,OUT013,High,Tier 3,Supermarket Type1,7.983616514,Drinks
FDR09,18.25,Low Fat,0.077709902,Snack Foods,259.6962,OUT035,Small,Tier 2,Supermarket Type1,8.601519671,Food
NCJ30,5.82,Non-Edible,0.134975628,Household,170.579,OUT010,Small,Tier 3,Grocery Store,6.235071292,Non-Consumable
FDZ04,9.31,Low Fat,0.037955094,Frozen Foods,62.151,OUT046,Small,Tier 1,Supermarket Type1,7.092381678,Food
FDM10,18.25,Low Fat,0.076125668,Snack Foods,214.0218,OUT045,Small,Tier 2,Supermarket Type1,7.849971658,Food
FDR21,19.7,Low Fat,0.067039526,Snack Foods,178.337,OUT049,Medium,Tier 1,Supermarket Type1,7.253113631,Food
DRJ49,6.865,Low Fat,0.014021626,Soft Drinks,127.1652,OUT045,Small,Tier 2,Supermarket Type1,7.164451201,Drinks
FDJ15,11.35,Regular,0.023358738,Dairy,184.4608,OUT049,Medium,Tier 1,Supermarket Type1,8.304924692,Food
FDO34,17.7,Low Fat,0.029933275,Snack Foods,169.0816,OUT035,Small,Tier 2,Supermarket Type1,8.556842582,Food
NCG30,20.2,Non-Edible,0.111777297,Household,124.6046,OUT027,Medium,Tier 3,Supermarket Type3,7.960186028,Non-Consumable
FDS60,20.85,Low Fat,0.032448523,Baking Goods,177.866,OUT046,Small,Tier 1,Supermarket Type1,6.984342176,Food
FDX57,17.25,Regular,0.047266211,Snack Foods,97.0068,OUT046,Small,Tier 1,Supermarket Type1,7.52182094,Food
FDS40,15.35,Low Fat,0.01404119,Frozen Foods,38.419,OUT049,Medium,Tier 1,Supermarket Type1,6.167615019,Food
FDT08,13.65,Low Fat,0.04917754,Fruits and Vegetables,151.805,OUT013,High,Tier 3,Supermarket Type1,7.90007699,Food
NCN29,15.2,Non-Edible,0.020280476,Health and Hygiene,49.1034,OUT010,Small,Tier 3,Grocery Store,5.275118338,Non-Consumable
FDY27,6.38,Low Fat,0.031962866,Dairy,178.0344,OUT045,Small,Tier 2,Supermarket Type1,6.284699673,Food
NCR29,7.565,Non-Edible,0.054376275,Health and Hygiene,56.293,OUT027,Medium,Tier 3,Supermarket Type3,7.842940383,Non-Consumable
FDZ02,6.905,Regular,0.063850971,Dairy,97.2726,OUT010,Small,Tier 3,Grocery Store,5.281909491,Food
FDP40,4.555,Regular,0.060154968,Frozen Foods,110.1544,OUT019,Small,Tier 1,Grocery Store,4.726098492,Food
FDE11,17.7,Regular,0.134441765,Starchy Foods,183.9924,OUT027,Medium,Tier 3,Supermarket Type3,8.776357572,Food
DRL35,15.7,Low Fat,0.03067808,Hard Drinks,44.777,OUT013,High,Tier 3,Supermarket Type1,6.408327782,Drinks
FDD56,15.2,Regular,0.103758647,Fruits and Vegetables,177.0054,OUT035,Small,Tier 2,Supermarket Type1,7.998937298,Food
FDO39,6.985,Regular,0.136701678,Meat,182.1608,OUT027,Medium,Tier 3,Supermarket Type3,8.679540858,Food
FDG32,19.85,Low Fat,0.308145448,Fruits and Vegetables,222.0772,OUT019,Small,Tier 1,Grocery Store,6.791792985,Food
FDU50,5.75,Regular,0.074806196,Dairy,112.9176,OUT027,Medium,Tier 3,Supermarket Type3,8.142216938,Food
FDX24,8.355,Low Fat,0.013926425,Baking Goods,93.0462,OUT035,Small,Tier 2,Supermarket Type1,7.013514675,Food
NCN43,12.15,Non-Edible,0.006754117,Others,122.173,OUT013,High,Tier 3,Supermarket Type1,7.858498837,Non-Consumable
FDK34,13.35,Low Fat,0.038540712,Snack Foods,238.7564,OUT018,Medium,Tier 3,Supermarket Type2,7.553732862,Food
NCN41,17,Non-Edible,0.052209303,Health and Hygiene,122.373,OUT046,Small,Tier 1,Supermarket Type1,7.858498837,Non-Consumable
FDW16,17.35,Regular,0.041538713,Frozen Foods,93.1804,OUT049,Medium,Tier 1,Supermarket Type1,7.22926325,Food
FDP46,15.35,Low Fat,0.13064231,Snack Foods,88.383,OUT019,Small,Tier 1,Grocery Store,4.509572965,Food
NCD07,9.1,Non-Edible,0.055382616,Household,115.0518,OUT013,High,Tier 3,Supermarket Type1,6.528119893,Non-Consumable
FDG44,6.13,Low Fat,0.121512963,Fruits and Vegetables,54.1298,OUT046,Small,Tier 1,Supermarket Type1,7.207300456,Food
FDC20,10.65,Low Fat,0.041970938,Fruits and Vegetables,55.4272,OUT019,Small,Tier 1,Grocery Store,4.726098492,Food
FDB23,19.2,Regular,0.005583951,Starchy Foods,226.9062,OUT013,High,Tier 3,Supermarket Type1,8.415187929,Food
DRK59,8.895,Low Fat,0.075757177,Hard Drinks,233.8616,OUT018,Medium,Tier 3,Supermarket Type2,6.844225742,Drinks
FDT31,19.75,Low Fat,0.012467648,Fruits and Vegetables,188.1872,OUT049,Medium,Tier 1,Supermarket Type1,7.807564372,Food
FDB15,10.895,Low Fat,0.137368051,Dairy,264.3568,OUT018,Medium,Tier 3,Supermarket Type2,8.465230705,Food
FDI56,7.325,Low Fat,0.092933158,Fruits and Vegetables,91.0146,OUT027,Medium,Tier 3,Supermarket Type3,8.151089594,Food
NCQ17,10.3,Non-Edible,0.117593973,Health and Hygiene,154.463,OUT017,Small,Tier 2,Supermarket Type1,7.825807658,Non-Consumable
FDH44,19.1,Regular,0.026018497,Fruits and Vegetables,148.2418,OUT017,Small,Tier 2,Supermarket Type1,8.03624276,Food
FDP40,4.555,Regular,0.034410585,Frozen Foods,111.3544,OUT049,Medium,Tier 1,Supermarket Type1,7.202849414,Food
NCR17,9.8,Non-Edible,0.02426524,Health and Hygiene,114.0492,OUT027,Medium,Tier 3,Supermarket Type3,8.278903718,Non-Consumable
NCO53,16.2,Non-Edible,0.176175402,Health and Hygiene,184.0608,OUT017,Small,Tier 2,Supermarket Type1,7.612024777,Non-Consumable
FDG38,8.975,Regular,0.088257771,Canned,84.1224,OUT010,Small,Tier 3,Grocery Store,5.144261349,Food
FDO01,21.1,Regular,0.020750867,Breakfast,128.7994,OUT049,Medium,Tier 1,Supermarket Type1,7.564493111,Food
NCQ43,17.75,Non-Edible,0.111527348,Others,110.2912,OUT045,Small,Tier 2,Supermarket Type1,6.773686142,Non-Consumable
FDU47,12.8,Regular,0.114318263,Breads,142.2838,OUT018,Medium,Tier 3,Supermarket Type2,6.046074411,Food
FDZ02,6.905,Regular,0.038363204,Dairy,98.1726,OUT017,Small,Tier 2,Supermarket Type1,6.377127548,Food
FDS04,10.195,Regular,0.245483691,Frozen Foods,141.8838,OUT010,Small,Tier 3,Grocery Store,5.641792171,Food
FDQ31,5.785,Regular,0.053930934,Fruits and Vegetables,87.3856,OUT049,Medium,Tier 1,Supermarket Type1,6.779758258,Food
FDT57,15.2,Low Fat,0.018942606,Snack Foods,236.0248,OUT027,Medium,Tier 3,Supermarket Type3,8.800519953,Food
FDK50,7.96,Low Fat,0.028339599,Canned,162.4894,OUT013,High,Tier 3,Supermarket Type1,7.484752502,Food
FDB49,8.3,Regular,0.030151351,Baking Goods,98.7384,OUT046,Small,Tier 1,Supermarket Type1,6.201911841,Food
FDN56,5.46,Regular,0.107274301,Fruits and Vegetables,145.5786,OUT045,Small,Tier 2,Supermarket Type1,8.269224582,Food
FDU02,13.35,Low Fat,0.102670882,Dairy,228.6352,OUT049,Medium,Tier 1,Supermarket Type1,8.142216938,Food
FDK26,5.46,Regular,0.032177405,Canned,185.424,OUT046,Small,Tier 1,Supermarket Type1,8.560419717,Food
DRA24,19.35,Regular,0.039734882,Soft Drinks,165.7868,OUT027,Medium,Tier 3,Supermarket Type3,8.49996646,Drinks
FDF53,20.75,Regular,0.083536989,Frozen Foods,180.3318,OUT013,High,Tier 3,Supermarket Type1,8.331088022,Food
NCZ30,6.59,Non-Edible,0.026225693,Household,119.0098,OUT049,Medium,Tier 1,Supermarket Type1,7.836648584,Non-Consumable
FDF14,7.55,Low Fat,0.0273235,Canned,151.934,OUT017,Small,Tier 2,Supermarket Type1,7.516764043,Food
FDU40,20.85,Low Fat,0.03747983,Frozen Foods,192.7478,OUT045,Small,Tier 2,Supermarket Type1,7.66492169,Food
NCL18,18.85,Non-Edible,0.168531813,Household,192.5136,OUT017,Small,Tier 2,Supermarket Type1,7.978380902,Non-Consumable
FDP25,15.2,Low Fat,0.021293909,Canned,218.4824,OUT018,Medium,Tier 3,Supermarket Type2,7.33281175,Food
NCV05,10.1,Non-Edible,0.030269774,Health and Hygiene,152.4656,OUT045,Small,Tier 2,Supermarket Type1,7.984751072,Non-Consumable
FDV49,10,Low Fat,0.025822315,Canned,262.7226,OUT035,Small,Tier 2,Supermarket Type1,8.062392198,Food
FDJ56,8.985,Low Fat,0.183688161,Fruits and Vegetables,100.27,OUT049,Medium,Tier 1,Supermarket Type1,6.907455234,Food
FDI40,11.5,Regular,0.125579201,Frozen Foods,99.7358,OUT035,Small,Tier 2,Supermarket Type1,7.009312993,Food
NCK05,20.1,Non-Edible,0.077079177,Health and Hygiene,61.5536,OUT027,Medium,Tier 3,Supermarket Type3,6.824160604,Non-Consumable
NCI43,19.85,Non-Edible,0.026074491,Household,48.6376,OUT018,Medium,Tier 3,Supermarket Type2,6.356543677,Non-Consumable
NCE42,21.1,Non-Edible,0.010593469,Household,234.2958,OUT013,High,Tier 3,Supermarket Type1,8.226876398,Non-Consumable
FDP40,4.555,Regular,0.034357169,Frozen Foods,112.6544,OUT046,Small,Tier 1,Supermarket Type1,7.895624295,Food
FDU40,20.85,Low Fat,0.037396901,Frozen Foods,193.8478,OUT035,Small,Tier 2,Supermarket Type1,7.905983243,Food
DRK47,7.905,Low Fat,0.064011067,Hard Drinks,230.2694,OUT013,High,Tier 3,Supermarket Type1,8.426915686,Drinks
FDR32,6.78,Regular,0.085981978,Fruits and Vegetables,228.4694,OUT045,Small,Tier 2,Supermarket Type1,8.60920076,Food
FDS43,11.65,Low Fat,0.040318693,Fruits and Vegetables,186.224,OUT027,Medium,Tier 3,Supermarket Type3,8.524059167,Food
FDH50,15,Regular,0.161762835,Canned,185.9266,OUT045,Small,Tier 2,Supermarket Type1,7.856696108,Food
FDZ09,17.6,Low Fat,0.104878967,Snack Foods,164.8868,OUT046,Small,Tier 1,Supermarket Type1,7.807022734,Food
FDS19,13.8,Regular,0.107469819,Fruits and Vegetables,77.8012,OUT010,Small,Tier 3,Grocery Store,5.432426842,Food
NCU30,5.11,Non-Edible,0.034868095,Household,163.821,OUT035,Small,Tier 2,Supermarket Type1,7.659913074,Non-Consumable
FDI27,8.71,Regular,0.046079575,Dairy,43.5744,OUT045,Small,Tier 2,Supermarket Type1,6.012417493,Food
FDQ09,7.235,Low Fat,0.058083831,Snack Foods,113.6834,OUT013,High,Tier 3,Supermarket Type1,5.44400433,Food
FDB35,12.3,Regular,0.064618976,Starchy Foods,89.8804,OUT046,Small,Tier 1,Supermarket Type1,7.160322167,Food
DRD12,6.96,Low Fat,0.077178965,Soft Drinks,93.1146,OUT035,Small,Tier 2,Supermarket Type1,7.691725496,Drinks
FDW07,18,Regular,0.142910689,Fruits and Vegetables,89.6514,OUT049,Medium,Tier 1,Supermarket Type1,7.528643224,Food
DRE13,6.28,Low Fat,0.027682047,Soft Drinks,85.5198,OUT013,High,Tier 3,Supermarket Type1,7.464736743,Drinks
FDR11,10.5,Regular,0.142511272,Breads,158.7578,OUT035,Small,Tier 2,Supermarket Type1,7.717533365,Food
DRG36,14.15,Low Fat,0.09557165,Soft Drinks,171.0106,OUT045,Small,Tier 2,Supermarket Type1,8.320607439,Drinks
DRD37,9.8,Low Fat,0.02316823,Soft Drinks,47.506,OUT010,Small,Tier 3,Grocery Store,5.23337343,Drinks
FDX03,15.85,Regular,0.061045133,Meat,44.7744,OUT013,High,Tier 3,Supermarket Type1,5.204542807,Food
FDU46,10.3,Regular,0.011148865,Snack Foods,84.854,OUT045,Small,Tier 2,Supermarket Type1,6.659275971,Food
FDV03,17.6,Low Fat,0.058091269,Meat,156.2314,OUT046,Small,Tier 1,Supermarket Type1,7.989050692,Food
FDZ37,8.1,Regular,0.019672774,Canned,86.4198,OUT027,Medium,Tier 3,Supermarket Type3,7.559994836,Food
FDI24,10.3,Low Fat,0.078678276,Baking Goods,177.037,OUT013,High,Tier 3,Supermarket Type1,8.217756166,Food
FDX33,9.195,Regular,0.117667492,Snack Foods,159.5578,OUT049,Medium,Tier 1,Supermarket Type1,7.158251239,Food
FDG47,12.8,Low Fat,0.069902438,Starchy Foods,261.3252,OUT018,Medium,Tier 3,Supermarket Type2,8.134827505,Food
FDZ57,10,Regular,0.037757166,Snack Foods,126.7994,OUT035,Small,Tier 2,Supermarket Type1,7.159287239,Food
FDT04,17.25,Low Fat,0.107021498,Frozen Foods,40.5822,OUT035,Small,Tier 2,Supermarket Type1,6.667775795,Food
FDO49,10.6,Regular,0.032892112,Breakfast,49.3008,OUT027,Medium,Tier 3,Supermarket Type3,7.325823302,Food
NCB43,20.2,Non-Edible,0.100477461,Household,187.7898,OUT017,Small,Tier 2,Supermarket Type1,7.716940685,Non-Consumable
NCL53,7.5,Non-Edible,0.036228067,Health and Hygiene,175.2028,OUT035,Small,Tier 2,Supermarket Type1,8.395832012,Non-Consumable
FDM01,7.895,Regular,0.094488485,Breakfast,100.7332,OUT013,High,Tier 3,Supermarket Type1,7.115905713,Food
FDO12,15.75,Low Fat,0.055154296,Baking Goods,195.5452,OUT018,Medium,Tier 3,Supermarket Type2,7.069424367,Food
FDO13,7.865,Low Fat,0.106907604,Breakfast,162.8526,OUT019,Small,Tier 1,Grocery Store,6.203259547,Food
FDI04,13.65,Regular,0.073060301,Frozen Foods,196.2426,OUT045,Small,Tier 2,Supermarket Type1,7.852304473,Food
NCK05,20.1,Non-Edible,0.077439606,Health and Hygiene,60.6536,OUT035,Small,Tier 2,Supermarket Type1,6.888631173,Non-Consumable
FDP28,13.65,Regular,0.080968973,Frozen Foods,259.7936,OUT018,Medium,Tier 3,Supermarket Type2,7.867464057,Food
FDJ44,12.3,Regular,0.106492562,Fruits and Vegetables,176.3396,OUT049,Medium,Tier 1,Supermarket Type1,7.241736415,Food
FDS25,6.885,Regular,0.139330557,Canned,109.5228,OUT027,Medium,Tier 3,Supermarket Type3,8.139500864,Food
FDC02,21.35,Low Fat,0.068822477,Canned,258.3278,OUT046,Small,Tier 1,Supermarket Type1,8.857920733,Food
FDT23,7.72,Regular,0.074669288,Breads,76.3986,OUT013,High,Tier 3,Supermarket Type1,7.246492663,Food
NCD31,12.1,Non-Edible,0.025834128,Household,165.1526,OUT010,Small,Tier 3,Grocery Store,5.108684749,Non-Consumable
FDV19,14.85,Regular,0.035227697,Fruits and Vegetables,159.5578,OUT013,High,Tier 3,Supermarket Type1,7.64345962,Food
NCQ30,7.725,Non-Edible,0.050901814,Household,120.5414,OUT019,Small,Tier 1,Grocery Store,5.904064549,Non-Consumable
NCD18,16,Non-Edible,0.072965144,Household,231.3668,OUT018,Medium,Tier 3,Supermarket Type2,8.435622116,Non-Consumable
FDL10,8.395,Low Fat,0.039492207,Snack Foods,97.3042,OUT046,Small,Tier 1,Supermarket Type1,6.995991589,Food
FDX20,7.365,Low Fat,0.042552205,Fruits and Vegetables,225.172,OUT035,Small,Tier 2,Supermarket Type1,8.130524322,Food
FDM32,20.5,Low Fat,0.020587886,Fruits and Vegetables,89.583,OUT013,High,Tier 3,Supermarket Type1,7.494797222,Food
FDR09,18.25,Low Fat,0.130095044,Snack Foods,257.2962,OUT010,Small,Tier 3,Grocery Store,6.25188924,Food
FDL34,16,Low Fat,0.040747616,Snack Foods,140.2496,OUT027,Medium,Tier 3,Supermarket Type3,8.31736042,Food
NCK42,7.475,Non-Edible,0.013146636,Household,214.5192,OUT045,Small,Tier 2,Supermarket Type1,7.939283445,Non-Consumable
FDU23,12.15,Low Fat,0.02176755,Breads,164.6184,OUT045,Small,Tier 2,Supermarket Type1,8.242420289,Food
DRI01,7.97,Low Fat,0.039095668,Soft Drinks,172.0422,OUT018,Medium,Tier 3,Supermarket Type2,8.646745383,Drinks
FDG16,15.25,Low Fat,0.08995645,Frozen Foods,217.1192,OUT049,Medium,Tier 1,Supermarket Type1,8.082336759,Food
FDY56,16.35,Regular,0.062665642,Fruits and Vegetables,225.6062,OUT018,Medium,Tier 3,Supermarket Type2,7.365777036,Food
FDO24,11.1,Low Fat,0.176182345,Baking Goods,158.1604,OUT035,Small,Tier 2,Supermarket Type1,7.550937125,Food
NCV29,11.8,Non-Edible,0.022843501,Health and Hygiene,177.8686,OUT046,Small,Tier 1,Supermarket Type1,8.438795577,Non-Consumable
FDQ48,14.3,Regular,0.034411238,Baking Goods,98.6726,OUT046,Small,Tier 1,Supermarket Type1,6.66438453,Food
FDU15,13.65,Regular,0.031087983,Meat,36.6532,OUT017,Small,Tier 2,Supermarket Type1,6.628064127,Food
FDS47,16.75,Low Fat,0.128861359,Breads,86.2856,OUT035,Small,Tier 2,Supermarket Type1,7.24933559,Food
FDO50,16.25,Low Fat,0.078290271,Canned,93.1804,OUT049,Medium,Tier 1,Supermarket Type1,7.086273947,Food
FDW48,18,Low Fat,0.008539208,Baking Goods,81.2618,OUT035,Small,Tier 2,Supermarket Type1,6.000941994,Food
FDV20,20.2,Regular,0.100095288,Fruits and Vegetables,125.2678,OUT010,Small,Tier 3,Grocery Store,4.853340343,Food
FDW47,15,Low Fat,0.046447328,Breads,121.5414,OUT049,Medium,Tier 1,Supermarket Type1,7.798862758,Food
FDA07,7.55,Regular,0.030794774,Fruits and Vegetables,122.9072,OUT027,Medium,Tier 3,Supermarket Type3,8.419308308,Food
FDZ16,16.85,Regular,0.159081735,Frozen Foods,193.5478,OUT027,Medium,Tier 3,Supermarket Type3,8.444826177,Food
FDN09,14.15,Low Fat,0.034705807,Snack Foods,241.6828,OUT027,Medium,Tier 3,Supermarket Type3,8.491804817,Food
FDB50,13,Low Fat,0.154487495,Canned,77.2986,OUT017,Small,Tier 2,Supermarket Type1,7.128798707,Food
NCL06,14.65,Non-Edible,0.072178679,Household,262.9594,OUT049,Medium,Tier 1,Supermarket Type1,8.562967001,Non-Consumable
DRG03,14.5,Low Fat,0.061686402,Dairy,153.9998,OUT027,Medium,Tier 3,Supermarket Type3,8.562203497,Drinks
DRM59,5.88,Low Fat,0.003599378,Hard Drinks,152.2998,OUT045,Small,Tier 2,Supermarket Type1,8.031709075,Drinks
FDU25,12.35,Low Fat,0.026832182,Canned,57.3246,OUT017,Small,Tier 2,Supermarket Type1,7.1953867,Food
NCU42,9,Non-Edible,0.019616991,Household,169.6474,OUT017,Small,Tier 2,Supermarket Type1,7.835069429,Non-Consumable
FDH21,10.395,Low Fat,0.05226427,Seafood,158.4604,OUT010,Small,Tier 3,Grocery Store,5.071795616,Food
DRO47,10.195,Low Fat,0.112203445,Hard Drinks,111.786,OUT035,Small,Tier 2,Supermarket Type1,7.437671512,Drinks
FDC44,15.6,Low Fat,0.171761077,Fruits and Vegetables,115.7518,OUT027,Medium,Tier 3,Supermarket Type3,8.585232067,Food
NCL29,9.695,Non-Edible,0.114170506,Health and Hygiene,158.9604,OUT045,Small,Tier 2,Supermarket Type1,7.46397353,Non-Consumable
FDL48,19.35,Regular,0.082266419,Baking Goods,48.8034,OUT046,Small,Tier 1,Supermarket Type1,5.832538567,Food
FDJ21,16.7,Regular,0.038685176,Snack Foods,146.6102,OUT018,Medium,Tier 3,Supermarket Type2,7.92710565,Food
FDT40,5.985,Low Fat,0.095795326,Frozen Foods,128.4678,OUT046,Small,Tier 1,Supermarket Type1,6.233765812,Food
NCD43,8.85,Non-Edible,0.026814124,Household,103.7964,OUT010,Small,Tier 3,Grocery Store,5.353718014,Non-Consumable
FDM28,15.7,Low Fat,0.045203854,Frozen Foods,180.266,OUT046,Small,Tier 1,Supermarket Type1,7.389498479,Food
FDR35,12.5,Low Fat,0.020697723,Breads,198.8742,OUT046,Small,Tier 1,Supermarket Type1,8.66114665,Food
NCP17,19.35,Non-Edible,0.027827268,Health and Hygiene,65.6168,OUT018,Medium,Tier 3,Supermarket Type2,5.95194587,Non-Consumable
FDT23,7.72,Regular,0.074883035,Breads,79.8986,OUT045,Small,Tier 2,Supermarket Type1,6.995381833,Food
FDX15,17.2,Low Fat,0.156298858,Meat,162.1578,OUT046,Small,Tier 1,Supermarket Type1,7.158251239,Food
NCU42,9,Non-Edible,0.019412192,Household,166.5474,OUT027,Medium,Tier 3,Supermarket Type3,8.384948377,Non-Consumable
FDV23,11,Low Fat,0.105324246,Breads,125.7046,OUT027,Medium,Tier 3,Supermarket Type3,8.08274807,Food
FDY34,10.5,Regular,0.019227816,Snack Foods,163.9842,OUT019,Small,Tier 1,Grocery Store,5.806845553,Food
FDE16,8.895,Low Fat,0.044093978,Frozen Foods,208.3954,OUT010,Small,Tier 3,Grocery Store,6.949834403,Food
FDV60,20.2,Regular,0.117599259,Baking Goods,195.311,OUT045,Small,Tier 2,Supermarket Type1,8.113722194,Food
FDQ44,20.5,Low Fat,0.036140297,Fruits and Vegetables,120.0756,OUT046,Small,Tier 1,Supermarket Type1,7.742113959,Food
FDZ09,17.6,Low Fat,0.104791689,Snack Foods,165.2868,OUT013,High,Tier 3,Supermarket Type1,8.043325852,Food
FDW36,11.15,Low Fat,0.057021156,Baking Goods,106.8622,OUT049,Medium,Tier 1,Supermarket Type1,7.607074275,Food
NCZ30,6.59,Non-Edible,0.026058181,Household,121.9098,OUT027,Medium,Tier 3,Supermarket Type3,8.124231904,Non-Consumable
FDL09,19.6,Regular,0.12829573,Snack Foods,167.2816,OUT045,Small,Tier 2,Supermarket Type1,7.608066338,Food
FDE05,10.895,Regular,0.03263762,Frozen Foods,147.7102,OUT017,Small,Tier 2,Supermarket Type1,7.547782551,Food
DRO35,13.85,Low Fat,0.034765901,Hard Drinks,114.2492,OUT017,Small,Tier 2,Supermarket Type1,7.525417417,Drinks
FDN60,15.1,Low Fat,0.095696334,Baking Goods,159.7604,OUT017,Small,Tier 2,Supermarket Type1,7.899089214,Food
NCZ29,15,Non-Edible,0.071371458,Health and Hygiene,125.2362,OUT046,Small,Tier 1,Supermarket Type1,7.233598513,Non-Consumable
FDX08,12.85,Low Fat,0.022696131,Fruits and Vegetables,179.9318,OUT018,Medium,Tier 3,Supermarket Type2,7.903772484,Food
FDZ16,16.85,Regular,0.267565911,Frozen Foods,194.1478,OUT010,Small,Tier 3,Grocery Store,7.059176638,Food
DRL37,15.5,Low Fat,0.053327763,Soft Drinks,44.477,OUT013,High,Tier 3,Supermarket Type1,6.764508271,Drinks
FDL21,15.85,Regular,0.007145063,Snack Foods,41.048,OUT035,Small,Tier 2,Supermarket Type1,6.174569131,Food
FDW10,21.2,Low Fat,0.071076055,Snack Foods,174.837,OUT017,Small,Tier 2,Supermarket Type1,8.60713389,Food
FDB53,13.35,Low Fat,0.139426044,Frozen Foods,148.3392,OUT035,Small,Tier 2,Supermarket Type1,8.263234493,Food
DRM49,6.11,Regular,0.151925271,Soft Drinks,46.6086,OUT035,Small,Tier 2,Supermarket Type1,6.438583943,Drinks
NCD06,13,Non-Edible,0.099479703,Household,44.906,OUT049,Medium,Tier 1,Supermarket Type1,6.482318049,Non-Consumable
FDN10,11.5,Low Fat,0.045900448,Snack Foods,118.9124,OUT027,Medium,Tier 3,Supermarket Type3,7.953422946,Food
FDS13,6.465,Low Fat,0.21799414,Canned,266.5884,OUT019,Small,Tier 1,Grocery Store,7.189878429,Food
FDH38,6.425,Low Fat,0.010454459,Canned,115.6808,OUT049,Medium,Tier 1,Supermarket Type1,7.24933559,Food
FDY21,15.1,Low Fat,0.172641213,Snack Foods,195.111,OUT027,Medium,Tier 3,Supermarket Type3,8.57623482,Food
FDT60,12,Low Fat,0.075701524,Baking Goods,124.6388,OUT045,Small,Tier 2,Supermarket Type1,7.652668952,Food
DRZ24,7.535,Low Fat,0.081914677,Soft Drinks,120.344,OUT049,Medium,Tier 1,Supermarket Type1,8.252187522,Drinks
FDW56,7.68,Low Fat,0.071010513,Fruits and Vegetables,190.9162,OUT049,Medium,Tier 1,Supermarket Type1,8.555690066,Food
FDG57,14.7,Low Fat,0.072444983,Fruits and Vegetables,48.6034,OUT045,Small,Tier 2,Supermarket Type1,5.275118338,Food
FDY14,10.3,Low Fat,0.069981909,Dairy,263.0226,OUT013,High,Tier 3,Supermarket Type1,8.712829019,Food
FDS19,13.8,Regular,0.06457046,Fruits and Vegetables,76.2012,OUT017,Small,Tier 2,Supermarket Type1,7.421073633,Food
FDX01,10.1,Low Fat,0.024159767,Canned,114.715,OUT035,Small,Tier 2,Supermarket Type1,6.705155502,Food
FDV32,7.785,Low Fat,0.089210159,Fruits and Vegetables,64.251,OUT017,Small,Tier 2,Supermarket Type1,7.192385951,Food
DRI39,13.8,Low Fat,0.097611115,Dairy,54.893,OUT017,Small,Tier 2,Supermarket Type1,6.522263372,Drinks
NCU05,11.8,Non-Edible,0.058975504,Health and Hygiene,81.7618,OUT018,Medium,Tier 3,Supermarket Type2,6.874965109,Non-Consumable
NCA29,10.5,Non-Edible,0.027430696,Household,171.1106,OUT017,Small,Tier 2,Supermarket Type1,8.187110824,Non-Consumable
FDO10,13.65,Regular,0.014183265,Snack Foods,58.7588,OUT019,Small,Tier 1,Grocery Store,5.995983322,Food
DRL47,19.7,Low Fat,0.038815341,Hard Drinks,124.2362,OUT045,Small,Tier 2,Supermarket Type1,7.543560911,Drinks
FDA50,16.25,Low Fat,0.152632413,Dairy,98.441,OUT019,Small,Tier 1,Grocery Store,4.580272802,Food
FDU23,12.15,Low Fat,0.021618297,Breads,167.1184,OUT027,Medium,Tier 3,Supermarket Type3,7.815116663,Food
FDR27,15.1,Regular,0.096491904,Meat,134.4942,OUT018,Medium,Tier 3,Supermarket Type2,7.526135162,Food
DRH36,16.2,Low Fat,0.033568871,Soft Drinks,74.9696,OUT017,Small,Tier 2,Supermarket Type1,7.679491064,Drinks
FDZ51,11.3,Regular,0.054507422,Meat,96.3094,OUT013,High,Tier 3,Supermarket Type1,6.503488153,Food
FDQ40,11.1,Regular,0.063079544,Frozen Foods,175.7712,OUT019,Small,Tier 1,Grocery Store,5.865170899,Food
FDB17,13.15,Low Fat,0.064208126,Frozen Foods,180.1976,OUT019,Small,Tier 1,Grocery Store,5.204542807,Food
FDQ16,19.7,Low Fat,0.041974489,Frozen Foods,108.6912,OUT017,Small,Tier 2,Supermarket Type1,7.689290555,Food
FDG09,20.6,Regular,0.048207431,Fruits and Vegetables,188.0556,OUT017,Small,Tier 2,Supermarket Type1,7.633520461,Food
DRI59,9.5,Low Fat,0.041065647,Hard Drinks,223.5088,OUT017,Small,Tier 2,Supermarket Type1,8.455080483,Drinks
FDH47,13.5,Regular,0.128709014,Starchy Foods,96.1068,OUT013,High,Tier 3,Supermarket Type1,7.52182094,Food
FDA21,13.65,Low Fat,0.03596071,Snack Foods,186.3924,OUT046,Small,Tier 1,Supermarket Type1,7.418679858,Food
NCO05,7.27,Non-Edible,0.046520703,Health and Hygiene,97.7384,OUT013,High,Tier 3,Supermarket Type1,6.383895748,Non-Consumable
NCL31,7.39,Non-Edible,0.210596485,Others,144.747,OUT019,Small,Tier 1,Grocery Store,4.970833612,Non-Consumable
NCH42,6.86,Non-Edible,0.03674399,Household,231.201,OUT017,Small,Tier 2,Supermarket Type1,8.732776556,Non-Consumable
FDG57,14.7,Low Fat,0.072238195,Fruits and Vegetables,47.5034,OUT013,High,Tier 3,Supermarket Type1,6.880453967,Food
NCQ50,18.75,Non-Edible,0.034141213,Household,211.9218,OUT027,Medium,Tier 3,Supermarket Type3,8.137556285,Non-Consumable
FDK24,9.195,Low Fat,0.101500374,Baking Goods,45.2744,OUT045,Small,Tier 2,Supermarket Type1,6.522263372,Food
DRG39,14.15,Low Fat,0.042246575,Dairy,54.2982,OUT049,Medium,Tier 1,Supermarket Type1,7.008109263,Drinks
FDX46,12.3,Regular,0.058105769,Snack Foods,60.4562,OUT035,Small,Tier 2,Supermarket Type1,7.483630168,Food
FDY01,11.8,Regular,0.170141787,Canned,116.7834,OUT013,High,Tier 3,Supermarket Type1,7.74269191,Food
FDJ40,13.6,Regular,0.049579883,Frozen Foods,110.0912,OUT035,Small,Tier 2,Supermarket Type1,7.583980894,Food
FDS01,11.6,Low Fat,0.019986152,Canned,178.2686,OUT049,Medium,Tier 1,Supermarket Type1,7.578889237,Food
FDJ09,15,Low Fat,0.058725134,Snack Foods,43.6744,OUT017,Small,Tier 2,Supermarket Type1,6.012417493,Food
FDT49,7,Low Fat,0.151533075,Canned,105.628,OUT049,Medium,Tier 1,Supermarket Type1,7.234079051,Food
FDW50,13.1,Low Fat,0.075695552,Dairy,168.4158,OUT049,Medium,Tier 1,Supermarket Type1,7.316576217,Food
FDV39,11.3,Low Fat,0.007321067,Meat,197.7426,OUT017,Small,Tier 2,Supermarket Type1,7.852304473,Food
FDY36,12.3,Low Fat,0.009463757,Baking Goods,73.838,OUT017,Small,Tier 2,Supermarket Type1,7.127730617,Food
NCE18,10,Non-Edible,0.021407511,Household,248.175,OUT013,High,Tier 3,Supermarket Type1,8.159503447,Non-Consumable
FDB05,5.155,Low Fat,0.145669556,Frozen Foods,247.2776,OUT019,Small,Tier 1,Grocery Store,6.61208512,Food
FDK14,6.98,Low Fat,0.041273236,Canned,82.4934,OUT018,Medium,Tier 3,Supermarket Type2,6.891342117,Food
FDP10,19,Low Fat,0.128090139,Snack Foods,107.0622,OUT046,Small,Tier 1,Supermarket Type1,7.227813976,Food
FDC45,17,Low Fat,0.135707553,Fruits and Vegetables,172.5106,OUT035,Small,Tier 2,Supermarket Type1,7.627703677,Food
FDS48,15.15,Low Fat,0.027774002,Baking Goods,152.3708,OUT035,Small,Tier 2,Supermarket Type1,8.0586079,Food
FDX04,19.6,Regular,0.07278643,Frozen Foods,49.4376,OUT019,Small,Tier 1,Grocery Store,5.261396088,Food
FDQ20,8.325,Low Fat,0.029640604,Fruits and Vegetables,40.8138,OUT027,Medium,Tier 3,Supermarket Type3,7.342341812,Food
FDU13,8.355,Low Fat,0.187939003,Canned,146.9418,OUT045,Small,Tier 2,Supermarket Type1,6.938277306,Food
NCR53,12.15,Non-Edible,0.14492016,Health and Hygiene,224.4404,OUT013,High,Tier 3,Supermarket Type1,7.496276785,Non-Consumable
FDN49,17.25,Regular,0.125419157,Breakfast,40.048,OUT049,Medium,Tier 1,Supermarket Type1,5.992663828,Food
FDR31,6.46,Regular,0.049121972,Fruits and Vegetables,144.6102,OUT013,High,Tier 3,Supermarket Type1,7.978380902,Food
DRI03,6.03,Low Fat,0.025577904,Dairy,175.3028,OUT027,Medium,Tier 3,Supermarket Type3,8.221521635,Drinks
FDL58,5.78,Regular,0.074149074,Snack Foods,262.2568,OUT046,Small,Tier 1,Supermarket Type1,8.570570153,Food
NCJ05,18.7,Non-Edible,0.04604992,Health and Hygiene,151.9682,OUT013,High,Tier 3,Supermarket Type1,8.118296583,Non-Consumable
FDS10,19.2,Low Fat,0.035384612,Snack Foods,180.3318,OUT017,Small,Tier 2,Supermarket Type1,8.140083502,Food
FDK34,13.35,Low Fat,0.038340116,Snack Foods,240.1564,OUT027,Medium,Tier 3,Supermarket Type3,8.875104251,Food
FDW48,18,Low Fat,0.008549912,Baking Goods,81.8618,OUT019,Small,Tier 1,Grocery Store,5.088359007,Food
FDE08,18.2,Low Fat,0.049080853,Fruits and Vegetables,147.7734,OUT027,Medium,Tier 3,Supermarket Type3,8.434610263,Food
NCH06,12.3,Non-Edible,0.076183667,Household,245.646,OUT027,Medium,Tier 3,Supermarket Type3,8.215057838,Non-Consumable
FDV08,7.35,Low Fat,0.028711412,Fruits and Vegetables,39.9454,OUT018,Medium,Tier 3,Supermarket Type2,5.936238794,Food
FDQ15,20.35,Regular,0.171301756,Meat,81.6276,OUT046,Small,Tier 1,Supermarket Type1,7.488856983,Food
FDL56,14.1,Low Fat,0.12517151,Fruits and Vegetables,88.9198,OUT027,Medium,Tier 3,Supermarket Type3,8.052268737,Food
DRC12,17.85,Low Fat,0.037826873,Soft Drinks,189.7188,OUT046,Small,Tier 1,Supermarket Type1,7.734570043,Drinks
FDX49,4.615,Regular,0.101747034,Canned,231.33,OUT013,High,Tier 3,Supermarket Type1,8.447114016,Food
FDJ09,15,Low Fat,0.058540589,Snack Foods,47.2744,OUT035,Small,Tier 2,Supermarket Type1,6.522263372,Food
FDN23,6.575,Regular,0.075142108,Breads,145.8444,OUT027,Medium,Tier 3,Supermarket Type3,8.2360906,Food
DRD01,12.1,Regular,0.061424738,Soft Drinks,56.7614,OUT018,Medium,Tier 3,Supermarket Type2,6.957465591,Drinks
FDS43,11.65,Low Fat,0.040597054,Fruits and Vegetables,187.324,OUT045,Small,Tier 2,Supermarket Type1,7.53114501,Food
FDY48,14,Low Fat,0.041556697,Baking Goods,104.4332,OUT019,Small,Tier 1,Grocery Store,5.732044644,Food
FDU12,15.5,Regular,0.126791761,Baking Goods,262.1568,OUT010,Small,Tier 3,Grocery Store,6.269690047,Food
FDX33,9.195,Regular,0.117484834,Snack Foods,158.5578,OUT046,Small,Tier 1,Supermarket Type1,7.786496572,Food
FDH45,15.1,Regular,0.106097275,Fruits and Vegetables,43.2796,OUT018,Medium,Tier 3,Supermarket Type2,4.827023305,Food
FDJ10,5.095,Regular,0.129395895,Snack Foods,140.3838,OUT013,High,Tier 3,Supermarket Type1,7.510588946,Food
FDX32,15.1,Regular,0.100265027,Fruits and Vegetables,142.5786,OUT018,Medium,Tier 3,Supermarket Type2,8.108926503,Food
DRG51,12.1,Low Fat,0.011557563,Dairy,165.3526,OUT049,Medium,Tier 1,Supermarket Type1,8.14743434,Drinks
NCB31,6.235,Non-Edible,0.119157788,Household,263.791,OUT018,Medium,Tier 3,Supermarket Type2,7.652036541,Non-Consumable
FDW47,15,Low Fat,0.077622622,Breads,121.8414,OUT010,Small,Tier 3,Grocery Store,5.499962678,Food
FDT20,10.5,Low Fat,0.041194986,Fruits and Vegetables,39.1164,OUT027,Medium,Tier 3,Supermarket Type3,7.120221874,Food
FDI34,10.65,Regular,0.085135953,Snack Foods,232.3668,OUT046,Small,Tier 1,Supermarket Type1,8.212532813,Food
FDH56,9.8,Regular,0.106816919,Fruits and Vegetables,114.2492,OUT010,Small,Tier 3,Grocery Store,6.140739359,Food
DRJ47,18.25,Low Fat,0.04421348,Hard Drinks,173.408,OUT013,High,Tier 3,Supermarket Type1,6.946637473,Drinks
FDP04,15.35,Low Fat,0.013745883,Frozen Foods,62.0168,OUT027,Medium,Tier 3,Supermarket Type3,7.336287745,Food
NCZ06,19.6,Non-Edible,0.094308058,Household,251.8698,OUT049,Medium,Tier 1,Supermarket Type1,8.175372292,Non-Consumable
FDY37,17,Regular,0.026622757,Canned,144.247,OUT045,Small,Tier 2,Supermarket Type1,8.055232015,Food
FDO46,9.6,Regular,0.014234595,Snack Foods,190.2872,OUT049,Medium,Tier 1,Supermarket Type1,8.461295629,Food
FDI10,8.51,Regular,0.078526225,Snack Foods,173.5422,OUT049,Medium,Tier 1,Supermarket Type1,8.517557885,Food
NCT42,5.88,Non-Edible,0.0249887,Household,150.3392,OUT018,Medium,Tier 3,Supermarket Type2,6.105724941,Non-Consumable
FDE29,8.905,Low Fat,0.143712172,Frozen Foods,60.2878,OUT018,Medium,Tier 3,Supermarket Type2,7.049400838,Food
FDQ11,5.695,Regular,0.067373081,Breads,258.8988,OUT027,Medium,Tier 3,Supermarket Type3,8.034302269,Food
FDS20,8.85,Low Fat,0.053822086,Fruits and Vegetables,183.8292,OUT013,High,Tier 3,Supermarket Type1,7.845810947,Food
FDR26,20.7,Low Fat,0.043011277,Dairy,177.2028,OUT018,Medium,Tier 3,Supermarket Type2,8.121466471,Food
NCH43,8.42,Non-Edible,0.123557061,Household,216.6192,OUT019,Small,Tier 1,Grocery Store,5.378602506,Non-Consumable
FDO25,6.3,Low Fat,0.127968205,Canned,209.627,OUT018,Medium,Tier 3,Supermarket Type2,8.290496585,Food
FDB40,17.5,Regular,0.007570599,Dairy,144.6102,OUT018,Medium,Tier 3,Supermarket Type2,7.690813088,Food
FDB14,20.25,Regular,0.114278048,Canned,92.312,OUT019,Small,Tier 1,Grocery Store,5.923849298,Food
FDW23,5.765,Low Fat,0.081996785,Baking Goods,40.1164,OUT035,Small,Tier 2,Supermarket Type1,6.294582373,Food
FDZ23,17.75,Regular,0.067777778,Baking Goods,186.924,OUT018,Medium,Tier 3,Supermarket Type2,8.06155248,Food
FDX35,5.035,Regular,0.080362549,Breads,229.0036,OUT017,Small,Tier 2,Supermarket Type1,8.372714876,Food
FDX24,8.355,Low Fat,0.013929059,Baking Goods,94.1462,OUT046,Small,Tier 1,Supermarket Type1,7.706211934,Food
DRG15,6.13,Low Fat,0.077169953,Dairy,63.0536,OUT017,Small,Tier 2,Supermarket Type1,7.111570842,Drinks
FDY60,10.5,Regular,0.030831831,Baking Goods,143.3128,OUT046,Small,Tier 1,Supermarket Type1,7.271792654,Food
FDK02,12.5,Low Fat,0.112681821,Canned,119.144,OUT018,Medium,Tier 3,Supermarket Type2,8.082336759,Food
FDK24,9.195,Low Fat,0.10080442,Baking Goods,45.4744,OUT027,Medium,Tier 3,Supermarket Type3,6.949195834,Food
NCA05,20.75,Non-Edible,0.02512588,Health and Hygiene,150.4734,OUT035,Small,Tier 2,Supermarket Type1,6.793287193,Non-Consumable
FDN33,6.305,Regular,0.122519571,Snack Foods,93.0436,OUT027,Medium,Tier 3,Supermarket Type3,7.768359924,Food
FDA09,13.35,Regular,0.15021128,Snack Foods,179.066,OUT017,Small,Tier 2,Supermarket Type1,7.90007699,Food
FDK50,7.96,Low Fat,0.028357839,Canned,163.2894,OUT035,Small,Tier 2,Supermarket Type1,8.418720721,Food
NCE55,8.92,Non-Edible,0.130663423,Household,175.237,OUT017,Small,Tier 2,Supermarket Type1,7.658342723,Non-Consumable
FDG12,6.635,Regular,0.006335942,Baking Goods,121.8098,OUT049,Medium,Tier 1,Supermarket Type1,7.625432425,Food
FDC37,15.5,Low Fat,0.032845997,Baking Goods,106.7938,OUT013,High,Tier 3,Supermarket Type1,8.076146708,Food
DRG15,6.13,Low Fat,0.076735903,Dairy,62.4536,OUT046,Small,Tier 1,Supermarket Type1,7.111570842,Drinks
FDQ58,7.315,Low Fat,0.01530184,Snack Foods,154.434,OUT046,Small,Tier 1,Supermarket Type1,7.22926325,Food
FDQ51,16,Regular,0.029377239,Meat,46.1718,OUT010,Small,Tier 3,Grocery Store,4.559582688,Food
FDR46,16.85,Low Fat,0.233356571,Snack Foods,146.576,OUT010,Small,Tier 3,Grocery Store,6.087746981,Food
FDC50,15.85,Low Fat,0.137053947,Canned,94.4094,OUT018,Medium,Tier 3,Supermarket Type2,6.954928327,Food
FDJ09,15,Low Fat,0.058540589,Snack Foods,43.4744,OUT046,Small,Tier 1,Supermarket Type1,6.299487337,Food
NCC18,19.1,Non-Edible,0.177236497,Household,172.3422,OUT035,Small,Tier 2,Supermarket Type1,7.858498837,Non-Consumable
FDL04,19,Low Fat,0.111830282,Frozen Foods,105.4622,OUT013,High,Tier 3,Supermarket Type1,6.860411858,Food
FDH48,13.5,Low Fat,0.082137624,Baking Goods,84.654,OUT049,Medium,Tier 1,Supermarket Type1,7.100650735,Food
FDD38,16.75,Regular,0.008204465,Canned,99.8674,OUT049,Medium,Tier 1,Supermarket Type1,7.759592905,Food
FDT47,5.26,Regular,0.02439015,Breads,95.9068,OUT027,Medium,Tier 3,Supermarket Type3,8.073659919,Food
FDE41,9.195,Regular,0.064143995,Frozen Foods,85.9566,OUT045,Small,Tier 2,Supermarket Type1,7.433744551,Food
FDH19,19.35,Low Fat,0.033275634,Meat,173.8738,OUT017,Small,Tier 2,Supermarket Type1,7.797222742,Food
FDW26,11.8,Regular,0.107662745,Dairy,224.1772,OUT017,Small,Tier 2,Supermarket Type1,7.969670249,Food
FDW35,10.6,Low Fat,0.01115195,Breads,40.6454,OUT017,Small,Tier 2,Supermarket Type1,5.128605571,Food
FDQ55,13.65,Regular,0.013064516,Fruits and Vegetables,115.5834,OUT045,Small,Tier 2,Supermarket Type1,7.232155513,Food
FDV22,14.85,Regular,0.009954237,Snack Foods,158.263,OUT049,Medium,Tier 1,Supermarket Type1,7.886408792,Food
NCN29,15.2,Non-Edible,0.021214364,Health and Hygiene,48.2034,OUT019,Small,Tier 1,Grocery Store,4.587075459,Non-Consumable
FDQ26,13.5,Regular,0.067859568,Dairy,60.1562,OUT035,Small,Tier 2,Supermarket Type1,7.378332119,Food
FDV24,5.635,Low Fat,0.103481775,Baking Goods,150.005,OUT045,Small,Tier 2,Supermarket Type1,7.494797222,Food
FDG50,7.405,Low Fat,0.015358176,Canned,92.4146,OUT017,Small,Tier 2,Supermarket Type1,7.286488657,Food
NCF42,17.35,Non-Edible,0.293066133,Household,177.0712,OUT019,Small,Tier 1,Grocery Store,5.865170899,Non-Consumable
FDT46,11.35,Low Fat,0.030981392,Snack Foods,51.9008,OUT017,Small,Tier 2,Supermarket Type1,6.56443533,Food
DRE49,20.75,Low Fat,0.023333339,Soft Drinks,153.8024,OUT027,Medium,Tier 3,Supermarket Type3,8.954534466,Drinks
FDV56,16.1,Regular,0.013623294,Fruits and Vegetables,109.3596,OUT045,Small,Tier 2,Supermarket Type1,7.079568146,Food
FDD32,17.7,Regular,0.041098734,Fruits and Vegetables,80.9276,OUT018,Medium,Tier 3,Supermarket Type2,6.191064306,Food
NCN19,13.1,Non-Edible,0.01209726,Others,188.853,OUT035,Small,Tier 2,Supermarket Type1,8.079246523,Non-Consumable
FDQ48,14.3,Regular,0.034382602,Baking Goods,96.5726,OUT013,High,Tier 3,Supermarket Type1,7.719604983,Food
FDW34,9.6,Low Fat,0.035406842,Snack Foods,244.317,OUT027,Medium,Tier 3,Supermarket Type3,9.019612945,Food
NCS38,8.6,Non-Edible,0.090374342,Household,114.3176,OUT045,Small,Tier 2,Supermarket Type1,7.574455399,Non-Consumable
FDL58,5.78,Regular,0.074451126,Snack Foods,264.5568,OUT018,Medium,Tier 3,Supermarket Type2,8.752860109,Food
FDY59,8.195,Low Fat,0.031467128,Baking Goods,91.8462,OUT045,Small,Tier 2,Supermarket Type1,7.747015927,Food
FDZ03,13.65,Regular,0.078786674,Dairy,184.824,OUT046,Small,Tier 1,Supermarket Type1,8.118693369,Food
FDP60,17.35,Low Fat,0.056032247,Baking Goods,102.3016,OUT045,Small,Tier 2,Supermarket Type1,7.390320678,Food
NCI30,20.25,Non-Edible,0.058935522,Household,246.646,OUT046,Small,Tier 1,Supermarket Type1,7.809727996,Non-Consumable
FDO03,10.395,Regular,0.064577332,Meat,230.5352,OUT019,Small,Tier 1,Grocery Store,6.533942315,Food
FDZ20,16.1,Low Fat,0.034306962,Fruits and Vegetables,252.3356,OUT046,Small,Tier 1,Supermarket Type1,8.246966942,Food
FDQ31,5.785,Regular,0.053586458,Fruits and Vegetables,89.7856,OUT027,Medium,Tier 3,Supermarket Type3,6.874965109,Food
FDY03,17.6,Regular,0.076431919,Meat,113.2202,OUT018,Medium,Tier 3,Supermarket Type2,7.613998136,Food
FDW45,18,Low Fat,0.039090105,Snack Foods,148.4418,OUT045,Small,Tier 2,Supermarket Type1,8.323843949,Food
NCO41,12.5,Non-Edible,0.031549131,Health and Hygiene,99.0384,OUT010,Small,Tier 3,Grocery Store,5.288654834,Non-Consumable
FDK16,9.065,Low Fat,0.115233813,Frozen Foods,94.4094,OUT013,High,Tier 3,Supermarket Type1,7.957626102,Food
FDZ16,16.85,Regular,0.159825617,Frozen Foods,195.5478,OUT035,Small,Tier 2,Supermarket Type1,8.357834346,Food
NCD18,16,Non-Edible,0.073080167,Household,228.4668,OUT017,Small,Tier 2,Supermarket Type1,7.837962644,Non-Consumable
FDF52,9.3,Low Fat,0.066727717,Frozen Foods,181.6292,OUT013,High,Tier 3,Supermarket Type1,7.771733081,Food
FDF09,6.215,Low Fat,0.012146608,Fruits and Vegetables,37.9848,OUT035,Small,Tier 2,Supermarket Type1,6.66438453,Food
FDW43,20.1,Regular,0.022552083,Fruits and Vegetables,226.6036,OUT017,Small,Tier 2,Supermarket Type1,8.829388543,Food
FDU19,8.77,Regular,0.047036036,Fruits and Vegetables,170.5422,OUT017,Small,Tier 2,Supermarket Type1,7.923013205,Food
FDA50,16.25,Low Fat,0.087158654,Dairy,95.141,OUT035,Small,Tier 2,Supermarket Type1,7.705912264,Food
FDS48,15.15,Low Fat,0.027756137,Baking Goods,150.4708,OUT013,High,Tier 3,Supermarket Type1,7.653300963,Food
NCH07,13.15,Non-Edible,0.092589917,Household,159.5604,OUT013,High,Tier 3,Supermarket Type1,7.550937125,Non-Consumable
NCK54,12.15,Non-Edible,0.029510977,Household,117.615,OUT013,High,Tier 3,Supermarket Type1,7.323629359,Non-Consumable
FDD53,16.2,Low Fat,0.077427883,Frozen Foods,41.8454,OUT019,Small,Tier 1,Grocery Store,3.759929541,Food
FDV58,20.85,Low Fat,0.121227447,Snack Foods,197.5452,OUT035,Small,Tier 2,Supermarket Type1,8.368088453,Food
FDI08,18.2,Regular,0.066284519,Fruits and Vegetables,247.2092,OUT035,Small,Tier 2,Supermarket Type1,8.156833983,Food
FDD08,8.3,Low Fat,0.03549838,Fruits and Vegetables,36.6506,OUT018,Medium,Tier 3,Supermarket Type2,6.123385393,Food
FDX34,6.195,Low Fat,0.072131519,Snack Foods,120.1098,OUT045,Small,Tier 2,Supermarket Type1,7.970130601,Food
FDX55,15.1,Low Fat,0.065644483,Fruits and Vegetables,216.4166,OUT045,Small,Tier 2,Supermarket Type1,7.94849683,Food
NCS05,11.5,Non-Edible,0.021020616,Health and Hygiene,130.7942,OUT045,Small,Tier 2,Supermarket Type1,7.931420649,Non-Consumable
FDL04,19,Low Fat,0.111902259,Frozen Foods,105.4622,OUT035,Small,Tier 2,Supermarket Type1,7.55303466,Food
FDJ53,10.5,Low Fat,0.071548187,Frozen Foods,120.2098,OUT018,Medium,Tier 3,Supermarket Type2,6.40282723,Food
FDB47,8.8,Low Fat,0.071540443,Snack Foods,210.6612,OUT049,Medium,Tier 1,Supermarket Type1,7.82793221,Food
NCS29,9,Non-Edible,0.121765124,Health and Hygiene,264.1884,OUT019,Small,Tier 1,Grocery Store,5.583452699,Non-Consumable
FDB33,17.75,Low Fat,0.014609738,Fruits and Vegetables,160.4262,OUT045,Small,Tier 2,Supermarket Type1,8.065744038,Food
FDL52,6.635,Regular,0.080697998,Frozen Foods,39.8506,OUT019,Small,Tier 1,Grocery Store,3.662294177,Food
FDB03,17.75,Regular,0.156802171,Dairy,242.1538,OUT035,Small,Tier 2,Supermarket Type1,8.372714876,Food
FDW20,20.75,Low Fat,0.024144862,Fruits and Vegetables,123.373,OUT035,Small,Tier 2,Supermarket Type1,7.64728067,Food
FDT10,16.7,Regular,0.062297249,Snack Foods,60.6562,OUT018,Medium,Tier 3,Supermarket Type2,6.386141674,Food
FDK04,7.36,Low Fat,0.052058711,Frozen Foods,55.5588,OUT027,Medium,Tier 3,Supermarket Type3,7.044186463,Food
NCL07,13.85,Non-Edible,0.031402114,Others,40.248,OUT045,Small,Tier 2,Supermarket Type1,5.770144333,Non-Consumable
FDZ31,15.35,Regular,0.113217223,Fruits and Vegetables,191.1504,OUT046,Small,Tier 1,Supermarket Type1,7.453998393,Food
FDE45,12.1,Low Fat,0.047965802,Fruits and Vegetables,177.3002,OUT035,Small,Tier 2,Supermarket Type1,8.021487155,Food
NCK54,12.15,Non-Edible,0.029510977,Household,118.515,OUT018,Medium,Tier 3,Supermarket Type2,7.24364163,Non-Consumable
DRE15,13.35,Low Fat,0.031139933,Dairy,74.8012,OUT019,Small,Tier 1,Grocery Store,5.719015199,Drinks
NCQ38,16.35,Non-Edible,0.013363902,Others,106.128,OUT035,Small,Tier 2,Supermarket Type1,7.559300995,Non-Consumable
FDB08,6.055,Low Fat,0.030952737,Fruits and Vegetables,160.1578,OUT027,Medium,Tier 3,Supermarket Type3,8.022797914,Food
DRF49,7.27,Low Fat,0.07136748,Soft Drinks,111.8518,OUT018,Medium,Tier 3,Supermarket Type2,7.731068947,Drinks
DRC27,13.8,Low Fat,0.058192802,Dairy,246.9802,OUT049,Medium,Tier 1,Supermarket Type1,8.682254103,Drinks
FDB37,20.25,Regular,0.022976493,Baking Goods,240.3538,OUT049,Medium,Tier 1,Supermarket Type1,8.315570056,Food
FDS35,9.3,Low Fat,0.111220521,Breads,65.7826,OUT046,Small,Tier 1,Supermarket Type1,6.877026963,Food
FDE47,14.15,Low Fat,0.037967687,Starchy Foods,125.6046,OUT049,Medium,Tier 1,Supermarket Type1,7.389909663,Food
NCT53,5.4,Non-Edible,0.06631689,Health and Hygiene,164.5526,OUT027,Medium,Tier 3,Supermarket Type3,7.742113959,Non-Consumable
FDL14,8.115,Regular,0.032158866,Canned,154.8972,OUT046,Small,Tier 1,Supermarket Type1,7.447033773,Food
FDP21,7.42,Regular,0.045068892,Snack Foods,190.8872,OUT019,Small,Tier 1,Grocery Store,6.852703351,Food
NCV54,11.1,Non-Edible,0.033176087,Household,120.1124,OUT045,Small,Tier 2,Supermarket Type1,7.548133551,Non-Consumable
NCO41,12.5,Non-Edible,0.018845298,Health and Hygiene,96.7384,OUT035,Small,Tier 2,Supermarket Type1,7.923013205,Non-Consumable
FDQ59,9.8,Regular,0.056375879,Breads,84.6908,OUT035,Small,Tier 2,Supermarket Type1,6.915415465,Food
FDQ01,19.7,Regular,0.161356273,Canned,253.1014,OUT018,Medium,Tier 3,Supermarket Type2,7.939520749,Food
FDQ48,14.3,Regular,0.034605882,Baking Goods,95.9726,OUT017,Small,Tier 2,Supermarket Type1,7.675173404,Food
FDP09,19.75,Low Fat,0.033942546,Snack Foods,213.5902,OUT049,Medium,Tier 1,Supermarket Type1,8.403171767,Food
FDK55,18.5,Low Fat,0.025740259,Meat,89.4172,OUT013,High,Tier 3,Supermarket Type1,7.38206811,Food
NCJ43,6.635,Non-Edible,0.026938317,Household,174.1396,OUT027,Medium,Tier 3,Supermarket Type3,8.29732198,Non-Consumable
FDI07,12.35,Regular,0.033754478,Meat,199.0426,OUT035,Small,Tier 2,Supermarket Type1,8.12047696,Food
NCW41,18,Non-Edible,0.015375557,Health and Hygiene,156.9604,OUT027,Medium,Tier 3,Supermarket Type3,8.361575289,Non-Consumable
FDG33,5.365,Regular,0.140458316,Seafood,169.7764,OUT049,Medium,Tier 1,Supermarket Type1,8.090938959,Food
NCO05,7.27,Non-Edible,0.046333982,Health and Hygiene,97.2384,OUT027,Medium,Tier 3,Supermarket Type3,7.886658979,Non-Consumable
FDH53,20.5,Regular,0.022449463,Frozen Foods,82.8592,OUT035,Small,Tier 2,Supermarket Type1,6.812511417,Food
FDR49,8.71,Low Fat,0.139228412,Canned,49.5376,OUT046,Small,Tier 1,Supermarket Type1,7.08961006,Food
FDF33,7.97,Low Fat,0.025194946,Seafood,109.4596,OUT027,Medium,Tier 3,Supermarket Type3,7.514588948,Food
FDQ51,16,Regular,0.020482038,Meat,48.1718,OUT017,Small,Tier 2,Supermarket Type1,6.629823913,Food
FDZ38,17.6,Low Fat,0.00799436,Dairy,171.6422,OUT013,High,Tier 3,Supermarket Type1,8.241368119,Food
FDV52,20.7,Regular,0.121767168,Frozen Foods,118.9466,OUT045,Small,Tier 2,Supermarket Type1,5.87082061,Food
FDM50,13,Regular,0.030083482,Canned,61.922,OUT035,Small,Tier 2,Supermarket Type1,7.351781909,Food
FDV60,20.2,Regular,0.118025091,Baking Goods,195.811,OUT017,Small,Tier 2,Supermarket Type1,7.845550327,Food
FDG60,20.35,Low Fat,0.060649213,Baking Goods,232.7616,OUT013,High,Tier 3,Supermarket Type1,7.942127384,Food
FDN13,18.6,Low Fat,0.151931742,Breakfast,101.1358,OUT013,High,Tier 3,Supermarket Type1,7.009312993,Food
DRN59,15,Low Fat,0.063831013,Hard Drinks,46.206,OUT027,Medium,Tier 3,Supermarket Type3,7.174699807,Drinks
FDU02,13.35,Low Fat,0.103091351,Dairy,229.9352,OUT017,Small,Tier 2,Supermarket Type1,7.832167819,Food
FDZ58,17.85,Low Fat,0.052389407,Snack Foods,120.9072,OUT018,Medium,Tier 3,Supermarket Type2,7.94401886,Food
NCQ38,16.35,Non-Edible,0.013355306,Others,105.528,OUT013,High,Tier 3,Supermarket Type1,7.613340782,Non-Consumable
FDF39,14.85,Regular,0.019550858,Dairy,263.791,OUT045,Small,Tier 2,Supermarket Type1,8.344946156,Food
FDT03,21.25,Low Fat,0.01005532,Meat,183.1608,OUT017,Small,Tier 2,Supermarket Type1,7.922047838,Food
FDN09,14.15,Low Fat,0.034845668,Snack Foods,242.7828,OUT013,High,Tier 3,Supermarket Type1,8.061132356,Food
FDJ02,17.2,Regular,0.025162022,Canned,145.9418,OUT035,Small,Tier 2,Supermarket Type1,7.476869584,Food
FDN44,13.15,Low Fat,0.022685222,Fruits and Vegetables,161.592,OUT027,Medium,Tier 3,Supermarket Type3,8.369941591,Food
FDQ34,10.85,Low Fat,0.162571649,Snack Foods,107.4622,OUT045,Small,Tier 2,Supermarket Type1,6.273463627,Food
FDX31,20.35,Regular,0.014825605,Fruits and Vegetables,233.2958,OUT046,Small,Tier 1,Supermarket Type1,8.344629725,Food
NCH55,16.35,Non-Edible,0.058034349,Household,124.802,OUT010,Small,Tier 3,Grocery Store,5.537350015,Non-Consumable
DRM47,9.3,Low Fat,0.043785694,Hard Drinks,191.6846,OUT046,Small,Tier 1,Supermarket Type1,8.025632011,Drinks
DRL01,19.5,Regular,0.076798609,Soft Drinks,231.8958,OUT027,Medium,Tier 3,Supermarket Type3,9.037658064,Drinks
FDO12,15.75,Low Fat,0.055241242,Baking Goods,196.5452,OUT017,Small,Tier 2,Supermarket Type1,8.049721777,Food
NCK30,14.85,Non-Edible,0.061102235,Household,253.2698,OUT045,Small,Tier 2,Supermarket Type1,7.733695917,Non-Consumable
FDP16,18.6,Low Fat,0.039517121,Frozen Foods,243.6802,OUT017,Small,Tier 2,Supermarket Type1,8.682254103,Food
NCG06,16.35,Non-Edible,0.029565309,Household,256.4646,OUT018,Medium,Tier 3,Supermarket Type2,6.246744547,Non-Consumable
FDX36,9.695,Regular,0.128283243,Baking Goods,226.1404,OUT046,Small,Tier 1,Supermarket Type1,8.124626342,Food
FDT09,15.15,Regular,0.012332667,Snack Foods,130.0284,OUT017,Small,Tier 2,Supermarket Type1,8.177618852,Food
FDF08,14.3,Regular,0.065195229,Fruits and Vegetables,88.9856,OUT035,Small,Tier 2,Supermarket Type1,7.421073633,Food
FDA43,10.895,Low Fat,0.108253944,Fruits and Vegetables,194.8794,OUT010,Small,Tier 3,Grocery Store,6.373726192,Food
NCN06,8.39,Non-Edible,0.121178848,Household,165.1868,OUT017,Small,Tier 2,Supermarket Type1,7.932138009,Non-Consumable
DRF15,18.35,Low Fat,0.04157223,Dairy,151.934,OUT013,High,Tier 3,Supermarket Type1,5.727720331,Drinks
NCX05,15.2,Non-Edible,0.09698132,Health and Hygiene,116.3492,OUT013,High,Tier 3,Supermarket Type1,7.843724081,Non-Consumable
FDM21,20.2,Low Fat,0.064351908,Snack Foods,259.4646,OUT035,Small,Tier 2,Supermarket Type1,7.63158529,Food
NCG54,12.1,Non-Edible,0.079419801,Household,172.3106,OUT027,Medium,Tier 3,Supermarket Type3,8.608228648,Non-Consumable
FDD26,8.71,Regular,0.072301795,Canned,185.6924,OUT045,Small,Tier 2,Supermarket Type1,8.111527023,Food
FDU23,12.15,Low Fat,0.021719387,Breads,163.1184,OUT035,Small,Tier 2,Supermarket Type1,8.151473582,Food
FDO37,8.06,Low Fat,0.021420031,Breakfast,232.0326,OUT045,Small,Tier 2,Supermarket Type1,8.007841081,Food
FDP19,11.5,Low Fat,0.290430317,Fruits and Vegetables,130.6652,OUT010,Small,Tier 3,Grocery Store,5.558102924,Food
FDT13,14.85,Low Fat,0.018571641,Canned,187.3214,OUT046,Small,Tier 1,Supermarket Type1,8.374405883,Food
FDY07,11.8,Low Fat,0.121879573,Fruits and Vegetables,45.2402,OUT018,Medium,Tier 3,Supermarket Type2,7.047086694,Food
DRI47,14.7,Low Fat,0.020952705,Hard Drinks,143.5128,OUT049,Medium,Tier 1,Supermarket Type1,7.802134743,Drinks
NCW42,18.2,Non-Edible,0.102371638,Household,221.2456,OUT019,Small,Tier 1,Grocery Store,6.498488152,Non-Consumable
NCQ50,18.75,Non-Edible,0.034278798,Household,214.1218,OUT013,High,Tier 3,Supermarket Type1,8.409420391,Non-Consumable
FDQ09,7.235,Low Fat,0.058129469,Snack Foods,115.1834,OUT045,Small,Tier 2,Supermarket Type1,7.232155513,Food
FDI20,19.1,Low Fat,0.038377013,Fruits and Vegetables,211.5586,OUT027,Medium,Tier 3,Supermarket Type3,8.396883852,Food
NCP05,19.6,Non-Edible,0.025325897,Health and Hygiene,150.9024,OUT049,Medium,Tier 1,Supermarket Type1,8.241718966,Non-Consumable
FDH02,7.27,Regular,0.020898691,Canned,92.2488,OUT017,Small,Tier 2,Supermarket Type1,6.704339842,Food
FDH45,15.1,Regular,0.105881129,Fruits and Vegetables,42.0796,OUT045,Small,Tier 2,Supermarket Type1,6.120463559,Food
DRG49,7.81,Low Fat,0.112906337,Soft Drinks,243.5486,OUT010,Small,Tier 3,Grocery Store,6.193787241,Drinks
FDA37,7.81,Regular,0.055216312,Canned,125.5046,OUT035,Small,Tier 2,Supermarket Type1,8.08274807,Food
FDS13,6.465,Low Fat,0.125210375,Canned,266.8884,OUT017,Small,Tier 2,Supermarket Type1,6.966923405,Food
NCW42,18.2,Non-Edible,0.058185842,Household,220.8456,OUT027,Medium,Tier 3,Supermarket Type3,8.343046069,Non-Consumable
FDK15,10.8,Low Fat,0.098814721,Meat,100.5042,OUT018,Medium,Tier 3,Supermarket Type2,7.542149728,Food
FDX51,9.5,Regular,0.022058724,Meat,196.8452,OUT046,Small,Tier 1,Supermarket Type1,8.167469347,Food
FDJ20,20.7,Regular,0.100091576,Fruits and Vegetables,125.5388,OUT013,High,Tier 3,Supermarket Type1,7.652668952,Food
DRK59,8.895,Low Fat,0.075876602,Hard Drinks,235.9616,OUT017,Small,Tier 2,Supermarket Type1,7.536839985,Drinks
FDL45,15.6,Low Fat,0.037841362,Snack Foods,125.2704,OUT018,Medium,Tier 3,Supermarket Type2,7.874578808,Food
FDH41,9,Low Fat,0.081943273,Frozen Foods,214.5534,OUT013,High,Tier 3,Supermarket Type1,8.143765675,Food
FDD05,19.35,Low Fat,0.016645164,Frozen Foods,120.9098,OUT045,Small,Tier 2,Supermarket Type1,7.431380951,Food
FDZ39,19.7,Regular,0.018061324,Meat,102.599,OUT045,Small,Tier 2,Supermarket Type1,7.63287582,Food
FDY35,17.6,Regular,0.028062401,Breads,44.0402,OUT019,Small,Tier 1,Grocery Store,4.531312644,Food
NCE06,5.825,Non-Edible,0.091857904,Household,160.7894,OUT018,Medium,Tier 3,Supermarket Type2,7.389498479,Non-Consumable
FDE57,9.6,Low Fat,0.036109413,Fruits and Vegetables,140.6154,OUT027,Medium,Tier 3,Supermarket Type3,8.420482447,Food
FDD33,12.85,Low Fat,0.108633372,Fruits and Vegetables,233.8642,OUT018,Medium,Tier 3,Supermarket Type2,7.751321328,Food
FDQ10,12.85,Low Fat,0.03324652,Snack Foods,172.4422,OUT045,Small,Tier 2,Supermarket Type1,8.408381661,Food
FDN15,17.5,Low Fat,0.016720132,Meat,139.918,OUT013,High,Tier 3,Supermarket Type1,6.04133508,Food
FDS50,17,Low Fat,0.055433377,Dairy,221.1114,OUT046,Small,Tier 1,Supermarket Type1,8.397334303,Food
FDX21,7.05,Low Fat,0.084966021,Snack Foods,111.1912,OUT046,Small,Tier 1,Supermarket Type1,7.583980894,Food
FDL58,5.78,Regular,0.074135053,Snack Foods,264.0568,OUT035,Small,Tier 2,Supermarket Type1,7.654563788,Food
FDK09,15.2,Low Fat,0.091745951,Snack Foods,229.0352,OUT035,Small,Tier 2,Supermarket Type1,7.736897315,Food
FDS08,5.735,Low Fat,0.056685383,Fruits and Vegetables,178.437,OUT027,Medium,Tier 3,Supermarket Type3,8.063650455,Food
FDE20,11.35,Regular,0.00552947,Fruits and Vegetables,169.279,OUT035,Small,Tier 2,Supermarket Type1,7.773975547,Food
FDF04,17.5,Low Fat,0.013664703,Frozen Foods,257.7304,OUT045,Small,Tier 2,Supermarket Type1,8.645457779,Food
FDA50,16.25,Low Fat,0.087310672,Dairy,95.541,OUT049,Medium,Tier 1,Supermarket Type1,7.343203695,Food
FDX08,12.85,Low Fat,0.022639195,Fruits and Vegetables,179.7318,OUT049,Medium,Tier 1,Supermarket Type1,7.680721265,Food
FDD05,19.35,Low Fat,0.016531033,Frozen Foods,122.4098,OUT027,Medium,Tier 3,Supermarket Type3,8.01093877,Food
FDG41,8.84,Regular,0.076873991,Frozen Foods,109.9228,OUT018,Medium,Tier 3,Supermarket Type2,7.344925234,Food
FDU39,18.85,Low Fat,0.035863436,Meat,58.3562,OUT027,Medium,Tier 3,Supermarket Type3,7.027197205,Food
NCQ43,17.75,Non-Edible,0.111301625,Others,107.5912,OUT046,Small,Tier 1,Supermarket Type1,7.33281175,Non-Consumable
NCY42,6.38,Non-Edible,0.015193323,Household,143.347,OUT045,Small,Tier 2,Supermarket Type1,6.756795171,Non-Consumable
FDF26,6.825,Regular,0.046408928,Canned,153.2998,OUT027,Medium,Tier 3,Supermarket Type3,8.293998339,Food
FDC20,10.65,Low Fat,0.02762773,Fruits and Vegetables,57.1272,OUT035,Small,Tier 2,Supermarket Type1,5.637058456,Food
FDX14,13.1,Low Fat,0.07494003,Dairy,75.0354,OUT046,Small,Tier 1,Supermarket Type1,6.806635536,Food
DRC49,8.67,Low Fat,0.065119701,Soft Drinks,145.7128,OUT027,Medium,Tier 3,Supermarket Type3,8.300965272,Drinks
FDM40,10.195,Low Fat,0.159870401,Frozen Foods,143.1154,OUT017,Small,Tier 2,Supermarket Type1,7.788154259,Food
FDE10,6.67,Regular,0.090456903,Snack Foods,131.2626,OUT017,Small,Tier 2,Supermarket Type1,7.649502891,Food
NCU17,5.32,Non-Edible,0.093071679,Health and Hygiene,103.8674,OUT045,Small,Tier 2,Supermarket Type1,6.235071292,Non-Consumable
FDB36,5.465,Regular,0.048292189,Baking Goods,133.1626,OUT027,Medium,Tier 3,Supermarket Type3,7.821277943,Food
DRF13,12.1,Low Fat,0.029902679,Soft Drinks,144.3444,OUT018,Medium,Tier 3,Supermarket Type2,7.058031491,Drinks
FDL13,13.85,Regular,0.056547986,Breakfast,232.73,OUT018,Medium,Tier 3,Supermarket Type2,8.747162991,Food
NCH55,16.35,Non-Edible,0.034726222,Household,125.602,OUT049,Medium,Tier 1,Supermarket Type1,8.01864127,Non-Consumable
NCF18,18.35,Non-Edible,0.088908547,Household,192.8504,OUT013,High,Tier 3,Supermarket Type1,7.964592341,Non-Consumable
FDC09,15.5,Regular,0.044024163,Fruits and Vegetables,102.0332,OUT010,Small,Tier 3,Grocery Store,4.639892334,Food
FDV09,12.1,Low Fat,0.020568574,Snack Foods,150.4734,OUT046,Small,Tier 1,Supermarket Type1,7.639944118,Food
FDV09,12.1,Low Fat,0.020564685,Snack Foods,148.2734,OUT035,Small,Tier 2,Supermarket Type1,8.09175437,Food
FDU16,19.25,Regular,0.058226609,Frozen Foods,85.2908,OUT013,High,Tier 3,Supermarket Type1,6.510446418,Food
FDD26,8.71,Regular,0.072155462,Canned,183.3924,OUT046,Small,Tier 1,Supermarket Type1,8.05438626,Food
NCA29,10.5,Non-Edible,0.027253711,Household,170.9106,OUT013,High,Tier 3,Supermarket Type1,8.087056651,Non-Consumable
FDZ26,11.6,Regular,0.144604071,Dairy,240.8222,OUT018,Medium,Tier 3,Supermarket Type2,8.184885511,Food
FDT56,16,Regular,0.193477995,Fruits and Vegetables,55.9246,OUT010,Small,Tier 3,Grocery Store,6.007515538,Food
FDF22,6.865,Low Fat,0.056945936,Snack Foods,214.6218,OUT045,Small,Tier 2,Supermarket Type1,7.562419498,Food
FDH21,10.395,Low Fat,0.031288338,Seafood,159.5604,OUT045,Small,Tier 2,Supermarket Type1,7.956227012,Food
FDD44,8.05,Regular,0.078400465,Fruits and Vegetables,259.0646,OUT046,Small,Tier 1,Supermarket Type1,8.385100352,Food
FDS56,5.785,Regular,0.038976089,Fruits and Vegetables,264.2252,OUT017,Small,Tier 2,Supermarket Type1,8.277889262,Food
FDF21,10.3,Regular,0.058918844,Fruits and Vegetables,191.653,OUT049,Medium,Tier 1,Supermarket Type1,8.578115933,Food
FDM44,12.5,Low Fat,0.031176157,Fruits and Vegetables,103.099,OUT018,Medium,Tier 3,Supermarket Type2,6.583952643,Food
DRK01,7.63,Low Fat,0.061159246,Soft Drinks,92.5436,OUT049,Medium,Tier 1,Supermarket Type1,7.382896438,Drinks
FDO22,13.5,Regular,0.019902225,Snack Foods,78.396,OUT035,Small,Tier 2,Supermarket Type1,7.271792654,Food
FDP57,17.5,Low Fat,0.052550476,Snack Foods,101.299,OUT045,Small,Tier 2,Supermarket Type1,6.583952643,Food
DRF49,7.27,Low Fat,0.124448295,Soft Drinks,112.0518,OUT019,Small,Tier 1,Grocery Store,4.743642602,Drinks
DRK11,8.21,Low Fat,0.010808272,Hard Drinks,150.5392,OUT018,Medium,Tier 3,Supermarket Type2,6.951747666,Drinks
FDT51,11.65,Regular,0.010963269,Meat,110.9544,OUT018,Medium,Tier 3,Supermarket Type2,5.818785947,Food
FDE58,18.5,Low Fat,0.052087534,Snack Foods,119.8124,OUT017,Small,Tier 2,Supermarket Type1,8.301626265,Food
FDT23,7.72,Regular,0.075035902,Breads,78.7986,OUT018,Medium,Tier 3,Supermarket Type2,6.754469592,Food
NCT42,5.88,Non-Edible,0.024882614,Household,149.4392,OUT035,Small,Tier 2,Supermarket Type1,7.403384744,Non-Consumable
FDJ41,6.85,Low Fat,0.022878953,Frozen Foods,262.3594,OUT035,Small,Tier 2,Supermarket Type1,8.275348611,Food
NCF42,17.35,Non-Edible,0.166572501,Household,176.1712,OUT027,Medium,Tier 3,Supermarket Type3,8.213976465,Non-Consumable
FDA19,7.52,Low Fat,0.055081623,Fruits and Vegetables,128.8994,OUT013,High,Tier 3,Supermarket Type1,7.628999223,Food
FDW09,13.65,Regular,0.025920816,Snack Foods,81.2302,OUT046,Small,Tier 1,Supermarket Type1,7.6309394,Food
NCO14,9.6,Non-Edible,0.029500321,Household,46.2086,OUT027,Medium,Tier 3,Supermarket Type3,6.689543049,Non-Consumable
FDO39,6.985,Regular,0.137645467,Meat,185.2608,OUT045,Small,Tier 2,Supermarket Type1,7.986563692,Food
FDR45,10.8,Low Fat,0.029032426,Snack Foods,240.6222,OUT027,Medium,Tier 3,Supermarket Type3,8.367160594,Food
FDA15,9.3,Low Fat,0.026818196,Dairy,248.9092,OUT010,Small,Tier 3,Grocery Store,6.212642969,Food
FDY13,12.1,Low Fat,0.030102335,Canned,74.767,OUT013,High,Tier 3,Supermarket Type1,7.705912264,Food
FDY31,5.98,Low Fat,0.043740308,Fruits and Vegetables,145.3418,OUT018,Medium,Tier 3,Supermarket Type2,7.76441014,Food
NCS29,9,Non-Edible,0.069653585,Health and Hygiene,266.2884,OUT049,Medium,Tier 1,Supermarket Type1,7.977924334,Non-Consumable
FDJ52,7.145,Low Fat,0.01785932,Frozen Foods,160.6578,OUT018,Medium,Tier 3,Supermarket Type2,7.717533365,Food
NCX41,19,Non-Edible,0.017755213,Health and Hygiene,211.7244,OUT045,Small,Tier 2,Supermarket Type1,7.920598037,Non-Consumable
FDQ36,7.855,Regular,0.161875063,Baking Goods,35.6848,OUT045,Small,Tier 2,Supermarket Type1,5.818785947,Food
FDV35,19.5,Low Fat,0.128181759,Breads,156.1314,OUT035,Small,Tier 2,Supermarket Type1,7.935002313,Food
FDE02,8.71,Low Fat,0.121250374,Canned,92.7778,OUT046,Small,Tier 1,Supermarket Type1,6.940857118,Food
FDA34,11.5,Low Fat,0.014921093,Starchy Foods,173.908,OUT018,Medium,Tier 3,Supermarket Type2,7.100650735,Food
NCL42,18.85,Non-Edible,0.040434372,Household,244.3144,OUT049,Medium,Tier 1,Supermarket Type1,8.636988636,Non-Consumable
FDE14,13.65,Regular,0.031508924,Canned,98.77,OUT045,Small,Tier 2,Supermarket Type1,7.437671512,Food
DRD25,6.135,Low Fat,0.079094835,Soft Drinks,114.386,OUT049,Medium,Tier 1,Supermarket Type1,6.927238247,Drinks
DRF01,5.655,Low Fat,0.175793413,Soft Drinks,146.9102,OUT018,Medium,Tier 3,Supermarket Type2,7.467783782,Drinks
FDF39,14.85,Regular,0.019495051,Dairy,261.291,OUT013,High,Tier 3,Supermarket Type1,9.23577895,Food
FDP01,20.75,Regular,0.063313974,Breakfast,153.7682,OUT035,Small,Tier 2,Supermarket Type1,7.512409112,Food
FDB10,10,Low Fat,0.0674819,Snack Foods,234.859,OUT018,Medium,Tier 3,Supermarket Type2,7.075635561,Food
FDY14,10.3,Low Fat,0.070026951,Dairy,263.6226,OUT035,Small,Tier 2,Supermarket Type1,8.79619747,Food
FDR57,5.675,Regular,0.023496967,Snack Foods,156.1288,OUT046,Small,Tier 1,Supermarket Type1,7.947791114,Food
NCH29,5.51,Non-Edible,0.034531231,Health and Hygiene,98.9726,OUT018,Medium,Tier 3,Supermarket Type2,7.356893737,Non-Consumable
FDJ45,17.75,Low Fat,0.073559521,Seafood,33.9216,OUT045,Small,Tier 2,Supermarket Type1,6.723734359,Food
FDZ48,17.75,Low Fat,0.07626905,Baking Goods,113.1544,OUT018,Medium,Tier 3,Supermarket Type2,6.915415465,Food
FDV44,8.365,Regular,0.039925235,Fruits and Vegetables,189.2188,OUT045,Small,Tier 2,Supermarket Type1,8.427498479,Food
FDR01,5.405,Regular,0.093883945,Canned,200.4742,OUT019,Small,Tier 1,Grocery Store,5.989333278,Food
FDZ57,10,Regular,0.03773288,Snack Foods,128.2994,OUT013,High,Tier 3,Supermarket Type1,7.254526725,Food
FDI08,18.2,Regular,0.066400129,Fruits and Vegetables,250.1092,OUT049,Medium,Tier 1,Supermarket Type1,8.653158649,Food
DRA24,19.35,Regular,0.039920687,Soft Drinks,163.3868,OUT035,Small,Tier 2,Supermarket Type1,8.143378716,Drinks
FDS39,6.895,Low Fat,0.022351808,Meat,143.7812,OUT027,Medium,Tier 3,Supermarket Type3,8.51475863,Food
NCL31,7.39,Non-Edible,0.120180894,Others,141.447,OUT013,High,Tier 3,Supermarket Type1,7.736897315,Non-Consumable
FDD34,7.945,Low Fat,0.015900971,Snack Foods,163.821,OUT049,Medium,Tier 1,Supermarket Type1,7.492944685,Food
FDC34,16,Regular,0.172759093,Snack Foods,157.0972,OUT046,Small,Tier 1,Supermarket Type1,8.449966474,Food
NCK05,20.1,Non-Edible,0.077454252,Health and Hygiene,59.2536,OUT046,Small,Tier 1,Supermarket Type1,6.601288813,Non-Consumable
FDB32,20.6,Low Fat,0.039255412,Fruits and Vegetables,94.4778,OUT010,Small,Tier 3,Grocery Store,4.552589748,Food
FDC03,8.575,Regular,0.072252888,Dairy,196.5794,OUT017,Small,Tier 2,Supermarket Type1,8.569433359,Food
FDO19,17.7,Regular,0.016664252,Fruits and Vegetables,47.9034,OUT018,Medium,Tier 3,Supermarket Type2,6.593114395,Food
FDZ28,20,Regular,0.086187886,Frozen Foods,125.4678,OUT010,Small,Tier 3,Grocery Store,4.853340343,Food
FDK28,5.695,Low Fat,0.109784056,Frozen Foods,256.0646,OUT010,Small,Tier 3,Grocery Store,7.161872553,Food
NCU30,5.11,Non-Edible,0.034940039,Household,164.721,OUT018,Medium,Tier 3,Supermarket Type2,8.185813327,Non-Consumable
FDV57,15.25,Regular,0.065916805,Snack Foods,178.166,OUT045,Small,Tier 2,Supermarket Type1,8.487698879,Food
FDB02,9.695,Regular,0.029023048,Canned,177.837,OUT027,Medium,Tier 3,Supermarket Type3,8.810699172,Food
FDD52,18.25,Regular,0.183142346,Dairy,110.357,OUT013,High,Tier 3,Supermarket Type1,7.644097476,Food
FDN34,15.6,Regular,0.0526568,Snack Foods,170.6132,OUT013,High,Tier 3,Supermarket Type1,8.794281568,Food
FDB50,13,Low Fat,0.153857402,Canned,76.3986,OUT049,Medium,Tier 1,Supermarket Type1,6.659275971,Food
FDS55,7.02,Low Fat,0.081290366,Fruits and Vegetables,147.3734,OUT049,Medium,Tier 1,Supermarket Type1,7.834015272,Food
FDR21,19.7,Low Fat,0.066935459,Snack Foods,177.537,OUT046,Small,Tier 1,Supermarket Type1,8.063650455,Food
NCD07,9.1,Non-Edible,0.055514919,Household,112.5518,OUT049,Medium,Tier 1,Supermarket Type1,5.836433396,Non-Consumable
FDO11,8,Regular,0.050657232,Breads,249.9092,OUT010,Small,Tier 3,Grocery Store,5.521497717,Food
NCC54,17.75,Non-Edible,0.098108957,Health and Hygiene,240.9196,OUT018,Medium,Tier 3,Supermarket Type2,8.429535584,Non-Consumable
FDV35,19.5,Low Fat,0.128405328,Breads,156.4314,OUT049,Medium,Tier 1,Supermarket Type1,7.752752352,Food
NCU29,7.685,Non-Edible,0.025477448,Health and Hygiene,145.276,OUT046,Small,Tier 1,Supermarket Type1,8.165199843,Non-Consumable
NCZ53,9.6,Non-Edible,0.040969757,Health and Hygiene,188.7214,OUT010,Small,Tier 3,Grocery Store,5.934478236,Non-Consumable
DRE03,19.6,Low Fat,0.040550868,Dairy,45.5718,OUT010,Small,Tier 3,Grocery Store,3.876847539,Drinks
FDZ09,17.6,Low Fat,0.175545889,Snack Foods,163.6868,OUT010,Small,Tier 3,Grocery Store,5.104652517,Food
FDE40,15.6,Regular,0.099344826,Dairy,63.6194,OUT045,Small,Tier 2,Supermarket Type1,6.61208512,Food
NCS18,12.65,Non-Edible,0.042276746,Household,108.4938,OUT049,Medium,Tier 1,Supermarket Type1,7.314361869,Non-Consumable
FDX24,8.355,Low Fat,0.013861607,Baking Goods,94.4462,OUT027,Medium,Tier 3,Supermarket Type3,7.619241467,Food
FDS34,19.35,Regular,0.076387367,Snack Foods,112.1518,OUT027,Medium,Tier 3,Supermarket Type3,8.261516428,Food
NCS53,14.5,Non-Edible,0.08996026,Health and Hygiene,159.5604,OUT045,Small,Tier 2,Supermarket Type1,7.263430243,Non-Consumable
FDH38,6.425,Low Fat,0.010480751,Canned,116.5808,OUT018,Medium,Tier 3,Supermarket Type2,7.808646769,Food
DRM35,9.695,Low Fat,0.070587419,Hard Drinks,176.9344,OUT045,Small,Tier 2,Supermarket Type1,8.680898401,Drinks
DRI25,19.6,Low Fat,0.03387323,Soft Drinks,56.1614,OUT013,High,Tier 3,Supermarket Type1,6.721330516,Drinks
NCP06,20.7,Non-Edible,0.039238384,Household,152.8366,OUT035,Small,Tier 2,Supermarket Type1,7.85178654,Non-Consumable
FDT02,12.6,Low Fat,0.024331586,Dairy,34.9874,OUT017,Small,Tier 2,Supermarket Type1,6.273463627,Food
NCP14,8.275,Non-Edible,0.110197977,Household,104.2306,OUT013,High,Tier 3,Supermarket Type1,8.205101206,Non-Consumable
NCD43,8.85,Non-Edible,0.028048877,Household,106.1964,OUT019,Small,Tier 1,Grocery Store,5.353718014,Non-Consumable
FDP20,19.85,Low Fat,0.045631231,Fruits and Vegetables,128.102,OUT013,High,Tier 3,Supermarket Type1,7.1436334,Food
FDK04,7.36,Low Fat,0.087559621,Frozen Foods,55.2588,OUT010,Small,Tier 3,Grocery Store,5.438232341,Food
FDQ15,20.35,Regular,0.252865979,Meat,82.7276,OUT010,Small,Tier 3,Grocery Store,5.096538947,Food
FDE11,17.7,Regular,0.135306012,Starchy Foods,183.7924,OUT049,Medium,Tier 1,Supermarket Type1,7.706211934,Food
FDN01,8.895,Low Fat,0.126760908,Breakfast,176.937,OUT019,Small,Tier 1,Grocery Store,5.868940918,Food
FDC29,8.39,Regular,0.024201084,Frozen Foods,112.6176,OUT035,Small,Tier 2,Supermarket Type1,7.68562699,Food
FDC48,9.195,Low Fat,0.015856295,Baking Goods,81.6592,OUT035,Small,Tier 2,Supermarket Type1,7.247441203,Food
DRF27,8.93,Low Fat,0.028411899,Dairy,152.334,OUT035,Small,Tier 2,Supermarket Type1,7.670837021,Drinks
NCB55,15.7,Non-Edible,0.160529322,Household,59.2562,OUT013,High,Tier 3,Supermarket Type1,5.694677819,Non-Consumable
NCX30,16.7,Non-Edible,0.026771204,Household,246.3776,OUT017,Small,Tier 2,Supermarket Type1,7.592074003,Non-Consumable
DRN36,15.2,Low Fat,0.049934854,Soft Drinks,95.0752,OUT027,Medium,Tier 3,Supermarket Type3,7.859270442,Drinks
FDP08,20.5,Regular,0.113045883,Fruits and Vegetables,194.1478,OUT017,Small,Tier 2,Supermarket Type1,7.974951545,Food
NCD31,12.1,Non-Edible,0.015359722,Household,163.7526,OUT027,Medium,Tier 3,Supermarket Type3,7.588035636,Non-Consumable
FDK45,11.65,Low Fat,0.034049703,Seafood,112.286,OUT017,Small,Tier 2,Supermarket Type1,6.117533162,Food
DRE49,20.75,Low Fat,0.02128304,Soft Drinks,153.5024,OUT049,Medium,Tier 1,Supermarket Type1,7.795580032,Drinks
FDU52,7.56,Low Fat,0.063462048,Frozen Foods,157.563,OUT027,Medium,Tier 3,Supermarket Type3,7.45129569,Food
FDD53,16.2,Low Fat,0.074019393,Frozen Foods,41.7454,OUT010,Small,Tier 3,Grocery Store,4.441365725,Food
FDF11,10.195,Regular,0.017666978,Starchy Foods,239.4538,OUT045,Small,Tier 2,Supermarket Type1,8.426769935,Food
NCR30,20.6,Non-Edible,0.124299531,Household,73.4696,OUT019,Small,Tier 1,Grocery Store,5.701374244,Non-Consumable
FDD03,13.3,Low Fat,0.079739853,Dairy,233.03,OUT013,High,Tier 3,Supermarket Type1,8.586847977,Food
FDF09,6.215,Low Fat,0.012167793,Fruits and Vegetables,37.4848,OUT049,Medium,Tier 1,Supermarket Type1,4.726098492,Food
FDS33,6.67,Regular,0.136731293,Snack Foods,90.5514,OUT018,Medium,Tier 3,Supermarket Type2,6.882504546,Food
FDK03,12.6,Regular,0.074338562,Dairy,255.5356,OUT017,Small,Tier 2,Supermarket Type1,9.176344278,Food
FDD29,12.15,Low Fat,0.018407033,Frozen Foods,254.7698,OUT035,Small,Tier 2,Supermarket Type1,8.67169902,Food
FDD02,16.6,Low Fat,0.050369191,Canned,117.2124,OUT049,Medium,Tier 1,Supermarket Type1,7.26062716,Food
FDF29,15.1,Regular,0.019837655,Frozen Foods,128.131,OUT027,Medium,Tier 3,Supermarket Type3,7.431775273,Food
FDP59,20.85,Regular,0.056465714,Breads,103.6648,OUT046,Small,Tier 1,Supermarket Type1,7.734570043,Food
NCN17,11,Non-Edible,0.054928641,Health and Hygiene,101.7358,OUT035,Small,Tier 2,Supermarket Type1,7.319226978,Non-Consumable
NCM55,15.6,Non-Edible,0.066829875,Others,185.5924,OUT049,Medium,Tier 1,Supermarket Type1,8.05438626,Non-Consumable
FDD39,16.7,Low Fat,0.122832172,Dairy,217.685,OUT019,Small,Tier 1,Grocery Store,6.07251444,Food
FDS02,10.195,Regular,0.146692433,Dairy,194.5794,OUT017,Small,Tier 2,Supermarket Type1,8.318173164,Food
FDN16,12.6,Regular,0.062827447,Frozen Foods,105.099,OUT045,Small,Tier 2,Supermarket Type1,7.276408397,Food
FDM21,20.2,Low Fat,0.064464147,Snack Foods,255.7646,OUT049,Medium,Tier 1,Supermarket Type1,8.59636597,Food
FDJ04,18,Low Fat,0.124959013,Frozen Foods,116.5124,OUT018,Medium,Tier 3,Supermarket Type2,5.876438582,Food
FDT50,6.75,Regular,0.108244134,Dairy,96.7752,OUT049,Medium,Tier 1,Supermarket Type1,7.202849414,Food
FDM27,12.35,Regular,0.15911489,Meat,158.1946,OUT018,Medium,Tier 3,Supermarket Type2,7.008109263,Food
FDT19,7.59,Regular,0.145335007,Fruits and Vegetables,173.108,OUT045,Small,Tier 2,Supermarket Type1,7.639303606,Food
FDQ39,14.8,Low Fat,0.081168135,Meat,190.5846,OUT049,Medium,Tier 1,Supermarket Type1,8.197430639,Food
NCU30,5.11,Non-Edible,0.034874689,Household,161.721,OUT046,Small,Tier 1,Supermarket Type1,7.802951069,Non-Consumable
FDY27,6.38,Low Fat,0.031898175,Dairy,177.4344,OUT046,Small,Tier 1,Supermarket Type1,7.487366393,Food
FDW14,8.3,Regular,0.038211537,Dairy,87.7198,OUT046,Small,Tier 1,Supermarket Type1,7.359439885,Food
FDJ21,16.7,Regular,0.03874616,Snack Foods,143.8102,OUT017,Small,Tier 2,Supermarket Type1,8.479021141,Food
FDX47,6.55,Regular,0.03443677,Breads,156.5288,OUT027,Medium,Tier 3,Supermarket Type3,8.491258332,Food
FDK56,9.695,Low Fat,0.130261652,Fruits and Vegetables,185.2898,OUT045,Small,Tier 2,Supermarket Type1,8.122257375,Food
NCN05,8.235,Non-Edible,0.014456938,Health and Hygiene,184.795,OUT035,Small,Tier 2,Supermarket Type1,7.290129158,Non-Consumable
FDC26,10.195,Low Fat,0.126383094,Canned,112.1886,OUT046,Small,Tier 1,Supermarket Type1,6.50448516,Food
FDT14,10.695,Regular,0.127620811,Dairy,119.244,OUT013,High,Tier 3,Supermarket Type1,8.153774416,Food
FDS36,8.38,Regular,0.046878474,Baking Goods,109.857,OUT035,Small,Tier 2,Supermarket Type1,7.744135328,Food
FDR48,11.65,Low Fat,0.220111117,Baking Goods,153.0024,OUT010,Small,Tier 3,Grocery Store,6.123385393,Food
FDM04,9.195,Regular,0.0471117,Frozen Foods,52.0666,OUT035,Small,Tier 2,Supermarket Type1,6.423570288,Food
FDZ37,8.1,Regular,0.019768503,Canned,88.6198,OUT046,Small,Tier 1,Supermarket Type1,7.359439885,Food
FDE46,18.6,Low Fat,0.015858893,Snack Foods,152.9366,OUT017,Small,Tier 2,Supermarket Type1,6.118999434,Food
NCQ53,17.6,Non-Edible,0.018905326,Health and Hygiene,234.659,OUT046,Small,Tier 1,Supermarket Type1,9.048988291,Non-Consumable
NCN42,20.25,Non-Edible,0.014280554,Household,148.0418,OUT018,Medium,Tier 3,Supermarket Type2,7.071687449,Non-Consumable
DRH11,5.98,Low Fat,0.075675438,Hard Drinks,53.3614,OUT049,Medium,Tier 1,Supermarket Type1,5.806845553,Drinks
NCI42,18.75,Non-Edible,0.010381661,Household,207.8954,OUT049,Medium,Tier 1,Supermarket Type1,7.737768648,Non-Consumable
FDT07,5.82,Regular,0.077475884,Fruits and Vegetables,255.333,OUT045,Small,Tier 2,Supermarket Type1,8.491121664,Food
DRL60,8.52,Low Fat,0.02705936,Soft Drinks,153.3682,OUT046,Small,Tier 1,Supermarket Type1,6.819808046,Drinks
FDG20,15.5,Regular,0.126199917,Fruits and Vegetables,178.4028,OUT018,Medium,Tier 3,Supermarket Type2,7.123446813,Food
FDF56,16.7,Regular,0.119462225,Fruits and Vegetables,182.7976,OUT046,Small,Tier 1,Supermarket Type1,7.502173241,Food
FDV33,9.6,Regular,0.027454997,Snack Foods,258.1304,OUT018,Medium,Tier 3,Supermarket Type2,7.751893983,Food
NCF31,9.13,Non-Edible,0.051928034,Household,151.4024,OUT049,Medium,Tier 1,Supermarket Type1,7.588035636,Non-Consumable
FDD59,10.5,Regular,0.066243499,Starchy Foods,78.296,OUT046,Small,Tier 1,Supermarket Type1,7.271792654,Food
FDQ52,17,Low Fat,0.119570595,Frozen Foods,249.7434,OUT049,Medium,Tier 1,Supermarket Type1,8.348262645,Food
FDP09,19.75,Low Fat,0.033725743,Snack Foods,211.6902,OUT027,Medium,Tier 3,Supermarket Type3,8.354392811,Food
FDK24,9.195,Low Fat,0.101275792,Baking Goods,46.4744,OUT035,Small,Tier 2,Supermarket Type1,6.858315424,Food
NCA18,10.1,Non-Edible,0.056077574,Household,117.8492,OUT046,Small,Tier 1,Supermarket Type1,7.39196305,Non-Consumable
NCE07,8.18,Non-Edible,0.014614804,Household,140.5154,OUT045,Small,Tier 2,Supermarket Type1,7.440020307,Non-Consumable
FDM45,8.655,Regular,0.088178053,Snack Foods,122.6756,OUT035,Small,Tier 2,Supermarket Type1,7.742113959,Food
FDQ32,17.85,Regular,0.046608497,Fruits and Vegetables,122.9388,OUT046,Small,Tier 1,Supermarket Type1,8.038179493,Food
FDI34,10.65,Regular,0.085119855,Snack Foods,229.8668,OUT035,Small,Tier 2,Supermarket Type1,8.330285711,Food
FDE14,13.65,Regular,0.031418984,Canned,99.27,OUT013,High,Tier 3,Supermarket Type1,7.86235092,Food
DRF37,17.25,Low Fat,0.084809658,Soft Drinks,261.191,OUT017,Small,Tier 2,Supermarket Type1,8.057343278,Drinks
FDW44,9.5,Regular,0.035350045,Fruits and Vegetables,169.7448,OUT017,Small,Tier 2,Supermarket Type1,8.18321327,Food
FDC59,16.7,Regular,0.060824926,Starchy Foods,63.6168,OUT049,Medium,Tier 1,Supermarket Type1,7.202849414,Food
NCI29,8.6,Non-Edible,0.054601779,Health and Hygiene,141.1154,OUT010,Small,Tier 3,Grocery Store,6.055486216,Non-Consumable
FDV38,19.25,Low Fat,0.102188428,Dairy,54.3956,OUT018,Medium,Tier 3,Supermarket Type2,7.091827968,Food
FDZ49,11,Regular,0.133034816,Canned,222.0798,OUT013,High,Tier 3,Supermarket Type1,7.960650766,Food
DRD49,9.895,Low Fat,0.16817143,Soft Drinks,237.7564,OUT045,Small,Tier 2,Supermarket Type1,8.246617933,Drinks
FDA02,14,Regular,0.029722659,Dairy,143.4786,OUT046,Small,Tier 1,Supermarket Type1,7.371655696,Food
FDX20,7.365,Low Fat,0.042733625,Fruits and Vegetables,226.972,OUT018,Medium,Tier 3,Supermarket Type2,8.255652827,Food
FDS24,20.85,Regular,0.062172698,Baking Goods,90.2514,OUT013,High,Tier 3,Supermarket Type1,6.431105292,Food
FDI58,7.64,Regular,0.070704474,Snack Foods,93.412,OUT046,Small,Tier 1,Supermarket Type1,7.308135481,Food
FDQ60,12.87542024,Regular,0.191500528,Baking Goods,121.2098,OUT019,Small,Tier 1,Grocery Store,4.799994918,Food
FDJ27,17.7,Regular,0.122065518,Meat,103.3674,OUT049,Medium,Tier 1,Supermarket Type1,7.842940383,Food
FDV27,7.97,Regular,0.04021623,Meat,90.4514,OUT017,Small,Tier 2,Supermarket Type1,7.192385951,Food
NCL41,12.35,Non-Edible,0.041737627,Health and Hygiene,33.1216,OUT046,Small,Tier 1,Supermarket Type1,6.254451694,Non-Consumable
NCP29,8.42,Non-Edible,0.11227101,Health and Hygiene,63.2168,OUT046,Small,Tier 1,Supermarket Type1,6.556898803,Non-Consumable
FDC45,17,Low Fat,0.135075924,Fruits and Vegetables,170.3106,OUT027,Medium,Tier 3,Supermarket Type3,8.138334571,Food
FDN33,6.305,Regular,0.12301331,Snack Foods,93.2436,OUT013,High,Tier 3,Supermarket Type1,7.64058422,Food
DRC01,5.92,Regular,0.019238942,Soft Drinks,49.8692,OUT045,Small,Tier 2,Supermarket Type1,7.033675429,Drinks
FDL57,15.1,Regular,0.067212845,Snack Foods,260.2304,OUT045,Small,Tier 2,Supermarket Type1,8.498882082,Food
NCF42,17.35,Non-Edible,0.280164929,Household,177.5712,OUT010,Small,Tier 3,Grocery Store,6.269690047,Non-Consumable
FDG50,7.405,Low Fat,0.015271793,Canned,89.9146,OUT046,Small,Tier 1,Supermarket Type1,7.347073,Food
FDH22,6.405,Low Fat,0.136512858,Snack Foods,128.7678,OUT049,Medium,Tier 1,Supermarket Type1,8.023888902,Food
FDO36,19.7,Low Fat,0.078034976,Baking Goods,178.066,OUT049,Medium,Tier 1,Supermarket Type1,8.282951281,Food
FDY04,17.7,Regular,0.042649476,Frozen Foods,162.721,OUT018,Medium,Tier 3,Supermarket Type2,6.887272941,Food
FDZ09,17.6,Low Fat,0.104859135,Snack Foods,161.8868,OUT035,Small,Tier 2,Supermarket Type1,8.317685597,Food
FDH28,15.85,Regular,0.110202066,Frozen Foods,39.7506,OUT049,Medium,Tier 1,Supermarket Type1,6.582110177,Food
FDN32,17.5,Low Fat,0.01558456,Fruits and Vegetables,185.1266,OUT049,Medium,Tier 1,Supermarket Type1,8.475556615,Food
DRJ37,10.8,Low Fat,0.060805497,Soft Drinks,150.8024,OUT027,Medium,Tier 3,Supermarket Type3,8.113921516,Drinks
FDE57,9.6,Low Fat,0.036490369,Fruits and Vegetables,140.8154,OUT017,Small,Tier 2,Supermarket Type1,7.520017839,Food
FDG05,11,Regular,0.088025298,Frozen Foods,158.063,OUT045,Small,Tier 2,Supermarket Type1,7.886408792,Food
FDI09,20.75,Regular,0.129864461,Seafood,240.188,OUT018,Medium,Tier 3,Supermarket Type2,8.698380772,Food
DRD12,6.96,Low Fat,0.077331696,Soft Drinks,89.4146,OUT027,Medium,Tier 3,Supermarket Type3,7.88088877,Drinks
FDD02,16.6,Low Fat,0.084176826,Canned,118.0124,OUT010,Small,Tier 3,Grocery Store,6.386141674,Food
FDI36,12.5,Regular,0.062343432,Baking Goods,199.7426,OUT046,Small,Tier 1,Supermarket Type1,6.387262748,Food
DRK39,7.02,Low Fat,0.049942926,Dairy,82.425,OUT049,Medium,Tier 1,Supermarket Type1,7.255467679,Drinks
FDH44,19.1,Regular,0.025867261,Fruits and Vegetables,147.6418,OUT035,Small,Tier 2,Supermarket Type1,7.294661226,Food
FDS56,5.785,Regular,0.038817121,Fruits and Vegetables,262.6252,OUT049,Medium,Tier 1,Supermarket Type1,6.264636353,Food
DRJ59,11.65,Low Fat,0.01941154,Hard Drinks,40.3164,OUT045,Small,Tier 2,Supermarket Type1,6.220616412,Drinks
NCA30,19,Non-Edible,0.216478153,Household,190.1872,OUT010,Small,Tier 3,Grocery Store,6.342581876,Non-Consumable
FDF17,5.19,Low Fat,0.042707323,Frozen Foods,197.811,OUT045,Small,Tier 2,Supermarket Type1,7.98859897,Food
NCX18,14.15,Non-Edible,0.01131008,Household,196.311,OUT046,Small,Tier 1,Supermarket Type1,8.113722194,Non-Consumable
NCO53,16.2,Non-Edible,0.175898114,Health and Hygiene,183.7608,OUT018,Medium,Tier 3,Supermarket Type2,7.986563692,Non-Consumable
FDT23,7.72,Regular,0.074847665,Breads,78.8986,OUT049,Medium,Tier 1,Supermarket Type1,6.436452887,Food
NCJ19,18.6,Non-Edible,0.118180011,Others,56.2588,OUT046,Small,Tier 1,Supermarket Type1,6.938922883,Non-Consumable
FDI05,8.35,Regular,0.127587344,Frozen Foods,76.5354,OUT017,Small,Tier 2,Supermarket Type1,7.499229359,Food
NCJ19,18.6,Non-Edible,0.19780911,Others,55.6588,OUT010,Small,Tier 3,Grocery Store,4.749422899,Non-Consumable
NCS29,9,Non-Edible,0.069208684,Health and Hygiene,264.0884,OUT027,Medium,Tier 3,Supermarket Type3,8.413121356,Non-Consumable
NCC06,19,Non-Edible,0.026963909,Household,129.8336,OUT013,High,Tier 3,Supermarket Type1,8.146855971,Non-Consumable
FDJ12,8.895,Regular,0.039261947,Baking Goods,207.4296,OUT017,Small,Tier 2,Supermarket Type1,7.821544966,Food
FDW48,18,Low Fat,0.008533716,Baking Goods,78.5618,OUT013,High,Tier 3,Supermarket Type1,6.000941994,Food
FDX32,15.1,Regular,0.100423086,Fruits and Vegetables,144.7786,OUT017,Small,Tier 2,Supermarket Type1,7.863887608,Food
FDH02,7.27,Regular,0.020837907,Canned,91.8488,OUT027,Medium,Tier 3,Supermarket Type3,7.907454371,Food
FDD16,20.5,Low Fat,0.036353098,Frozen Foods,75.8696,OUT046,Small,Tier 1,Supermarket Type1,7.777887804,Food
FDR09,18.25,Low Fat,0.077348214,Snack Foods,259.7962,OUT027,Medium,Tier 3,Supermarket Type3,8.990925137,Food
FDB32,20.6,Low Fat,0.023548476,Fruits and Vegetables,93.3778,OUT018,Medium,Tier 3,Supermarket Type2,7.181811844,Food
FDP11,15.85,Low Fat,0.069043044,Breads,218.7166,OUT013,High,Tier 3,Supermarket Type1,8.327874911,Food
FDG09,20.6,Regular,0.048010812,Fruits and Vegetables,187.7556,OUT049,Medium,Tier 1,Supermarket Type1,8.008062663,Food
FDF21,10.3,Regular,0.058778429,Fruits and Vegetables,187.853,OUT013,High,Tier 3,Supermarket Type1,7.885156914,Food
NCJ19,18.6,Non-Edible,0.117607719,Others,55.2588,OUT027,Medium,Tier 3,Supermarket Type3,7.919146132,Non-Consumable
FDY03,17.6,Regular,0.127412338,Meat,111.3202,OUT010,Small,Tier 3,Grocery Store,5.824703101,Food
FDK58,11.35,Regular,0.044945123,Snack Foods,101.0016,OUT013,High,Tier 3,Supermarket Type1,7.875591082,Food
FDC26,10.195,Low Fat,0.126579586,Canned,112.2886,OUT049,Medium,Tier 1,Supermarket Type1,7.84711303,Food
FDN15,17.5,Low Fat,0.016802225,Meat,138.518,OUT018,Medium,Tier 3,Supermarket Type2,7.773975547,Food
DRH11,5.98,Low Fat,0.075192072,Hard Drinks,56.0614,OUT027,Medium,Tier 3,Supermarket Type3,7.862607199,Drinks
NCK17,11,Non-Edible,0.03786331,Health and Hygiene,40.948,OUT013,High,Tier 3,Supermarket Type1,5.770144333,Non-Consumable
DRC01,5.92,Regular,0.019200003,Soft Drinks,47.7692,OUT046,Small,Tier 1,Supermarket Type1,6.201911841,Drinks
FDD03,13.3,Low Fat,0.079791176,Dairy,232.73,OUT035,Small,Tier 2,Supermarket Type1,7.936431394,Food
NCY17,18.2,Non-Edible,0.16334971,Health and Hygiene,45.1086,OUT049,Medium,Tier 1,Supermarket Type1,6.507470231,Non-Consumable
DRY23,9.395,Regular,0.109265987,Soft Drinks,42.3112,OUT049,Medium,Tier 1,Supermarket Type1,6.888631173,Drinks
FDT50,6.75,Regular,0.10821852,Dairy,96.3752,OUT035,Small,Tier 2,Supermarket Type1,7.202849414,Food
FDC38,15.7,Low Fat,0.122392031,Canned,133.1942,OUT013,High,Tier 3,Supermarket Type1,7.931420649,Food
NCN06,8.39,Non-Edible,0.20168772,Household,162.8868,OUT010,Small,Tier 3,Grocery Store,5.794760862,Non-Consumable
FDP56,8.185,Low Fat,0.046259036,Fruits and Vegetables,47.4692,OUT027,Medium,Tier 3,Supermarket Type3,7.363669112,Food
FDW34,9.6,Low Fat,0.035651291,Snack Foods,244.917,OUT045,Small,Tier 2,Supermarket Type1,7.978380902,Food
FDU07,11.1,Low Fat,0.059835659,Fruits and Vegetables,151.3366,OUT035,Small,Tier 2,Supermarket Type1,8.014247109,Food
NCO55,12.8,Non-Edible,0.091408076,Others,108.9938,OUT018,Medium,Tier 3,Supermarket Type2,6.978155959,Non-Consumable
FDL16,12.85,Low Fat,0.169405699,Frozen Foods,46.106,OUT017,Small,Tier 2,Supermarket Type1,6.676203981,Food
FDT59,13.65,Low Fat,0.015943701,Breads,231.9668,OUT045,Small,Tier 2,Supermarket Type1,8.079040167,Food
DRF01,5.655,Low Fat,0.174232377,Soft Drinks,146.6102,OUT027,Medium,Tier 3,Supermarket Type3,7.547782551,Drinks
NCS06,7.935,Non-Edible,0.031801103,Household,261.591,OUT045,Small,Tier 2,Supermarket Type1,8.057343278,Non-Consumable
FDY13,12.1,Low Fat,0.052749199,Canned,74.967,OUT019,Small,Tier 1,Grocery Store,5.4411225,Food
DRF36,16.1,Low Fat,0.039463564,Soft Drinks,189.9846,OUT010,Small,Tier 3,Grocery Store,5.2579359,Drinks
FDV10,7.645,Regular,0.083523496,Snack Foods,41.8112,OUT046,Small,Tier 1,Supermarket Type1,6.797756467,Food
FDE09,8.775,Low Fat,0.036159635,Fruits and Vegetables,110.7228,OUT010,Small,Tier 3,Grocery Store,5.806845553,Food
FDC20,10.65,Low Fat,0.024020078,Fruits and Vegetables,57.2272,OUT045,Small,Tier 2,Supermarket Type1,7.069424367,Food
FDI58,7.64,Regular,0.071104408,Snack Foods,95.012,OUT017,Small,Tier 2,Supermarket Type1,7.53114501,Food
FDI56,7.325,Low Fat,0.093913607,Fruits and Vegetables,93.2146,OUT017,Small,Tier 2,Supermarket Type1,7.458230793,Food
NCI17,8.645,Non-Edible,0.144006886,Health and Hygiene,94.741,OUT018,Medium,Tier 3,Supermarket Type2,6.968804281,Non-Consumable
NCE19,8.97,Non-Edible,0.093159233,Household,55.7956,OUT049,Medium,Tier 1,Supermarket Type1,6.945355834,Non-Consumable
FDA26,7.855,Regular,0.129425145,Dairy,219.3482,OUT019,Small,Tier 1,Grocery Store,5.393846613,Food
FDR01,5.405,Regular,0.053839714,Canned,198.6742,OUT018,Medium,Tier 3,Supermarket Type2,7.779002786,Food
FDC32,18.35,Low Fat,0.098629062,Fruits and Vegetables,90.6462,OUT027,Medium,Tier 3,Supermarket Type3,7.786220024,Food
FDF11,10.195,Regular,0.017658634,Starchy Foods,240.1538,OUT049,Medium,Tier 1,Supermarket Type1,7.274564656,Food
FDH46,6.935,Regular,0.041282286,Snack Foods,103.5332,OUT046,Small,Tier 1,Supermarket Type1,7.115905713,Food
FDY33,14.5,Regular,0.170186628,Snack Foods,159.0262,OUT019,Small,Tier 1,Grocery Store,5.075962254,Food
DRG23,8.88,Low Fat,0.086781204,Hard Drinks,152.2682,OUT046,Small,Tier 1,Supermarket Type1,7.512409112,Drinks
FDY04,17.7,Regular,0.042270751,Frozen Foods,162.521,OUT027,Medium,Tier 3,Supermarket Type3,8.426915686,Food
FDE26,9.3,Low Fat,0.089186275,Canned,145.3786,OUT045,Small,Tier 2,Supermarket Type1,7.917934599,Food
NCU42,9,Non-Edible,0.019502965,Household,169.4474,OUT035,Small,Tier 2,Supermarket Type1,8.345736794,Non-Consumable
NCO42,21.25,Non-Edible,0.024650932,Household,146.0102,OUT035,Small,Tier 2,Supermarket Type1,7.978380902,Non-Consumable
FDU25,12.35,Low Fat,0.026722744,Canned,59.2246,OUT049,Medium,Tier 1,Supermarket Type1,6.893370513,Food
FDW02,4.805,Regular,0.037516862,Dairy,124.3704,OUT027,Medium,Tier 3,Supermarket Type3,8.008062663,Food
FDS22,16.85,Regular,0.023154399,Snack Foods,43.9428,OUT046,Small,Tier 1,Supermarket Type1,5.865170899,Food
FDG57,14.7,Low Fat,0.072284689,Fruits and Vegetables,49.8034,OUT035,Small,Tier 2,Supermarket Type1,6.450224262,Food
FDQ25,8.63,Regular,0.028391879,Canned,173.9422,OUT018,Medium,Tier 3,Supermarket Type2,8.328357536,Food
NCS06,7.935,Non-Edible,0.031866022,Household,261.291,OUT018,Medium,Tier 3,Supermarket Type2,7.970360698,Non-Consumable
FDC29,8.39,Regular,0.024088444,Frozen Foods,112.7176,OUT027,Medium,Tier 3,Supermarket Type3,7.513862864,Food
NCZ41,19.85,Non-Edible,0.064409056,Health and Hygiene,126.7704,OUT035,Small,Tier 2,Supermarket Type1,7.469303827,Non-Consumable
FDW23,5.765,Low Fat,0.082012293,Baking Goods,37.5164,OUT046,Small,Tier 1,Supermarket Type1,6.48841252,Food
FDB03,17.75,Regular,0.157075658,Dairy,240.5538,OUT049,Medium,Tier 1,Supermarket Type1,8.254960726,Food
FDN25,7.895,Regular,0.107110465,Breakfast,55.5588,OUT019,Small,Tier 1,Grocery Store,5.438232341,Food
NCN05,8.235,Non-Edible,0.014459672,Health and Hygiene,181.895,OUT046,Small,Tier 1,Supermarket Type1,6.597663985,Non-Consumable
FDV43,16,Low Fat,0.076483451,Fruits and Vegetables,43.4086,OUT027,Medium,Tier 3,Supermarket Type3,6.743544802,Food
FDG44,6.13,Low Fat,0.10234983,Fruits and Vegetables,55.0298,OUT049,Medium,Tier 1,Supermarket Type1,6.292120839,Food
FDS12,9.1,Low Fat,0.174827835,Baking Goods,127.2362,OUT018,Medium,Tier 3,Supermarket Type2,7.400541527,Food
FDI52,18.7,Low Fat,0.104591027,Frozen Foods,121.4072,OUT013,High,Tier 3,Supermarket Type1,7.804310133,Food
FDU12,15.5,Regular,0.075868843,Baking Goods,261.7568,OUT049,Medium,Tier 1,Supermarket Type1,7.52110009,Food
FDG58,10.695,Regular,0.086764795,Snack Foods,156.7972,OUT035,Small,Tier 2,Supermarket Type1,8.139889327,Food
FDA16,6.695,Low Fat,0.03408026,Frozen Foods,220.8456,OUT018,Medium,Tier 3,Supermarket Type2,8.534059905,Food
NCD18,16,Non-Edible,0.072655379,Household,229.8668,OUT035,Small,Tier 2,Supermarket Type1,8.484401947,Non-Consumable
FDI21,5.59,Regular,0.056555715,Snack Foods,62.6168,OUT013,High,Tier 3,Supermarket Type1,6.461730642,Food
FDW31,11.35,Regular,0.043402224,Fruits and Vegetables,197.0742,OUT017,Small,Tier 2,Supermarket Type1,7.859013306,Food
FDB35,12.3,Regular,0.064882207,Starchy Foods,93.8804,OUT018,Medium,Tier 3,Supermarket Type2,7.293756454,Food
FDK58,11.35,Regular,0.044764726,Snack Foods,102.4016,OUT027,Medium,Tier 3,Supermarket Type3,7.795580032,Food
FDU14,17.75,Low Fat,0.034752647,Dairy,248.775,OUT046,Small,Tier 1,Supermarket Type1,8.228477251,Food
NCP43,17.75,Non-Edible,0.030631323,Others,178.566,OUT018,Medium,Tier 3,Supermarket Type2,7.831110598,Non-Consumable
FDM20,10,Low Fat,0.038748011,Fruits and Vegetables,245.0144,OUT027,Medium,Tier 3,Supermarket Type3,8.066580246,Food
FDT36,12.3,Low Fat,0.110735739,Baking Goods,35.2874,OUT027,Medium,Tier 3,Supermarket Type3,6.896742055,Food
FDW19,12.35,Regular,0.038657256,Fruits and Vegetables,110.257,OUT018,Medium,Tier 3,Supermarket Type2,7.472337002,Food
FDB29,16.7,Regular,0.052493162,Frozen Foods,113.9176,OUT049,Medium,Tier 1,Supermarket Type1,7.832167819,Food
FDN39,19.35,Regular,0.065890998,Meat,167.0816,OUT017,Small,Tier 2,Supermarket Type1,7.320549728,Food
FDI02,15.7,Regular,0.114565093,Canned,112.0202,OUT046,Small,Tier 1,Supermarket Type1,5.824703101,Food
FDA46,13.6,Low Fat,0.117065801,Snack Foods,196.1136,OUT027,Medium,Tier 3,Supermarket Type3,8.704140964,Food
FDV36,18.7,Low Fat,0.026450779,Baking Goods,124.902,OUT017,Small,Tier 2,Supermarket Type1,7.976095971,Food
FDE35,7.06,Regular,0.043863865,Starchy Foods,59.5904,OUT013,High,Tier 3,Supermarket Type1,6.636832253,Food
FDT46,11.35,Low Fat,0.038157621,Snack Foods,52.4008,OUT035,Small,Tier 2,Supermarket Type1,6.697790505,Food
FDS21,19.85,Regular,0.036551446,Snack Foods,62.7194,OUT019,Small,Tier 1,Grocery Store,4.827023305,Food
DRD12,6.96,Low Fat,0.077630199,Soft Drinks,90.9146,OUT017,Small,Tier 2,Supermarket Type1,7.286488657,Drinks
FDR14,11.65,Low Fat,0.304737387,Dairy,54.7298,OUT019,Small,Tier 1,Grocery Store,4.690058979,Food
FDG22,17.6,Regular,0.041180766,Snack Foods,37.919,OUT027,Medium,Tier 3,Supermarket Type3,6.646389216,Food
FDX58,13.15,Low Fat,0.043831721,Snack Foods,184.195,OUT049,Medium,Tier 1,Supermarket Type1,7.918419388,Food
FDB40,17.5,Regular,0.007503372,Dairy,146.7102,OUT027,Medium,Tier 3,Supermarket Type3,8.383731739,Food
FDJ36,14.5,Regular,0.214681063,Baking Goods,102.7332,OUT010,Small,Tier 3,Grocery Store,5.328198447,Food
NCL53,7.5,Non-Edible,0.060649825,Health and Hygiene,177.4028,OUT010,Small,Tier 3,Grocery Store,5.872696777,Non-Consumable
NCX05,15.2,Non-Edible,0.097258937,Health and Hygiene,114.8492,OUT045,Small,Tier 2,Supermarket Type1,7.317902476,Non-Consumable
FDO21,11.6,Regular,0.009763021,Snack Foods,226.2404,OUT046,Small,Tier 1,Supermarket Type1,7.496276785,Food
NCF07,9,Non-Edible,0.032152981,Household,102.0016,OUT018,Medium,Tier 3,Supermarket Type2,7.325823302,Non-Consumable
FDU20,19.35,Regular,0.021439694,Fruits and Vegetables,119.7098,OUT013,High,Tier 3,Supermarket Type1,7.190380437,Food
FDK09,15.2,Low Fat,0.153592956,Snack Foods,228.0352,OUT010,Small,Tier 3,Grocery Store,6.129203575,Food
FDY57,20.2,Regular,0.121231308,Snack Foods,97.5752,OUT035,Small,Tier 2,Supermarket Type1,7.336287745,Food
FDD51,11.15,Low Fat,0.119371835,Dairy,45.2744,OUT027,Medium,Tier 3,Supermarket Type3,6.809577792,Food
FDA49,19.7,Low Fat,0.064607378,Canned,87.4198,OUT027,Medium,Tier 3,Supermarket Type3,7.726968783,Food
FDG33,5.365,Regular,0.14024028,Seafood,171.0764,OUT046,Small,Tier 1,Supermarket Type1,8.090938959,Food
FDG35,21.2,Regular,0.008361343,Starchy Foods,173.6738,OUT049,Medium,Tier 1,Supermarket Type1,7.991306247,Food
FDC52,11.15,Regular,0.008296692,Dairy,150.6708,OUT045,Small,Tier 2,Supermarket Type1,7.653300963,Food
FDS34,19.35,Regular,0.077193256,Snack Foods,112.7518,OUT017,Small,Tier 2,Supermarket Type1,6.528119893,Food
NCY05,13.5,Non-Edible,0.055075504,Health and Hygiene,33.3874,OUT049,Medium,Tier 1,Supermarket Type1,5.646503583,Non-Consumable
FDO46,9.6,Regular,0.014209811,Snack Foods,188.1872,OUT035,Small,Tier 2,Supermarket Type1,7.440020307,Food
FDY20,12.5,Regular,0.081879864,Fruits and Vegetables,91.7488,OUT049,Medium,Tier 1,Supermarket Type1,7.214675113,Food
FDA13,15.85,Low Fat,0.078540095,Canned,36.3506,OUT035,Small,Tier 2,Supermarket Type1,6.410519559,Food
FDS04,10.195,Regular,0.146540889,Frozen Foods,141.7838,OUT013,High,Tier 3,Supermarket Type1,7.430591842,Food
FDU51,20.2,Regular,0.097059596,Meat,178.6028,OUT017,Small,Tier 2,Supermarket Type1,7.742113959,Food
FDK50,7.96,Low Fat,0.028478742,Canned,161.8894,OUT018,Medium,Tier 3,Supermarket Type2,7.919872348,Food
FDO60,20,Low Fat,0.034340926,Baking Goods,45.4086,OUT013,High,Tier 3,Supermarket Type1,6.889987564,Food
FDM13,6.425,Low Fat,0.063532672,Breakfast,133.0626,OUT017,Small,Tier 2,Supermarket Type1,7.27502591,Food
FDU12,15.5,Regular,0.075384242,Baking Goods,262.7568,OUT027,Medium,Tier 3,Supermarket Type3,8.942074865,Food
NCG54,12.1,Non-Edible,0.080131363,Household,170.9106,OUT018,Medium,Tier 3,Supermarket Type2,7.34018385,Non-Consumable
FDH40,11.6,Regular,0.132111921,Frozen Foods,82.2276,OUT010,Small,Tier 3,Grocery Store,5.499962678,Food
NCI06,11.3,Non-Edible,0.083547515,Household,179.166,OUT019,Small,Tier 1,Grocery Store,5.887580718,Non-Consumable
FDA58,9.395,Low Fat,0.103731617,Snack Foods,236.9932,OUT035,Small,Tier 2,Supermarket Type1,8.353138401,Food
FDJ02,17.2,Regular,0.025309134,Canned,147.0418,OUT017,Small,Tier 2,Supermarket Type1,7.76441014,Food
FDP21,7.42,Regular,0.0258457,Snack Foods,188.9872,OUT018,Medium,Tier 3,Supermarket Type2,7.807564372,Food
FDN57,18.25,Low Fat,0.054223942,Snack Foods,142.0154,OUT035,Small,Tier 2,Supermarket Type1,7.663046397,Food
FDV26,20.25,Regular,0.075791641,Dairy,193.3794,OUT027,Medium,Tier 3,Supermarket Type3,9.034725976,Food
FDZ21,17.6,Regular,0.03928284,Snack Foods,94.641,OUT049,Medium,Tier 1,Supermarket Type1,7.937620737,Food
FDG21,17.35,Regular,0.145591438,Seafood,148.705,OUT027,Medium,Tier 3,Supermarket Type3,7.494797222,Food
FDF26,6.825,Regular,0.046824729,Canned,155.1998,OUT018,Medium,Tier 3,Supermarket Type2,7.808646769,Food
FDC39,7.405,Low Fat,0.159062948,Dairy,208.9296,OUT013,High,Tier 3,Supermarket Type1,7.901556827,Food
FDQ24,15.7,Low Fat,0.073966786,Baking Goods,250.5724,OUT018,Medium,Tier 3,Supermarket Type2,8.300965272,Food
FDC41,15.6,Low Fat,0.117574554,Frozen Foods,75.667,OUT017,Small,Tier 2,Supermarket Type1,7.172147486,Food
NCO14,9.6,Non-Edible,0.049617765,Household,44.2086,OUT010,Small,Tier 3,Grocery Store,3.820096295,Non-Consumable
FDE05,10.895,Regular,0.032296886,Frozen Foods,144.0102,OUT027,Medium,Tier 3,Supermarket Type3,8.593409029,Food
FDW52,14,Regular,0.037340835,Frozen Foods,163.1526,OUT027,Medium,Tier 3,Supermarket Type3,8.280929547,Food
FDL36,15.1,Low Fat,0.075707087,Baking Goods,88.183,OUT027,Medium,Tier 3,Supermarket Type3,7.271792654,Food
FDS04,10.195,Regular,0.146635206,Frozen Foods,139.0838,OUT035,Small,Tier 2,Supermarket Type1,8.203462459,Food
NCC18,19.1,Non-Edible,0.177545624,Household,172.4422,OUT049,Medium,Tier 1,Supermarket Type1,8.194860652,Non-Consumable
FDN01,8.895,Low Fat,0.072693696,Breakfast,175.937,OUT018,Medium,Tier 3,Supermarket Type2,6.273463627,Food
FDY02,8.945,Regular,0.146701312,Dairy,262.291,OUT010,Small,Tier 3,Grocery Store,7.182317917,Food
FDV15,10.3,Low Fat,0.146999264,Meat,103.7648,OUT017,Small,Tier 2,Supermarket Type1,7.939283445,Food
FDC34,16,Regular,0.173109453,Snack Foods,155.2972,OUT045,Small,Tier 2,Supermarket Type1,8.267687697,Food
FDX10,6.385,Regular,0.124410284,Snack Foods,34.3874,OUT017,Small,Tier 2,Supermarket Type1,5.963994168,Food
NCF19,13,Non-Edible,0.035079516,Household,47.9034,OUT013,High,Tier 3,Supermarket Type1,6.370313227,Non-Consumable
FDE17,20.1,Regular,0.054763518,Frozen Foods,150.9366,OUT017,Small,Tier 2,Supermarket Type1,8.153965913,Food
FDJ08,11.1,Low Fat,0.111122936,Fruits and Vegetables,189.2846,OUT018,Medium,Tier 3,Supermarket Type2,8.197430639,Food
NCN53,5.175,Non-Edible,0.030330202,Health and Hygiene,35.4874,OUT013,High,Tier 3,Supermarket Type1,5.963994168,Non-Consumable
FDC16,11.5,Regular,0.0205982,Dairy,88.254,OUT046,Small,Tier 1,Supermarket Type1,7.169588633,Food
FDO15,16.75,Regular,0.008601441,Meat,73.7038,OUT018,Medium,Tier 3,Supermarket Type2,7.247915137,Food
FDQ23,6.55,Low Fat,0.024407061,Breads,102.3332,OUT027,Medium,Tier 3,Supermarket Type3,7.575138809,Food
DRF37,17.25,Low Fat,0.084262458,Soft Drinks,261.591,OUT013,High,Tier 3,Supermarket Type1,8.137361619,Drinks
FDN40,5.88,Low Fat,0.08644044,Frozen Foods,155.3998,OUT035,Small,Tier 2,Supermarket Type1,7.675173404,Food
FDN24,14.1,Low Fat,0.112718928,Baking Goods,54.2956,OUT027,Medium,Tier 3,Supermarket Type3,7.17877002,Food
FDF16,7.3,Low Fat,0.086619573,Frozen Foods,147.6076,OUT017,Small,Tier 2,Supermarket Type1,8.087261359,Food
FDH27,7.075,Low Fat,0.058437653,Dairy,143.0128,OUT049,Medium,Tier 1,Supermarket Type1,7.048822803,Food
FDY52,6.365,Low Fat,0.008455852,Frozen Foods,59.7536,OUT017,Small,Tier 2,Supermarket Type1,6.888631173,Food
NCH55,16.35,Non-Edible,0.034504414,Household,125.202,OUT027,Medium,Tier 3,Supermarket Type3,7.931659826,Non-Consumable
NCH18,9.3,Non-Edible,0.044652785,Household,247.0802,OUT035,Small,Tier 2,Supermarket Type1,7.114282338,Non-Consumable
DRC01,5.92,Regular,0.019184026,Soft Drinks,50.3692,OUT013,High,Tier 3,Supermarket Type1,6.383895748,Drinks
NCO14,9.6,Non-Edible,0.029638267,Household,42.6086,OUT035,Small,Tier 2,Supermarket Type1,4.903983575,Non-Consumable
DRG39,14.15,Low Fat,0.042180995,Dairy,52.0982,OUT046,Small,Tier 1,Supermarket Type1,6.362304048,Drinks
DRK13,11.8,Low Fat,0.11507174,Soft Drinks,198.2084,OUT013,High,Tier 3,Supermarket Type1,8.235031746,Drinks
FDD41,6.765,Regular,0.087437069,Frozen Foods,106.1306,OUT045,Small,Tier 2,Supermarket Type1,7.422666306,Food
FDQ19,7.35,Regular,0.014295564,Fruits and Vegetables,242.6512,OUT027,Medium,Tier 3,Supermarket Type3,9.402493441,Food
FDX58,13.15,Low Fat,0.073251428,Snack Foods,181.695,OUT010,Small,Tier 3,Grocery Store,6.310436326,Food
FDK40,7.035,Low Fat,0.021743592,Frozen Foods,263.191,OUT027,Medium,Tier 3,Supermarket Type3,8.791147721,Food
FDI52,18.7,Low Fat,0.10527024,Frozen Foods,122.9072,OUT017,Small,Tier 2,Supermarket Type1,6.196502782,Food
FDT28,13.3,Low Fat,0.063513272,Frozen Foods,149.9708,OUT013,High,Tier 3,Supermarket Type1,7.653300963,Food
FDH52,9.42,Regular,0.044151435,Frozen Foods,61.5194,OUT017,Small,Tier 2,Supermarket Type1,6.766043777,Food
FDZ38,17.6,Low Fat,0.008001018,Dairy,170.4422,OUT046,Small,Tier 1,Supermarket Type1,7.923013205,Food
FDF12,8.235,Low Fat,0.0828941,Baking Goods,149.3076,OUT017,Small,Tier 2,Supermarket Type1,7.561381077,Food
NCE06,5.825,Non-Edible,0.091042211,Household,162.6894,OUT027,Medium,Tier 3,Supermarket Type3,7.859270442,Non-Consumable
FDO45,13.15,Regular,0.038011783,Snack Foods,89.6856,OUT049,Medium,Tier 1,Supermarket Type1,6.556898803,Food
NCS18,12.65,Non-Edible,0.042296724,Household,106.3938,OUT045,Small,Tier 2,Supermarket Type1,8.230252977,Non-Consumable
NCE54,20.7,Non-Edible,0.02695441,Household,73.2354,OUT045,Small,Tier 2,Supermarket Type1,7.317018498,Non-Consumable
FDB50,13,Low Fat,0.153930108,Canned,76.7986,OUT045,Small,Tier 2,Supermarket Type1,7.882145999,Food
FDZ20,16.1,Low Fat,0.034376537,Fruits and Vegetables,256.1356,OUT045,Small,Tier 2,Supermarket Type1,8.75768774,Food
FDB11,16,Low Fat,0.060971431,Starchy Foods,226.2404,OUT045,Small,Tier 2,Supermarket Type1,8.461013959,Food
FDU22,12.35,Low Fat,0.110973753,Snack Foods,118.9124,OUT013,High,Tier 3,Supermarket Type1,8.07116693,Food
FDY48,14,Low Fat,0.023831558,Baking Goods,103.1332,OUT018,Medium,Tier 3,Supermarket Type2,7.575138809,Food
NCP30,20.5,Non-Edible,0.032762495,Household,40.0822,OUT035,Small,Tier 2,Supermarket Type1,7.137302602,Non-Consumable
FDD08,8.3,Low Fat,0.035347676,Fruits and Vegetables,38.0506,OUT035,Small,Tier 2,Supermarket Type1,6.277223021,Food
NCG42,19.2,Non-Edible,0.041291929,Household,130.131,OUT049,Medium,Tier 1,Supermarket Type1,6.946637473,Non-Consumable
NCT30,9.1,Non-Edible,0.080747059,Household,46.9718,OUT017,Small,Tier 2,Supermarket Type1,6.747460228,Non-Consumable
FDT37,14.15,Low Fat,0.035240817,Canned,255.5014,OUT013,High,Tier 3,Supermarket Type1,8.585978196,Food
FDU04,7.93,Low Fat,0.005557062,Frozen Foods,122.1414,OUT049,Medium,Tier 1,Supermarket Type1,7.981115946,Food
NCH30,17.1,Non-Edible,0.067154053,Household,114.386,OUT046,Small,Tier 1,Supermarket Type1,7.127730617,Non-Consumable
DRG37,16.2,Low Fat,0.019362306,Soft Drinks,154.6972,OUT013,High,Tier 3,Supermarket Type1,7.447033773,Drinks
FDS13,6.465,Low Fat,0.124506117,Canned,264.7884,OUT046,Small,Tier 1,Supermarket Type1,8.219012898,Food
FDQ47,7.155,Regular,0.168871496,Breads,34.3874,OUT018,Medium,Tier 3,Supermarket Type2,6.50945534,Food
FDY26,20.6,Regular,0.030504756,Dairy,212.6244,OUT035,Small,Tier 2,Supermarket Type1,8.188776565,Food
FDB14,20.25,Regular,0.103142373,Canned,94.612,OUT018,Medium,Tier 3,Supermarket Type2,6.482318049,Food
FDV45,16.75,Low Fat,0.078872251,Snack Foods,189.5556,OUT019,Small,Tier 1,Grocery Store,7.027787871,Food
FDR23,15.85,Low Fat,0.082120687,Breads,177.437,OUT018,Medium,Tier 3,Supermarket Type2,8.638876876,Food
NCS29,9,Non-Edible,0.069487587,Health and Hygiene,266.6884,OUT013,High,Tier 3,Supermarket Type1,8.287987804,Non-Consumable
FDK33,17.85,Low Fat,0.011180843,Snack Foods,213.456,OUT027,Medium,Tier 3,Supermarket Type3,8.357521968,Food
FDW24,6.8,Low Fat,0.037315469,Baking Goods,50.0034,OUT027,Medium,Tier 3,Supermarket Type3,7.59776725,Food
FDR08,18.7,Low Fat,0.037835765,Fruits and Vegetables,111.1886,OUT017,Small,Tier 2,Supermarket Type1,7.756178477,Food
FDB45,20.85,Low Fat,0.021312043,Fruits and Vegetables,104.9306,OUT013,High,Tier 3,Supermarket Type1,7.740957055,Food
FDW32,18.35,Regular,0.094218363,Fruits and Vegetables,83.9882,OUT013,High,Tier 3,Supermarket Type1,7.09293508,Food
FDN21,18.6,Low Fat,0.076841095,Snack Foods,162.2236,OUT035,Small,Tier 2,Supermarket Type1,7.972888272,Food
FDH56,9.8,Regular,0.063805139,Fruits and Vegetables,117.3492,OUT035,Small,Tier 2,Supermarket Type1,6.699431865,Food
FDQ07,15.1,Regular,0.087542757,Fruits and Vegetables,219.8456,OUT049,Medium,Tier 1,Supermarket Type1,8.730735082,Food
FDU58,6.61,Regular,0.028871235,Snack Foods,188.7898,OUT027,Medium,Tier 3,Supermarket Type3,7.629969782,Food
FDK36,7.09,Low Fat,0.00720931,Baking Goods,48.1034,OUT013,High,Tier 3,Supermarket Type1,6.975670717,Food
NCG18,15.3,Non-Edible,0.02286663,Household,102.8332,OUT027,Medium,Tier 3,Supermarket Type3,7.926384669,Non-Consumable
FDQ26,13.5,Regular,0.067543727,Dairy,57.2562,OUT027,Medium,Tier 3,Supermarket Type3,7.637700529,Food
DRL47,19.7,Low Fat,0.038549197,Hard Drinks,127.5362,OUT027,Medium,Tier 3,Supermarket Type3,6.915415465,Drinks
DRJ11,9.5,Low Fat,0.096636355,Hard Drinks,188.9872,OUT017,Small,Tier 2,Supermarket Type1,7.188873657,Drinks
FDB41,19,Regular,0.097709541,Frozen Foods,48.6718,OUT018,Medium,Tier 3,Supermarket Type2,6.422489209,Food
NCA06,20.5,Non-Edible,0.143283608,Household,37.919,OUT046,Small,Tier 1,Supermarket Type1,5.215451929,Non-Consumable
NCZ41,19.85,Non-Edible,0.064551885,Health and Hygiene,125.2704,OUT045,Small,Tier 2,Supermarket Type1,7.66335919,Non-Consumable
NCD54,21.1,Non-Edible,0.029173031,Household,145.7786,OUT017,Small,Tier 2,Supermarket Type1,7.276408397,Non-Consumable
FDM34,19,Low Fat,0.067120954,Snack Foods,132.9626,OUT027,Medium,Tier 3,Supermarket Type3,8.095618518,Food
FDL57,15.1,Regular,0.067020992,Snack Foods,260.3304,OUT013,High,Tier 3,Supermarket Type1,8.59894614,Food
NCD30,19.7,Non-Edible,0.026826919,Household,98.7726,OUT013,High,Tier 3,Supermarket Type1,7.528643224,Non-Consumable
FDH17,16.2,Regular,0.01665334,Frozen Foods,97.3726,OUT046,Small,Tier 1,Supermarket Type1,7.628675493,Food
FDD57,18.1,Low Fat,0.022395357,Fruits and Vegetables,96.5094,OUT035,Small,Tier 2,Supermarket Type1,7.195885951,Food
FDC58,10.195,Low Fat,0.042113173,Snack Foods,42.5428,OUT018,Medium,Tier 3,Supermarket Type2,6.779758258,Food
FDX47,6.55,Regular,0.034604343,Breads,157.8288,OUT046,Small,Tier 1,Supermarket Type1,7.830052257,Food
FDC50,15.85,Low Fat,0.136774734,Canned,94.4094,OUT045,Small,Tier 2,Supermarket Type1,7.264828843,Food
NCS53,14.5,Non-Edible,0.089343433,Health and Hygiene,157.3604,OUT027,Medium,Tier 3,Supermarket Type3,8.703256937,Non-Consumable
FDY13,12.1,Low Fat,0.030250132,Canned,75.267,OUT018,Medium,Tier 3,Supermarket Type2,6.419238942,Food
FDP44,16.5,Regular,0.079698503,Fruits and Vegetables,100.6332,OUT035,Small,Tier 2,Supermarket Type1,7.338886834,Food
FDH60,19.7,Regular,0.141360118,Baking Goods,197.311,OUT019,Small,Tier 1,Grocery Store,5.975899031,Food
FDR02,16.7,Low Fat,0.036933417,Dairy,109.1886,OUT010,Small,Tier 3,Grocery Store,5.408861822,Food
FDK48,7.445,Low Fat,0.037449987,Baking Goods,76.7354,OUT027,Medium,Tier 3,Supermarket Type3,7.931898946,Food
FDO24,11.1,Low Fat,0.294948897,Baking Goods,159.0604,OUT010,Small,Tier 3,Grocery Store,6.676203981,Food
FDE20,11.35,Regular,0.005525913,Fruits and Vegetables,168.279,OUT013,High,Tier 3,Supermarket Type1,7.773975547,Food
FDM04,9.195,Regular,0.04712061,Frozen Foods,53.1666,OUT046,Small,Tier 1,Supermarket Type1,6.646389216,Food
NCH07,13.15,Non-Edible,0.162248011,Household,160.4604,OUT019,Small,Tier 1,Grocery Store,5.761802295,Non-Consumable
DRP35,18.85,Low Fat,0.090867297,Hard Drinks,127.3336,OUT046,Small,Tier 1,Supermarket Type1,8.284968935,Drinks
FDO11,8,Regular,0.030264897,Breads,250.3092,OUT046,Small,Tier 1,Supermarket Type1,8.813475436,Food
NCM30,19.1,Non-Edible,0.067295406,Household,41.9796,OUT046,Small,Tier 1,Supermarket Type1,6.555005763,Non-Consumable
DRF27,8.93,Low Fat,0.02827966,Dairy,152.234,OUT027,Medium,Tier 3,Supermarket Type3,6.978155959,Drinks
NCR18,15.85,Non-Edible,0.020388413,Household,44.4112,OUT027,Medium,Tier 3,Supermarket Type3,6.643791816,Non-Consumable
FDS48,15.15,Low Fat,0.027644732,Baking Goods,149.4708,OUT027,Medium,Tier 3,Supermarket Type3,8.0586079,Food
FDO32,6.36,Low Fat,0.120731024,Fruits and Vegetables,46.506,OUT049,Medium,Tier 1,Supermarket Type1,6.482318049,Food
NCP05,19.6,Non-Edible,0.025429614,Health and Hygiene,151.7024,OUT017,Small,Tier 2,Supermarket Type1,7.967365305,Non-Consumable
FDF44,7.17,Regular,0.059438787,Fruits and Vegetables,130.9968,OUT027,Medium,Tier 3,Supermarket Type3,8.482473705,Food
FDX56,17.1,Regular,0.074059474,Fruits and Vegetables,209.0638,OUT046,Small,Tier 1,Supermarket Type1,8.166524346,Food
FDE46,18.6,Low Fat,0.015693328,Snack Foods,150.7366,OUT027,Medium,Tier 3,Supermarket Type3,6.81104568,Food
FDQ09,7.235,Low Fat,0.057850699,Snack Foods,113.2834,OUT027,Medium,Tier 3,Supermarket Type3,8.384340243,Food
NCB54,8.76,Non-Edible,0.050011058,Health and Hygiene,126.7336,OUT013,High,Tier 3,Supermarket Type1,6.461730642,Non-Consumable
NCV18,6.775,Non-Edible,0.105225964,Household,84.225,OUT035,Small,Tier 2,Supermarket Type1,8.059450094,Non-Consumable
NCG55,16.25,Non-Edible,0.039207025,Household,116.1176,OUT049,Medium,Tier 1,Supermarket Type1,7.876602331,Non-Consumable
FDV14,19.85,Low Fat,0.044489064,Dairy,89.4856,OUT035,Small,Tier 2,Supermarket Type1,6.961890372,Food
FDT31,19.75,Low Fat,0.012437935,Fruits and Vegetables,189.9872,OUT013,High,Tier 3,Supermarket Type1,8.238204951,Food
DRD12,6.96,Low Fat,0.077350112,Soft Drinks,91.4146,OUT045,Small,Tier 2,Supermarket Type1,6.460690061,Drinks
FDZ40,8.935,Low Fat,0.040346436,Frozen Foods,53.7298,OUT018,Medium,Tier 3,Supermarket Type2,6.387262748,Food
DRI11,8.26,Low Fat,0.057585723,Hard Drinks,113.7834,OUT010,Small,Tier 3,Grocery Store,4.755169977,Drinks
FDP23,6.71,Low Fat,0.03565903,Breads,218.3166,OUT045,Small,Tier 2,Supermarket Type1,7.580929012,Food
FDY02,8.945,Regular,0.087629354,Dairy,263.491,OUT035,Small,Tier 2,Supermarket Type1,7.518573014,Food
FDM03,12.65,Low Fat,0.123422073,Meat,107.8938,OUT046,Small,Tier 1,Supermarket Type1,6.621880373,Food
FDF35,15,Low Fat,0.154228739,Starchy Foods,107.3938,OUT049,Medium,Tier 1,Supermarket Type1,6.621880373,Food
DRM37,15.35,Low Fat,0.096943078,Soft Drinks,196.5768,OUT017,Small,Tier 2,Supermarket Type1,8.947285245,Drinks
NCV41,14.35,Non-Edible,0.017065268,Health and Hygiene,109.5228,OUT049,Medium,Tier 1,Supermarket Type1,7.478375891,Non-Consumable
NCK53,11.6,Non-Edible,0.041253781,Health and Hygiene,100.8042,OUT027,Medium,Tier 3,Supermarket Type3,8.152816378,Non-Consumable
FDW23,5.765,Low Fat,0.082178616,Baking Goods,37.0164,OUT045,Small,Tier 2,Supermarket Type1,6.294582373,Food
FDW12,8.315,Regular,0.035542581,Baking Goods,143.3444,OUT013,High,Tier 3,Supermarket Type1,7.376250521,Food
FDG44,6.13,Low Fat,0.102171627,Fruits and Vegetables,53.8298,OUT035,Small,Tier 2,Supermarket Type1,6.933097632,Food
FDJ36,14.5,Regular,0.128235818,Baking Goods,104.1332,OUT035,Small,Tier 2,Supermarket Type1,5.328198447,Food
FDX55,15.1,Low Fat,0.0552059,Fruits and Vegetables,219.4166,OUT046,Small,Tier 1,Supermarket Type1,8.715562754,Food
DRG13,17.25,Low Fat,0.037337632,Soft Drinks,163.7526,OUT018,Medium,Tier 3,Supermarket Type2,8.098658649,Drinks
NCD06,13,Non-Edible,0.099242622,Household,46.306,OUT013,High,Tier 3,Supermarket Type1,6.551208898,Non-Consumable
FDW22,9.695,Regular,0.030143704,Snack Foods,222.0114,OUT027,Medium,Tier 3,Supermarket Type3,8.733742118,Food
FDD33,12.85,Low Fat,0.108412059,Fruits and Vegetables,233.2642,OUT045,Small,Tier 2,Supermarket Type1,8.281772433,Food
FDG24,7.975,Low Fat,0.014628382,Baking Goods,82.325,OUT035,Small,Tier 2,Supermarket Type1,7.1948872,Food
FDE05,10.895,Regular,0.032454046,Frozen Foods,144.8102,OUT046,Small,Tier 1,Supermarket Type1,8.027154743,Food
FDZ12,9.17,Low Fat,0.102978817,Baking Goods,144.947,OUT046,Small,Tier 1,Supermarket Type1,8.36530229,Food
FDX37,16.2,Low Fat,0.105498192,Canned,101.47,OUT010,Small,Tier 3,Grocery Store,5.992663828,Food
FDE44,14.65,Low Fat,0.171355643,Fruits and Vegetables,47.6692,OUT035,Small,Tier 2,Supermarket Type1,6.606701536,Food
FDS52,8.89,Low Fat,0.009585169,Frozen Foods,102.5016,OUT019,Small,Tier 1,Grocery Store,4.626947333,Food
FDO39,6.985,Regular,0.137926458,Meat,184.7608,OUT018,Medium,Tier 3,Supermarket Type2,8.304924692,Food
FDI32,17.7,Low Fat,0.2156522,Fruits and Vegetables,115.0834,OUT045,Small,Tier 2,Supermarket Type1,7.924941148,Food
FDV28,16.1,Regular,0.177618102,Frozen Foods,35.1558,OUT017,Small,Tier 2,Supermarket Type1,5.830585449,Food
NCP53,14.75,Non-Edible,0.033076388,Health and Hygiene,237.2906,OUT017,Small,Tier 2,Supermarket Type1,8.03624276,Non-Consumable
NCN43,12.15,Non-Edible,0.006770252,Others,124.473,OUT049,Medium,Tier 1,Supermarket Type1,7.116986501,Non-Consumable
NCI31,20,Non-Edible,0.142393355,Others,36.419,OUT019,Small,Tier 1,Grocery Store,4.708241082,Non-Consumable
FDK55,18.5,Low Fat,0.025813943,Meat,89.1172,OUT045,Small,Tier 2,Supermarket Type1,6.794779172,Food
FDC17,12.15,Low Fat,0.015548178,Frozen Foods,211.2928,OUT017,Small,Tier 2,Supermarket Type1,8.527228113,Food
FDV28,16.1,Regular,0.159698192,Frozen Foods,32.0558,OUT035,Small,Tier 2,Supermarket Type1,6.927238247,Food
FDY26,20.6,Regular,0.030634813,Dairy,212.9244,OUT018,Medium,Tier 3,Supermarket Type2,7.840585595,Food
NCU06,17.6,Non-Edible,0.074522745,Household,228.801,OUT049,Medium,Tier 1,Supermarket Type1,8.076146708,Non-Consumable
FDV16,7.75,Regular,0.145200948,Frozen Foods,35.4558,OUT019,Small,Tier 1,Grocery Store,4.918689581,Food
FDY31,5.98,Low Fat,0.043651198,Fruits and Vegetables,146.1418,OUT045,Small,Tier 2,Supermarket Type1,8.03624276,Food
DRE37,13.5,Low Fat,0.094366079,Soft Drinks,190.9872,OUT049,Medium,Tier 1,Supermarket Type1,7.950610994,Drinks
FDH33,12.85,Low Fat,0.121702394,Snack Foods,42.7428,OUT035,Small,Tier 2,Supermarket Type1,6.556898803,Food
FDA46,13.6,Low Fat,0.117613212,Snack Foods,194.2136,OUT035,Small,Tier 2,Supermarket Type1,7.835332795,Food
FDP12,9.8,Regular,0.045258247,Baking Goods,35.9874,OUT035,Small,Tier 2,Supermarket Type1,5.646503583,Food
FDJ09,15,Low Fat,0.058485617,Snack Foods,44.7744,OUT049,Medium,Tier 1,Supermarket Type1,6.522263372,Food
NCS54,13.6,Non-Edible,0.00994477,Household,177.837,OUT027,Medium,Tier 3,Supermarket Type3,8.784034955,Non-Consumable
FDJ33,8.895,Regular,0.087894475,Snack Foods,121.173,OUT027,Medium,Tier 3,Supermarket Type3,7.858498837,Food
FDF32,16.35,Low Fat,0.113953562,Fruits and Vegetables,198.2426,OUT010,Small,Tier 3,Grocery Store,6.674524017,Food
FDN24,14.1,Low Fat,0.198316649,Baking Goods,54.3956,OUT019,Small,Tier 1,Grocery Store,5.613047811,Food
FDX21,7.05,Low Fat,0.084949955,Snack Foods,109.7912,OUT035,Small,Tier 2,Supermarket Type1,6.996600973,Food
FDC57,20.1,Regular,0.054549098,Fruits and Vegetables,193.782,OUT013,High,Tier 3,Supermarket Type1,7.055737257,Food
NCZ06,19.6,Non-Edible,0.094545236,Household,254.7698,OUT018,Medium,Tier 3,Supermarket Type2,8.580743562,Non-Consumable
FDY56,16.35,Regular,0.062359467,Fruits and Vegetables,224.0062,OUT013,High,Tier 3,Supermarket Type1,8.363906292,Food
NCH07,13.15,Non-Edible,0.092811105,Household,159.7604,OUT049,Medium,Tier 1,Supermarket Type1,8.323843949,Non-Consumable
FDS44,12.65,Regular,0.156679617,Fruits and Vegetables,238.8538,OUT018,Medium,Tier 3,Supermarket Type2,8.426769935,Food
FDY33,14.5,Regular,0.09735225,Snack Foods,160.7262,OUT049,Medium,Tier 1,Supermarket Type1,7.46816401,Food
FDZ48,17.75,Low Fat,0.076113671,Baking Goods,111.4544,OUT045,Small,Tier 2,Supermarket Type1,6.915415465,Food
FDY48,14,Low Fat,0.023783007,Baking Goods,104.0332,OUT045,Small,Tier 2,Supermarket Type1,7.269940374,Food
FDK16,9.065,Low Fat,0.114771298,Frozen Foods,93.9094,OUT027,Medium,Tier 3,Supermarket Type3,8.269906885,Food
FDT16,9.895,Regular,0.048662357,Frozen Foods,261.7278,OUT046,Small,Tier 1,Supermarket Type1,8.452526747,Food
FDC26,10.195,Low Fat,0.211539389,Canned,110.9886,OUT010,Small,Tier 3,Grocery Store,4.720181384,Food
DRJ47,18.25,Low Fat,0.044430561,Hard Drinks,174.208,OUT018,Medium,Tier 3,Supermarket Type2,7.86235092,Drinks
FDQ04,6.4,Low Fat,0.141860161,Frozen Foods,41.0796,OUT010,Small,Tier 3,Grocery Store,3.7443047,Food
FDN40,5.88,Low Fat,0.086590368,Frozen Foods,154.2998,OUT046,Small,Tier 1,Supermarket Type1,7.60110114,Food
FDS39,6.895,Low Fat,0.022441883,Meat,143.8812,OUT013,High,Tier 3,Supermarket Type1,7.904018365,Food
FDC11,20.5,Low Fat,0.142370445,Starchy Foods,90.6172,OUT018,Medium,Tier 3,Supermarket Type2,7.264362861,Food
FDQ39,14.8,Low Fat,0.13564792,Meat,190.8846,OUT010,Small,Tier 3,Grocery Store,5.2579359,Food
FDB33,17.75,Low Fat,0.014602837,Fruits and Vegetables,158.6262,OUT049,Medium,Tier 1,Supermarket Type1,8.248013241,Food
FDU27,18.6,Regular,0.28701714,Meat,48.8376,OUT010,Small,Tier 3,Grocery Store,3.890546017,Food
FDM44,12.5,Low Fat,0.031112643,Fruits and Vegetables,104.999,OUT045,Small,Tier 2,Supermarket Type1,7.276408397,Food
FDT32,19,Regular,0.065621523,Fruits and Vegetables,186.5214,OUT035,Small,Tier 2,Supermarket Type1,8.571074981,Food
DRC13,8.26,Regular,0.032573725,Soft Drinks,125.073,OUT018,Medium,Tier 3,Supermarket Type2,6.894045731,Drinks
NCO07,9.06,Non-Edible,0.009776268,Others,213.756,OUT046,Small,Tier 1,Supermarket Type1,6.971931234,Non-Consumable
FDJ16,9.195,Low Fat,0.115353642,Frozen Foods,58.9246,OUT018,Medium,Tier 3,Supermarket Type2,6.832809294,Food
FDB22,8.02,Low Fat,0.110901004,Snack Foods,155.0998,OUT027,Medium,Tier 3,Supermarket Type3,7.926384669,Food
NCS30,5.945,Non-Edible,0.093214866,Household,129.1652,OUT045,Small,Tier 2,Supermarket Type1,7.952486507,Non-Consumable
FDQ59,9.8,Regular,0.056400733,Breads,84.5908,OUT027,Medium,Tier 3,Supermarket Type3,8.013365955,Food
FDI38,13.35,Regular,0.014649641,Canned,207.3638,OUT049,Medium,Tier 1,Supermarket Type1,8.665403933,Food
FDR52,12.65,Regular,0.07603021,Frozen Foods,189.0846,OUT035,Small,Tier 2,Supermarket Type1,8.297487873,Food
FDT15,12.15,Regular,0.042855388,Meat,181.695,OUT018,Medium,Tier 3,Supermarket Type2,7.982935161,Food
FDR52,12.65,Regular,0.133144259,Frozen Foods,190.8846,OUT019,Small,Tier 1,Grocery Store,5.2579359,Food
FDS60,20.85,Low Fat,0.032580705,Baking Goods,180.066,OUT018,Medium,Tier 3,Supermarket Type2,7.677026113,Food
FDK52,18.25,Low Fat,0.092617631,Frozen Foods,224.1062,OUT018,Medium,Tier 3,Supermarket Type2,8.510477975,Food
FDA04,11.3,Regular,0.066865326,Frozen Foods,260.1962,OUT045,Small,Tier 2,Supermarket Type1,7.955059606,Food
NCQ53,17.6,Non-Edible,0.018943666,Health and Hygiene,237.359,OUT045,Small,Tier 2,Supermarket Type1,8.723611086,Non-Consumable
FDN28,5.88,Regular,0.030371121,Frozen Foods,101.799,OUT018,Medium,Tier 3,Supermarket Type2,7.581608013,Food
FDU12,15.5,Regular,0.132630345,Baking Goods,263.8568,OUT019,Small,Tier 1,Grocery Store,6.674524017,Food
FDT03,21.25,Low Fat,0.01001904,Meat,184.6608,OUT045,Small,Tier 2,Supermarket Type1,5.909499326,Food
FDY57,20.2,Regular,0.121254236,Snack Foods,94.5752,OUT046,Small,Tier 1,Supermarket Type1,7.508035134,Food
FDH56,9.8,Regular,0.063764099,Fruits and Vegetables,113.8492,OUT013,High,Tier 3,Supermarket Type1,7.460914842,Food
DRM23,16.6,Low Fat,0.136286138,Hard Drinks,171.4422,OUT018,Medium,Tier 3,Supermarket Type2,7.715457446,Drinks
FDZ07,15.1,Regular,0.164391573,Fruits and Vegetables,62.8194,OUT019,Small,Tier 1,Grocery Store,4.141854542,Food
FDK40,7.035,Low Fat,0.02189371,Frozen Foods,262.791,OUT045,Small,Tier 2,Supermarket Type1,8.211448705,Food
FDU04,7.93,Low Fat,0.006939681,Frozen Foods,121.8414,OUT046,Small,Tier 1,Supermarket Type1,7.938571194,Food
DRL37,15.5,Low Fat,0.053388124,Soft Drinks,41.377,OUT017,Small,Tier 2,Supermarket Type1,6.477210796,Drinks
FDT26,18.85,Regular,0.067624438,Dairy,120.944,OUT027,Medium,Tier 3,Supermarket Type3,6.984342176,Food
FDT24,12.35,Regular,0.186236236,Baking Goods,78.7328,OUT045,Small,Tier 2,Supermarket Type1,7.237915062,Food
FDX57,17.25,Regular,0.047037323,Snack Foods,96.4068,OUT027,Medium,Tier 3,Supermarket Type3,7.873058474,Food
FDA55,17.2,Regular,0.099780431,Fruits and Vegetables,225.2088,OUT019,Small,Tier 1,Grocery Store,6.105724941,Food
NCN05,8.235,Non-Edible,0.014488997,Health and Hygiene,183.795,OUT045,Small,Tier 2,Supermarket Type1,7.982935161,Non-Consumable
FDR58,6.675,Low Fat,0.04200648,Snack Foods,92.6462,OUT045,Small,Tier 2,Supermarket Type1,7.418679858,Food
FDX47,6.55,Regular,0.034575546,Breads,156.5288,OUT013,High,Tier 3,Supermarket Type1,7.360287162,Food
NCH54,13.5,Non-Edible,0.072965144,Household,160.692,OUT018,Medium,Tier 3,Supermarket Type2,7.559300995,Non-Consumable
NCH42,6.86,Non-Edible,0.036530411,Household,227.801,OUT035,Small,Tier 2,Supermarket Type1,8.270247862,Non-Consumable
FDH56,9.8,Regular,0.063946629,Fruits and Vegetables,116.6492,OUT045,Small,Tier 2,Supermarket Type1,7.748453121,Food
FDQ48,14.3,Regular,0.034551415,Baking Goods,98.1726,OUT018,Medium,Tier 3,Supermarket Type2,6.531035341,Food
FDN20,19.35,Low Fat,0.026329989,Fruits and Vegetables,169.2474,OUT017,Small,Tier 2,Supermarket Type1,8.217935796,Food
FDA15,9.3,Low Fat,0.016009057,Dairy,250.6092,OUT013,High,Tier 3,Supermarket Type1,8.775740828,Food
FDS48,15.15,Low Fat,0.048637888,Baking Goods,149.7708,OUT019,Small,Tier 1,Grocery Store,5.020392867,Food
FDW02,4.805,Regular,0.037852995,Dairy,126.2704,OUT018,Medium,Tier 3,Supermarket Type2,8.197247288,Food
FDN03,9.8,Regular,0.015016891,Meat,248.6408,OUT027,Medium,Tier 3,Supermarket Type3,8.818807991,Food
FDF57,14.5,Regular,0.059160135,Fruits and Vegetables,170.7448,OUT017,Small,Tier 2,Supermarket Type1,7.623806938,Food
DRM37,15.35,Low Fat,0.096379585,Soft Drinks,196.5768,OUT035,Small,Tier 2,Supermarket Type1,8.461858732,Drinks
NCD54,21.1,Non-Edible,0.029008944,Household,143.3786,OUT046,Small,Tier 1,Supermarket Type1,6.766043777,Non-Consumable
NCQ42,20.35,Non-Edible,0.039078047,Household,128.3678,OUT027,Medium,Tier 3,Supermarket Type3,8.064697795,Non-Consumable
FDW49,19.5,Low Fat,0.082536604,Canned,177.2002,OUT035,Small,Tier 2,Supermarket Type1,7.673317256,Food
DRI03,6.03,Low Fat,0.0226848,Dairy,178.1028,OUT013,High,Tier 3,Supermarket Type1,8.43504404,Drinks
FDD14,20.7,Low Fat,0.170152831,Canned,182.6266,OUT045,Small,Tier 2,Supermarket Type1,7.856696108,Food
FDN02,16.5,Low Fat,0.073827748,Canned,208.8638,OUT046,Small,Tier 1,Supermarket Type1,7.81833598,Food
FDQ45,9.5,Regular,0.010864186,Snack Foods,185.3608,OUT027,Medium,Tier 3,Supermarket Type3,8.581118375,Food
FDX56,17.1,Regular,0.07436116,Fruits and Vegetables,206.1638,OUT018,Medium,Tier 3,Supermarket Type2,8.329000674,Food
FDE51,5.925,Regular,0.168901843,Dairy,43.4086,OUT019,Small,Tier 1,Grocery Store,3.820096295,Food
FDT47,5.26,Regular,0.02455854,Breads,95.6068,OUT045,Small,Tier 2,Supermarket Type1,7.755323046,Food
FDM22,14,Regular,0.041949832,Snack Foods,54.064,OUT035,Small,Tier 2,Supermarket Type1,7.020676739,Food
FDB27,7.575,Low Fat,0.055502454,Dairy,196.5768,OUT045,Small,Tier 2,Supermarket Type1,7.363669112,Food
FDE02,8.71,Low Fat,0.120663214,Canned,95.6778,OUT027,Medium,Tier 3,Supermarket Type3,7.9763247,Food
FDD38,16.75,Regular,0.00819018,Canned,103.7674,OUT035,Small,Tier 2,Supermarket Type1,7.956227012,Food
FDF34,9.3,Regular,0.014098693,Snack Foods,197.7084,OUT017,Small,Tier 2,Supermarket Type1,8.12383731,Food
FDP15,15.2,Low Fat,0.083536071,Meat,256.033,OUT010,Small,Tier 3,Grocery Store,7.156695224,Food
NCI29,8.6,Non-Edible,0.032806066,Health and Hygiene,143.6154,OUT017,Small,Tier 2,Supermarket Type1,7.663046397,Non-Consumable
FDU27,18.6,Regular,0.172446822,Meat,47.1376,OUT017,Small,Tier 2,Supermarket Type1,6.643791816,Food
NCD55,14,Non-Edible,0.024213354,Household,42.4454,OUT027,Medium,Tier 3,Supermarket Type3,5.685678923,Non-Consumable
FDU37,9.5,Regular,0.104461432,Canned,79.596,OUT046,Small,Tier 1,Supermarket Type1,6.946637473,Food
FDA01,15,Regular,0.054685839,Canned,60.2904,OUT017,Small,Tier 2,Supermarket Type1,7.367039662,Food
FDS13,6.465,Low Fat,0.124758619,Canned,264.1884,OUT045,Small,Tier 2,Supermarket Type1,8.144925655,Food
FDK55,18.5,Low Fat,0.02586664,Meat,88.9172,OUT018,Medium,Tier 3,Supermarket Type2,7.436102578,Food
FDR36,6.715,Regular,0.121563385,Baking Goods,43.7454,OUT035,Small,Tier 2,Supermarket Type1,6.303150336,Food
DRK49,14.15,Low Fat,0.035999599,Soft Drinks,41.5138,OUT049,Medium,Tier 1,Supermarket Type1,5.096538947,Drinks
DRM23,16.6,Low Fat,0.151208128,Hard Drinks,171.7422,OUT027,Medium,Tier 3,Supermarket Type3,8.733742118,Drinks
FDH47,13.5,Regular,0.21561193,Starchy Foods,98.6068,OUT010,Small,Tier 3,Grocery Store,4.587075459,Food
FDZ21,17.6,Regular,0.039381633,Snack Foods,98.041,OUT018,Medium,Tier 3,Supermarket Type2,6.5173566,Food
FDI57,19.85,Low Fat,0.054331235,Seafood,198.7768,OUT017,Small,Tier 2,Supermarket Type1,8.419308308,Food
FDK26,5.46,Regular,0.056338482,Canned,184.624,OUT019,Small,Tier 1,Grocery Store,7.174699807,Food
FDQ36,7.855,Regular,0.161516894,Baking Goods,37.0848,OUT035,Small,Tier 2,Supermarket Type1,6.105724941,Food
FDJ58,15.6,Regular,0.184359831,Snack Foods,172.6764,OUT019,Small,Tier 1,Grocery Store,6.756795171,Food
FDD45,8.615,Low Fat,0.116484721,Fruits and Vegetables,94.1436,OUT045,Small,Tier 2,Supermarket Type1,7.034848793,Food
FDG50,7.405,Low Fat,0.015302764,Canned,89.9146,OUT045,Small,Tier 2,Supermarket Type1,7.691725496,Food
FDO36,19.7,Low Fat,0.136417078,Baking Goods,179.766,OUT019,Small,Tier 1,Grocery Store,5.197203377,Food
NCW42,18.2,Non-Edible,0.058707159,Household,220.5456,OUT018,Medium,Tier 3,Supermarket Type2,8.037749432,Non-Consumable
NCH18,9.3,Non-Edible,0.074753743,Household,246.4802,OUT010,Small,Tier 3,Grocery Store,6.891342117,Non-Consumable
FDY59,8.195,Low Fat,0.031251369,Baking Goods,93.3462,OUT027,Medium,Tier 3,Supermarket Type3,6.92658508,Food
NCO42,21.25,Non-Edible,0.024705597,Household,145.1102,OUT045,Small,Tier 2,Supermarket Type1,7.38082433,Non-Consumable
FDM45,8.655,Regular,0.088693595,Snack Foods,122.5756,OUT017,Small,Tier 2,Supermarket Type1,7.688070858,Food
NCV29,11.8,Non-Edible,0.038235337,Health and Hygiene,177.5686,OUT010,Small,Tier 3,Grocery Store,6.5681824,Non-Consumable
FDT08,13.65,Low Fat,0.048980156,Fruits and Vegetables,148.705,OUT027,Medium,Tier 3,Supermarket Type3,8.005400433,Food
NCQ43,17.75,Non-Edible,0.194874778,Others,110.2912,OUT019,Small,Tier 1,Grocery Store,5.390816326,Non-Consumable
NCA54,16.5,Non-Edible,0.036611104,Household,180.9318,OUT013,High,Tier 3,Supermarket Type1,8.086032481,Non-Consumable
FDW55,12.6,Regular,0.025639529,Fruits and Vegetables,248.8092,OUT035,Small,Tier 2,Supermarket Type1,8.813475436,Food
FDI10,8.51,Regular,0.07802465,Snack Foods,171.4422,OUT027,Medium,Tier 3,Supermarket Type3,8.146084292,Food
NCS53,14.5,Non-Edible,0.157190017,Health and Hygiene,156.8604,OUT019,Small,Tier 1,Grocery Store,5.761802295,Non-Consumable
FDZ35,9.6,Regular,0.022170592,Breads,105.199,OUT027,Medium,Tier 3,Supermarket Type3,8.0709589,Food
FDF10,15.5,Regular,0.156797787,Snack Foods,148.6418,OUT013,High,Tier 3,Supermarket Type1,8.287485292,Food
FDO38,17.25,Low Fat,0.07325106,Canned,76.4986,OUT017,Small,Tier 2,Supermarket Type1,6.659275971,Food
FDY45,17.5,Low Fat,0.026289984,Snack Foods,253.7356,OUT017,Small,Tier 2,Supermarket Type1,8.246966942,Food
FDC40,16,Regular,0.065328932,Dairy,78.4986,OUT018,Medium,Tier 3,Supermarket Type2,7.49146018,Food
NCO54,19.5,Non-Edible,0.014296484,Household,53.7614,OUT049,Medium,Tier 1,Supermarket Type1,7.270866943,Non-Consumable
FDQ14,9.27,Low Fat,0.062038986,Dairy,148.005,OUT018,Medium,Tier 3,Supermarket Type2,7.494797222,Food
FDM10,18.25,Low Fat,0.075908374,Snack Foods,213.4218,OUT013,High,Tier 3,Supermarket Type1,8.255306837,Food
DRK23,8.395,Low Fat,0.072383777,Hard Drinks,251.504,OUT017,Small,Tier 2,Supermarket Type1,8.86575096,Drinks
NCR17,9.8,Non-Edible,0.024363026,Health and Hygiene,114.0492,OUT013,High,Tier 3,Supermarket Type1,7.643140539,Non-Consumable
FDG31,12.15,Low Fat,0.066351687,Meat,65.0826,OUT019,Small,Tier 1,Grocery Store,5.271705388,Food
FDH02,7.27,Regular,0.020823289,Canned,92.4488,OUT045,Small,Tier 2,Supermarket Type1,6.90478768,Food
DRH37,17.6,Low Fat,0.041851756,Soft Drinks,162.7526,OUT017,Small,Tier 2,Supermarket Type1,8.047381352,Drinks
DRC36,13,Regular,0.045239326,Soft Drinks,174.1054,OUT017,Small,Tier 2,Supermarket Type1,8.384492311,Drinks
FDB56,8.75,Regular,0.074778547,Fruits and Vegetables,186.3556,OUT045,Small,Tier 2,Supermarket Type1,8.179860377,Food
NCK54,12.15,Non-Edible,0.029583249,Household,114.715,OUT045,Small,Tier 2,Supermarket Type1,6.956197764,Non-Consumable
NCQ17,10.3,Non-Edible,0.143227134,Health and Hygiene,154.663,OUT013,High,Tier 3,Supermarket Type1,7.943546327,Non-Consumable
FDM13,6.425,Low Fat,0.063432676,Breakfast,132.8626,OUT018,Medium,Tier 3,Supermarket Type2,6.264636353,Food
FDT44,16.6,Low Fat,0.103406065,Fruits and Vegetables,116.4466,OUT018,Medium,Tier 3,Supermarket Type2,7.072817073,Food
FDO28,5.765,Low Fat,0.126585095,Frozen Foods,122.4098,OUT019,Small,Tier 1,Grocery Store,4.799994918,Food
NCK07,10.65,Non-Edible,0.04896208,Others,165.8526,OUT017,Small,Tier 2,Supermarket Type1,8.280929547,Non-Consumable
NCP05,19.6,Non-Edible,0.025286583,Health and Hygiene,151.8024,OUT046,Small,Tier 1,Supermarket Type1,7.22053593,Non-Consumable
FDX11,16,Regular,0.106752081,Baking Goods,181.4634,OUT046,Small,Tier 1,Supermarket Type1,6.995381833,Food
FDS52,8.89,Low Fat,0.005485618,Frozen Foods,99.3016,OUT045,Small,Tier 2,Supermarket Type1,6.410519559,Food
FDB14,20.25,Regular,0.102932246,Canned,93.212,OUT045,Small,Tier 2,Supermarket Type1,7.174699807,Food
NCY06,15.25,Non-Edible,0.060888514,Household,130.1968,OUT027,Medium,Tier 3,Supermarket Type3,7.356893737,Non-Consumable
FDS45,5.175,Regular,0.029662795,Snack Foods,105.2622,OUT017,Small,Tier 2,Supermarket Type1,7.753609984,Food
DRF23,4.61,Low Fat,0.134603486,Hard Drinks,173.8396,OUT046,Small,Tier 1,Supermarket Type1,7.108307313,Drinks
FDD33,12.85,Low Fat,0.108382679,Fruits and Vegetables,231.9642,OUT027,Medium,Tier 3,Supermarket Type3,8.849646793,Food
NCA53,11.395,Non-Edible,0.009918699,Health and Hygiene,49.4034,OUT018,Medium,Tier 3,Supermarket Type2,6.657567302,Non-Consumable
FDC46,17.7,Low Fat,0.116520447,Snack Foods,186.0266,OUT035,Small,Tier 2,Supermarket Type1,7.990179105,Food
NCW41,18,Non-Edible,0.015447454,Health and Hygiene,159.2604,OUT035,Small,Tier 2,Supermarket Type1,8.284632942,Non-Consumable
FDZ39,19.7,Regular,0.018098194,Meat,104.599,OUT018,Medium,Tier 3,Supermarket Type2,5.738496252,Food
FDE51,5.925,Regular,0.097012989,Dairy,42.9086,OUT017,Small,Tier 2,Supermarket Type1,6.6324578,Food
FDG32,19.85,Low Fat,0.17514326,Fruits and Vegetables,222.3772,OUT027,Medium,Tier 3,Supermarket Type3,9.165679728,Food
NCK07,10.65,Non-Edible,0.048785427,Others,163.9526,OUT045,Small,Tier 2,Supermarket Type1,7.405815369,Non-Consumable
NCQ41,14.8,Non-Edible,0.019476708,Health and Hygiene,193.0794,OUT035,Small,Tier 2,Supermarket Type1,8.269395202,Non-Consumable
FDL36,15.1,Low Fat,0.076229769,Baking Goods,90.483,OUT045,Small,Tier 2,Supermarket Type1,7.389498479,Food
FDQ26,13.5,Regular,0.067948491,Dairy,57.8562,OUT049,Medium,Tier 1,Supermarket Type1,6.5681824,Food
FDR02,16.7,Low Fat,0.022190488,Dairy,113.1886,OUT017,Small,Tier 2,Supermarket Type1,8.112724986,Food
FDV59,13.35,Low Fat,0.056139218,Breads,217.6166,OUT018,Medium,Tier 3,Supermarket Type2,8.09155058,Food
FDZ33,10.195,Low Fat,0.119000409,Snack Foods,147.2076,OUT010,Small,Tier 3,Grocery Store,6.606701536,Food
NCT41,15.7,Non-Edible,0.05610384,Health and Hygiene,153.5024,OUT045,Small,Tier 2,Supermarket Type1,7.856180445,Non-Consumable
FDB17,13.15,Low Fat,0.061381589,Frozen Foods,179.9976,OUT010,Small,Tier 3,Grocery Store,5.204542807,Food
FDN44,13.15,Low Fat,0.022795611,Fruits and Vegetables,160.192,OUT046,Small,Tier 1,Supermarket Type1,7.37708368,Food
FDE45,12.1,Low Fat,0.040323731,Fruits and Vegetables,180.0002,OUT013,High,Tier 3,Supermarket Type1,8.446256689,Food
FDG47,12.8,Low Fat,0.070012633,Starchy Foods,262.8252,OUT017,Small,Tier 2,Supermarket Type1,7.967826719,Food
NCP02,7.105,Non-Edible,0.044591774,Household,59.6562,OUT027,Medium,Tier 3,Supermarket Type3,7.693244329,Non-Consumable
FDW02,4.805,Regular,0.037699423,Dairy,125.5704,OUT046,Small,Tier 1,Supermarket Type1,8.263920893,Food
NCM53,18.75,Non-Edible,0.052040915,Health and Hygiene,105.728,OUT046,Small,Tier 1,Supermarket Type1,7.613340782,Non-Consumable
FDD47,7.6,Regular,0.142292265,Starchy Foods,171.3448,OUT013,High,Tier 3,Supermarket Type1,8.083159212,Food
FDE28,9.5,Regular,0.132521929,Frozen Foods,228.6668,OUT035,Small,Tier 2,Supermarket Type1,8.330285711,Food
FDV12,16.7,Regular,0.061122656,Baking Goods,100.0384,OUT018,Medium,Tier 3,Supermarket Type2,7.809727996,Food
FDE36,5.26,Regular,0.041942549,Baking Goods,165.4868,OUT018,Medium,Tier 3,Supermarket Type2,7.738058924,Food
FDU45,15.6,Regular,0.035506142,Snack Foods,112.4518,OUT046,Small,Tier 1,Supermarket Type1,8.102496261,Food
FDP28,13.65,Regular,0.080573371,Frozen Foods,260.1936,OUT013,High,Tier 3,Supermarket Type1,8.272801489,Food
FDH33,12.85,Low Fat,0.121972274,Snack Foods,43.1428,OUT045,Small,Tier 2,Supermarket Type1,6.556898803,Food
FDO44,12.6,Low Fat,0.087436672,Fruits and Vegetables,109.9228,OUT035,Small,Tier 2,Supermarket Type1,6.498488152,Food
FDR07,21.35,Low Fat,0.136119549,Fruits and Vegetables,94.1094,OUT019,Small,Tier 1,Grocery Store,5.254463698,Food
FDJ45,17.75,Low Fat,0.073396761,Seafood,35.1216,OUT035,Small,Tier 2,Supermarket Type1,6.723734359,Food
FDS59,14.8,Regular,0.073468631,Breads,110.857,OUT010,Small,Tier 3,Grocery Store,5.800821462,Food
FDU34,18.25,Low Fat,0.075132353,Snack Foods,125.9046,OUT013,High,Tier 3,Supermarket Type1,7.769204281,Food
NCL06,14.65,Non-Edible,0.120624771,Household,261.7594,OUT010,Small,Tier 3,Grocery Store,6.262099896,Non-Consumable
FDR37,16.5,Regular,0.110888167,Breakfast,181.6292,OUT010,Small,Tier 3,Grocery Store,6.999034801,Food
NCM53,18.75,Non-Edible,0.052252908,Health and Hygiene,105.728,OUT018,Medium,Tier 3,Supermarket Type2,7.441583112,Non-Consumable
DRG25,10.5,Low Fat,0.019046089,Soft Drinks,188.424,OUT035,Small,Tier 2,Supermarket Type1,7.713377209,Drinks
DRE25,15.35,Low Fat,0.073397129,Soft Drinks,91.912,OUT049,Medium,Tier 1,Supermarket Type1,7.867464057,Drinks
FDZ45,14.1,Low Fat,0.067011609,Snack Foods,197.1084,OUT045,Small,Tier 2,Supermarket Type1,7.688680892,Food
NCV53,8.27,Non-Edible,0.031490111,Health and Hygiene,239.088,OUT010,Small,Tier 3,Grocery Store,6.579340097,Non-Consumable
FDR55,12.15,Regular,0.132621594,Fruits and Vegetables,190.1872,OUT018,Medium,Tier 3,Supermarket Type2,8.238204951,Food
FDS47,16.75,Low Fat,0.129045287,Breads,87.6856,OUT027,Medium,Tier 3,Supermarket Type3,7.52110009,Food
DRG27,8.895,Low Fat,0.105110692,Dairy,41.1138,OUT046,Small,Tier 1,Supermarket Type1,6.53876857,Drinks
FDA02,14,Regular,0.02976887,Dairy,145.4786,OUT049,Medium,Tier 1,Supermarket Type1,7.17112473,Food
FDF45,18.2,Regular,0.012229464,Fruits and Vegetables,56.8904,OUT045,Small,Tier 2,Supermarket Type1,7.24933559,Food
FDZ58,17.85,Low Fat,0.052176861,Snack Foods,122.8072,OUT046,Small,Tier 1,Supermarket Type1,6.755245386,Food
NCH30,17.1,Non-Edible,0.06725846,Household,115.186,OUT049,Medium,Tier 1,Supermarket Type1,7.820476448,Non-Consumable
FDN03,9.8,Regular,0.025257508,Meat,248.5408,OUT010,Small,Tier 3,Grocery Store,6.622766111,Food
FDH12,9.6,Low Fat,0.085085743,Baking Goods,105.128,OUT049,Medium,Tier 1,Supermarket Type1,6.971931234,Food
NCH54,13.5,Non-Edible,0.12163321,Household,161.692,OUT010,Small,Tier 3,Grocery Store,5.080111604,Non-Consumable
DRH01,17.5,Low Fat,0.098102581,Soft Drinks,172.9738,OUT045,Small,Tier 2,Supermarket Type1,8.376860436,Drinks
FDX01,10.1,Low Fat,0.024047319,Canned,115.515,OUT027,Medium,Tier 3,Supermarket Type3,7.591738095,Food
FDD34,7.945,Low Fat,0.01596609,Snack Foods,163.521,OUT017,Small,Tier 2,Supermarket Type1,7.492944685,Food
FDC53,8.68,Low Fat,0.008792907,Frozen Foods,96.7384,OUT027,Medium,Tier 3,Supermarket Type3,7.991981922,Food
FDO28,5.765,Low Fat,0.072238195,Frozen Foods,120.0098,OUT013,High,Tier 3,Supermarket Type1,7.431380951,Food
DRJ51,14.1,Low Fat,0.08849163,Dairy,231.1668,OUT017,Small,Tier 2,Supermarket Type1,8.936311917,Drinks
FDD14,20.7,Low Fat,0.170500183,Canned,184.1266,OUT018,Medium,Tier 3,Supermarket Type2,7.415078416,Food
FDW35,10.6,Low Fat,0.011134397,Breads,42.8454,OUT018,Medium,Tier 3,Supermarket Type2,5.128605571,Food
NCH18,9.3,Non-Edible,0.044730667,Household,245.1802,OUT049,Medium,Tier 1,Supermarket Type1,7.807022734,Non-Consumable
FDK20,12.6,Regular,0.04179272,Fruits and Vegetables,122.0072,OUT017,Small,Tier 2,Supermarket Type1,7.206806873,Food
FDY47,8.6,Regular,0.054484461,Breads,130.131,OUT046,Small,Tier 1,Supermarket Type1,7.351781909,Food
FDG32,19.85,Low Fat,0.175849067,Fruits and Vegetables,222.0772,OUT013,High,Tier 3,Supermarket Type1,7.602099143,Food
FDC20,10.65,Low Fat,0.024069113,Fruits and Vegetables,56.2272,OUT018,Medium,Tier 3,Supermarket Type2,6.32842238,Food
NCS29,9,Non-Edible,0.06953231,Health and Hygiene,266.5884,OUT035,Small,Tier 2,Supermarket Type1,8.798712815,Non-Consumable
FDG53,10,Low Fat,0.045848263,Frozen Foods,138.518,OUT035,Small,Tier 2,Supermarket Type1,7.713377209,Food
FDV26,20.25,Regular,0.076160451,Dairy,196.2794,OUT046,Small,Tier 1,Supermarket Type1,7.912830069,Food
FDE40,15.6,Regular,0.099704558,Dairy,63.1194,OUT017,Small,Tier 2,Supermarket Type1,7.17112473,Food
FDM02,12.5,Regular,0.073735058,Canned,87.1198,OUT046,Small,Tier 1,Supermarket Type1,7.413473603,Food
FDU11,4.785,Low Fat,0.0931174,Breads,118.6098,OUT017,Small,Tier 2,Supermarket Type1,5.893105574,Food
FDB51,6.92,Low Fat,0.038446805,Dairy,63.5852,OUT035,Small,Tier 2,Supermarket Type1,6.622766111,Food
FDQ03,15,Regular,0.078172471,Meat,238.8248,OUT045,Small,Tier 2,Supermarket Type1,8.176496203,Food
DRK35,8.365,Low Fat,0.071992202,Hard Drinks,38.3506,OUT045,Small,Tier 2,Supermarket Type1,6.895394802,Drinks
FDZ32,7.785,Regular,0.038210084,Fruits and Vegetables,103.8964,OUT045,Small,Tier 2,Supermarket Type1,6.854109325,Food
FDU38,10.8,Low Fat,0.0824812,Dairy,191.6504,OUT013,High,Tier 3,Supermarket Type1,7.821544966,Food
DRM11,6.57,Low Fat,0.066069578,Hard Drinks,261.0278,OUT046,Small,Tier 1,Supermarket Type1,8.334770381,Drinks
FDS36,8.38,Regular,0.046848322,Baking Goods,110.557,OUT013,High,Tier 3,Supermarket Type1,8.254787626,Food
FDO52,11.6,Regular,0.077164595,Frozen Foods,172.5106,OUT046,Small,Tier 1,Supermarket Type1,7.850749868,Food
FDA04,11.3,Regular,0.066833743,Frozen Foods,257.2962,OUT049,Medium,Tier 1,Supermarket Type1,7.754466882,Food
NCE31,7.67,Non-Edible,0.185596553,Household,35.7216,OUT018,Medium,Tier 3,Supermarket Type2,4.251963506,Non-Consumable
FDC33,8.96,Regular,0.068925304,Fruits and Vegetables,196.9768,OUT035,Small,Tier 2,Supermarket Type1,7.923013205,Food
FDS33,6.67,Regular,0.12367891,Snack Foods,88.9514,OUT045,Small,Tier 2,Supermarket Type1,6.787296918,Food
NCJ05,18.7,Non-Edible,0.046348967,Health and Hygiene,153.6682,OUT017,Small,Tier 2,Supermarket Type1,7.425447394,Non-Consumable
FDN51,17.85,Regular,0.021065311,Meat,261.5936,OUT017,Small,Tier 2,Supermarket Type1,8.700156675,Food
FDZ10,17.85,Low Fat,0.077849833,Snack Foods,127.202,OUT019,Small,Tier 1,Grocery Store,6.228526783,Food
NCQ30,7.725,Non-Edible,0.029236727,Household,123.8414,OUT017,Small,Tier 2,Supermarket Type1,7.20136132,Non-Consumable
FDL09,19.6,Regular,0.127929521,Snack Foods,167.4816,OUT013,High,Tier 3,Supermarket Type1,8.213976465,Food
FDU03,18.7,Regular,0.091560606,Meat,182.3292,OUT035,Small,Tier 2,Supermarket Type1,8.251145584,Food
FDQ32,17.85,Regular,0.081605462,Fruits and Vegetables,122.3388,OUT019,Small,Tier 1,Grocery Store,5.920281064,Food
FDI38,13.35,Regular,0.014626901,Canned,207.7638,OUT046,Small,Tier 1,Supermarket Type1,8.166524346,Food
FDE36,5.26,Regular,0.041837331,Baking Goods,161.8868,OUT049,Medium,Tier 1,Supermarket Type1,8.532749719,Food
FDY02,8.945,Regular,0.088002959,Dairy,261.391,OUT018,Medium,Tier 3,Supermarket Type2,7.518573014,Food
NCA17,20.6,Non-Edible,0.04551031,Health and Hygiene,149.6392,OUT045,Small,Tier 2,Supermarket Type1,6.797756467,Non-Consumable
DRJ25,14.6,Low Fat,0.150801606,Soft Drinks,48.7692,OUT049,Medium,Tier 1,Supermarket Type1,7.116986501,Drinks
FDI26,5.94,Low Fat,0.03495749,Canned,177.1344,OUT045,Small,Tier 2,Supermarket Type1,7.957159956,Food
FDT50,6.75,Regular,0.108458498,Dairy,96.9752,OUT045,Small,Tier 2,Supermarket Type1,6.866674918,Food
FDR02,16.7,Low Fat,0.022155562,Dairy,109.5886,OUT018,Medium,Tier 3,Supermarket Type2,6.90945124,Food
NCY05,13.5,Non-Edible,0.055301055,Health and Hygiene,34.6874,OUT017,Small,Tier 2,Supermarket Type1,5.763894338,Non-Consumable
FDI50,8.42,Regular,0.030816999,Canned,230.8352,OUT013,High,Tier 3,Supermarket Type1,8.142216938,Food
FDW56,7.68,Low Fat,0.0711891,Fruits and Vegetables,193.3162,OUT018,Medium,Tier 3,Supermarket Type2,8.661031337,Food
FDS32,17.75,Regular,0.029821648,Fruits and Vegetables,139.9838,OUT017,Small,Tier 2,Supermarket Type1,7.025423108,Food
FDT48,4.92,Low Fat,0.046142232,Baking Goods,199.1084,OUT018,Medium,Tier 3,Supermarket Type2,8.468591346,Food
FDU57,8.27,Regular,0.089735804,Snack Foods,148.7708,OUT045,Small,Tier 2,Supermarket Type1,7.904509947,Food
FDL51,20.7,Regular,0.04745185,Dairy,214.6876,OUT013,High,Tier 3,Supermarket Type1,8.007176041,Food
FDO52,11.6,Regular,0.077150004,Frozen Foods,170.2106,OUT035,Small,Tier 2,Supermarket Type1,7.540736551,Food
FDS57,15.5,Low Fat,0.181114059,Snack Foods,141.647,OUT019,Small,Tier 1,Grocery Store,6.064810265,Food
FDR22,19.35,Regular,0.018562604,Snack Foods,110.5544,OUT046,Small,Tier 1,Supermarket Type1,7.356893737,Food
FDB57,20.25,Regular,0.018789455,Fruits and Vegetables,222.0772,OUT013,High,Tier 3,Supermarket Type1,8.043753522,Food
FDA04,11.3,Regular,0.066674465,Frozen Foods,259.1962,OUT013,High,Tier 3,Supermarket Type1,8.552738698,Food
FDM09,11.15,Regular,0.143831787,Snack Foods,169.979,OUT010,Small,Tier 3,Grocery Store,5.140370323,Food
NCQ38,16.35,Non-Edible,0.023402893,Others,108.228,OUT019,Small,Tier 1,Grocery Store,5.366237663,Non-Consumable
FDP52,18.7,Regular,0.070979698,Frozen Foods,229.501,OUT018,Medium,Tier 3,Supermarket Type2,7.383310345,Food
DRK11,8.21,Low Fat,0.018847114,Hard Drinks,148.0392,OUT019,Small,Tier 1,Grocery Store,6.105724941,Drinks
FDN40,5.88,Low Fat,0.086945823,Frozen Foods,152.9998,OUT017,Small,Tier 2,Supermarket Type1,8.213976465,Food
FDV58,20.85,Low Fat,0.121438886,Snack Foods,196.1452,OUT049,Medium,Tier 1,Supermarket Type1,7.356893737,Food
DRA59,8.27,Regular,0.153963448,Soft Drinks,183.2924,OUT017,Small,Tier 2,Supermarket Type1,7.786220024,Drinks
FDE23,17.6,Regular,0.053288857,Starchy Foods,47.306,OUT045,Small,Tier 2,Supermarket Type1,6.408327782,Food
FDI08,18.2,Regular,0.066431507,Fruits and Vegetables,250.1092,OUT045,Small,Tier 2,Supermarket Type1,8.35093939,Food
FDE09,8.775,Low Fat,0.037824735,Fruits and Vegetables,109.7228,OUT019,Small,Tier 1,Grocery Store,5.806845553,Food
FDG09,20.6,Regular,0.047936284,Fruits and Vegetables,185.7556,OUT046,Small,Tier 1,Supermarket Type1,8.279917145,Food
FDS57,15.5,Low Fat,0.103356186,Snack Foods,142.847,OUT013,High,Tier 3,Supermarket Type1,7.362402221,Food
FDW15,15.35,Regular,0.055067732,Meat,146.5734,OUT013,High,Tier 3,Supermarket Type1,7.773415402,Food
FDH56,9.8,Regular,0.063916425,Fruits and Vegetables,117.1492,OUT049,Medium,Tier 1,Supermarket Type1,7.930702774,Food
FDM36,11.65,Regular,0.059063036,Baking Goods,172.0422,OUT017,Small,Tier 2,Supermarket Type1,7.230228268,Food
NCQ38,16.35,Non-Edible,0.013442036,Others,104.528,OUT017,Small,Tier 2,Supermarket Type1,6.971931234,Non-Consumable
DRE48,8.43,Low Fat,0.01724183,Soft Drinks,197.0768,OUT027,Medium,Tier 3,Supermarket Type3,9.090368743,Drinks
FDP33,18.7,Low Fat,0.089777214,Snack Foods,256.4672,OUT017,Small,Tier 2,Supermarket Type1,8.588585273,Food
FDI33,16.5,Low Fat,0.028418817,Snack Foods,92.8146,OUT046,Small,Tier 1,Supermarket Type1,7.649185733,Food
FDO16,5.48,Low Fat,0.015108194,Frozen Foods,83.725,OUT046,Small,Tier 1,Supermarket Type1,7.061463004,Food
FDW34,9.6,Low Fat,0.035780385,Snack Foods,241.317,OUT017,Small,Tier 2,Supermarket Type1,8.201455892,Food
FDM22,14,Regular,0.073462632,Snack Foods,52.364,OUT019,Small,Tier 1,Grocery Store,3.993861024,Food
NCO07,9.06,Non-Edible,0.009816092,Others,211.856,OUT018,Medium,Tier 3,Supermarket Type2,8.195044442,Non-Consumable
FDC44,15.6,Low Fat,0.172946916,Fruits and Vegetables,114.1518,OUT045,Small,Tier 2,Supermarket Type1,7.508035134,Food
DRB48,16.75,Regular,0.024892129,Soft Drinks,37.8822,OUT049,Medium,Tier 1,Supermarket Type1,6.380517374,Drinks
NCV29,11.8,Non-Edible,0.022824491,Health and Hygiene,177.0686,OUT013,High,Tier 3,Supermarket Type1,8.014026893,Non-Consumable
FDE28,9.5,Regular,0.195483698,Frozen Foods,231.3668,OUT013,High,Tier 3,Supermarket Type1,8.658722267,Food
FDP49,9,Regular,0.069229076,Breakfast,55.9614,OUT045,Small,Tier 2,Supermarket Type1,5.960566584,Food
FDX59,10.195,Low Fat,0.051766042,Breads,34.5558,OUT045,Small,Tier 2,Supermarket Type1,6.092271863,Food
FDN60,15.1,Low Fat,0.095140088,Baking Goods,159.9604,OUT035,Small,Tier 2,Supermarket Type1,7.956227012,Food
DRC36,13,Regular,0.044976367,Soft Drinks,176.2054,OUT035,Small,Tier 2,Supermarket Type1,7.11211373,Drinks
FDE02,8.71,Low Fat,0.212293753,Canned,92.2778,OUT019,Small,Tier 1,Grocery Store,6.153560012,Food
NCU29,7.685,Non-Edible,0.025354072,Health and Hygiene,144.476,OUT027,Medium,Tier 3,Supermarket Type3,8.206010462,Non-Consumable
NCQ17,10.3,Non-Edible,0.195721125,Health and Hygiene,156.463,OUT010,Small,Tier 3,Grocery Store,5.749157289,Non-Consumable
DRD12,6.96,Low Fat,0.077508015,Soft Drinks,92.3146,OUT018,Medium,Tier 3,Supermarket Type2,6.999034801,Drinks
FDV45,16.75,Low Fat,0.045009952,Snack Foods,186.8556,OUT013,High,Tier 3,Supermarket Type1,7.800500089,Food
FDZ02,6.905,Regular,0.037962696,Dairy,97.5726,OUT027,Medium,Tier 3,Supermarket Type3,6.887272941,Food
FDW26,11.8,Regular,0.187443314,Dairy,220.4772,OUT019,Small,Tier 1,Grocery Store,6.099768128,Food
FDN40,5.88,Low Fat,0.086384841,Frozen Foods,153.2998,OUT013,High,Tier 3,Supermarket Type1,7.675173404,Food
FDR19,13.5,Regular,0.158947217,Fruits and Vegetables,145.5102,OUT027,Medium,Tier 3,Supermarket Type3,8.696045103,Food
FDD50,18.85,Low Fat,0.141615436,Canned,169.0132,OUT035,Small,Tier 2,Supermarket Type1,7.529001005,Food
NCD18,16,Non-Edible,0.072725311,Household,228.8668,OUT046,Small,Tier 1,Supermarket Type1,7.386202907,Non-Consumable
FDA34,11.5,Low Fat,0.01484819,Starchy Foods,172.108,OUT013,High,Tier 3,Supermarket Type1,7.639303606,Food
FDR33,7.31,Low Fat,0.026843265,Snack Foods,109.757,OUT045,Small,Tier 2,Supermarket Type1,7.097901973,Food
FDD39,16.7,Low Fat,0.070154899,Dairy,218.185,OUT046,Small,Tier 1,Supermarket Type1,8.555305598,Food
FDR13,9.895,Regular,0.028765486,Canned,115.3492,OUT049,Medium,Tier 1,Supermarket Type1,7.15096903,Food
FDA39,6.32,Low Fat,0.012656359,Meat,37.8822,OUT027,Medium,Tier 3,Supermarket Type3,6.929846658,Food
FDN01,8.895,Low Fat,0.089623404,Breakfast,178.437,OUT046,Small,Tier 1,Supermarket Type1,7.119683372,Food
FDU04,7.93,Low Fat,0.005547386,Frozen Foods,121.5414,OUT035,Small,Tier 2,Supermarket Type1,7.20136132,Food
FDV10,7.645,Regular,0.083523496,Snack Foods,41.7112,OUT045,Small,Tier 2,Supermarket Type1,6.749022116,Food
NCB30,14.6,Non-Edible,0.02575512,Household,199.6084,OUT045,Small,Tier 2,Supermarket Type1,8.235031746,Non-Consumable
FDB38,19.5,Regular,0.027214272,Canned,159.692,OUT027,Medium,Tier 3,Supermarket Type3,8.165199843,Food
FDB22,8.02,Low Fat,0.111666665,Snack Foods,155.2998,OUT045,Small,Tier 2,Supermarket Type1,7.115905713,Food
NCS30,5.945,Non-Edible,0.093026207,Household,128.7652,OUT046,Small,Tier 1,Supermarket Type1,6.249320202,Non-Consumable
FDK14,6.98,Low Fat,0.041189152,Canned,82.8934,OUT045,Small,Tier 2,Supermarket Type1,6.709223849,Food
DRJ35,10.1,Low Fat,0.046584552,Hard Drinks,61.2878,OUT046,Small,Tier 1,Supermarket Type1,7.149401633,Drinks
FDX19,19.1,Low Fat,0.097280981,Fruits and Vegetables,232.6958,OUT017,Small,Tier 2,Supermarket Type1,8.589700515,Food
FDX60,14.35,Low Fat,0.080922439,Baking Goods,80.096,OUT018,Medium,Tier 3,Supermarket Type2,7.154096472,Food
FDS01,11.6,Low Fat,0.017780986,Canned,177.3686,OUT045,Small,Tier 2,Supermarket Type1,7.483630168,Food
NCT41,15.7,Non-Edible,0.055979703,Health and Hygiene,151.9024,OUT035,Small,Tier 2,Supermarket Type1,6.969430455,Non-Consumable
DRE27,11.85,Low Fat,0.132645493,Dairy,96.9726,OUT035,Small,Tier 2,Supermarket Type1,7.069424367,Drinks
FDY45,17.5,Low Fat,0.026182758,Snack Foods,253.6356,OUT049,Medium,Tier 1,Supermarket Type1,8.5345835,Food
FDB56,8.75,Regular,0.074709727,Fruits and Vegetables,188.2556,OUT027,Medium,Tier 3,Supermarket Type3,8.454229962,Food
FDS36,8.38,Regular,0.04688734,Baking Goods,107.957,OUT046,Small,Tier 1,Supermarket Type1,7.995353468,Food
FDF59,12.5,Low Fat,0.071354774,Starchy Foods,125.702,OUT049,Medium,Tier 1,Supermarket Type1,7.836385564,Food
FDD11,12.85,Low Fat,0.030632116,Starchy Foods,254.704,OUT035,Small,Tier 2,Supermarket Type1,7.836385564,Food
FDY40,15.5,Regular,0.086320509,Frozen Foods,48.1692,OUT017,Small,Tier 2,Supermarket Type1,6.894045731,Food
FDA13,15.85,Low Fat,0.137539574,Canned,38.8506,OUT019,Small,Tier 1,Grocery Store,3.662294177,Food
NCX42,6.36,Non-Edible,0.010467749,Household,162.9526,OUT019,Small,Tier 1,Grocery Store,6.713275712,Non-Consumable
FDJ46,11.1,Low Fat,0.044814962,Snack Foods,174.4054,OUT035,Small,Tier 2,Supermarket Type1,8.301130561,Food
FDH05,14.35,Regular,0.090913642,Frozen Foods,231.2984,OUT046,Small,Tier 1,Supermarket Type1,8.084802091,Food
NCP50,17.35,Non-Edible,0.020559846,Others,78.7618,OUT046,Small,Tier 1,Supermarket Type1,7.162388815,Non-Consumable
FDF28,15.7,Regular,0.037681359,Frozen Foods,125.1046,OUT027,Medium,Tier 3,Supermarket Type3,8.258588925,Food
FDN60,15.1,Low Fat,0.095545715,Baking Goods,157.3604,OUT018,Medium,Tier 3,Supermarket Type2,8.397934588,Food
FDD29,12.15,Low Fat,0.018395194,Frozen Foods,251.6698,OUT013,High,Tier 3,Supermarket Type1,8.714251494,Food
FDG58,10.695,Regular,0.087272074,Snack Foods,153.7972,OUT017,Small,Tier 2,Supermarket Type1,7.613998136,Food
FDV15,10.3,Low Fat,0.145464606,Meat,105.7648,OUT027,Medium,Tier 3,Supermarket Type3,7.86235092,Food
FDV04,7.825,Regular,0.149890395,Frozen Foods,159.0288,OUT013,High,Tier 3,Supermarket Type1,7.137302602,Food
DRJ23,18.35,Low Fat,0.041634206,Hard Drinks,188.1872,OUT013,High,Tier 3,Supermarket Type1,8.238204951,Drinks
FDA11,7.75,Low Fat,0.043029436,Baking Goods,94.7436,OUT027,Medium,Tier 3,Supermarket Type3,7.440020307,Food
FDX16,17.85,Low Fat,0.06594351,Frozen Foods,149.105,OUT045,Small,Tier 2,Supermarket Type1,8.443536963,Food
NCA41,16.75,Non-Edible,0.032637373,Health and Hygiene,191.6162,OUT049,Medium,Tier 1,Supermarket Type1,8.150321176,Non-Consumable
FDP36,10.395,Regular,0.091096531,Baking Goods,52.3008,OUT013,High,Tier 3,Supermarket Type1,7.708606068,Food
FDK16,9.065,Low Fat,0.115307979,Frozen Foods,97.0094,OUT035,Small,Tier 2,Supermarket Type1,6.754469592,Food
FDD34,7.945,Low Fat,0.015873285,Snack Foods,161.321,OUT035,Small,Tier 2,Supermarket Type1,7.928066149,Food
FDI56,7.325,Low Fat,0.156307983,Fruits and Vegetables,92.2146,OUT010,Small,Tier 3,Grocery Store,4.524118469,Food
NCO18,13.15,Non-Edible,0.024790707,Household,177.5686,OUT017,Small,Tier 2,Supermarket Type1,8.27178082,Non-Consumable
FDB46,10.5,Regular,0.093746136,Snack Foods,211.9244,OUT035,Small,Tier 2,Supermarket Type1,8.490984977,Food
FDN38,6.615,Regular,0.092158377,Canned,251.1408,OUT045,Small,Tier 2,Supermarket Type1,8.088079773,Food
FDW47,15,Low Fat,0.046469277,Breads,123.8414,OUT045,Small,Tier 2,Supermarket Type1,7.20136132,Food
FDQ08,15.7,Regular,0.033144603,Fruits and Vegetables,62.7536,OUT019,Small,Tier 1,Grocery Store,4.131216365,Food
FDR44,6.11,Regular,0.102901425,Fruits and Vegetables,128.4968,OUT035,Small,Tier 2,Supermarket Type1,7.269940374,Food
DRH23,14.65,Low Fat,0.170663661,Hard Drinks,56.4614,OUT045,Small,Tier 2,Supermarket Type1,7.270866943,Drinks
FDX01,10.1,Low Fat,0.024213342,Canned,116.715,OUT045,Small,Tier 2,Supermarket Type1,7.156695224,Food
FDB05,5.155,Low Fat,0.08279545,Frozen Foods,245.8776,OUT027,Medium,Tier 3,Supermarket Type3,8.456779357,Food
FDR08,18.7,Low Fat,0.037622954,Fruits and Vegetables,110.7886,OUT046,Small,Tier 1,Supermarket Type1,7.196883705,Food
FDZ36,6.035,Regular,0.066155883,Baking Goods,184.424,OUT017,Small,Tier 2,Supermarket Type1,8.447114016,Food
FDI05,8.35,Regular,0.126869718,Frozen Foods,74.4354,OUT046,Small,Tier 1,Supermarket Type1,7.029557781,Food
FDF24,15.5,Regular,0.025409912,Baking Goods,83.2934,OUT049,Medium,Tier 1,Supermarket Type1,7.541443389,Food
FDZ48,17.75,Low Fat,0.076389281,Baking Goods,111.1544,OUT017,Small,Tier 2,Supermarket Type1,7.020676739,Food
DRL37,15.5,Low Fat,0.053113721,Soft Drinks,44.377,OUT027,Medium,Tier 3,Supermarket Type3,7.100650735,Drinks
FDM10,18.25,Low Fat,0.07595723,Snack Foods,214.1218,OUT035,Small,Tier 2,Supermarket Type1,7.157214165,Food
FDP11,15.85,Low Fat,0.120986139,Breads,216.1166,OUT019,Small,Tier 1,Grocery Store,6.078635328,Food
FDQ04,6.4,Low Fat,0.084885375,Frozen Foods,39.2796,OUT049,Medium,Tier 1,Supermarket Type1,6.555005763,Food
FDR49,8.71,Low Fat,0.139795569,Canned,47.2376,OUT018,Medium,Tier 3,Supermarket Type2,6.815436461,Food
FDD35,12.15,Low Fat,0.02573918,Starchy Foods,120.744,OUT027,Medium,Tier 3,Supermarket Type3,8.282951281,Food
FDH41,9,Low Fat,0.143591586,Frozen Foods,213.5534,OUT019,Small,Tier 1,Grocery Store,6.066355855,Food
FDO34,17.7,Low Fat,0.029999653,Snack Foods,169.7816,OUT045,Small,Tier 2,Supermarket Type1,7.608066338,Food
FDL45,15.6,Low Fat,0.037901015,Snack Foods,124.1704,OUT017,Small,Tier 2,Supermarket Type1,7.538258676,Food
NCC19,6.57,Non-Edible,0.096799953,Household,192.382,OUT013,High,Tier 3,Supermarket Type1,8.354392811,Non-Consumable
FDY10,17.6,Low Fat,0.048830264,Snack Foods,113.1176,OUT027,Medium,Tier 3,Supermarket Type3,7.785666697,Food
NCV29,11.8,Non-Edible,0.022879017,Health and Hygiene,176.0686,OUT049,Medium,Tier 1,Supermarket Type1,6.280968334,Non-Consumable
FDC22,6.89,Regular,0.136314863,Snack Foods,195.082,OUT013,High,Tier 3,Supermarket Type1,7.902542169,Food
NCP42,8.51,Non-Edible,0.016143389,Household,194.2478,OUT045,Small,Tier 2,Supermarket Type1,7.751893983,Non-Consumable
NCX17,21.25,Non-Edible,0.114246019,Health and Hygiene,231.23,OUT017,Small,Tier 2,Supermarket Type1,8.016446603,Non-Consumable
NCO26,7.235,Non-Edible,0.076975118,Household,116.6492,OUT049,Medium,Tier 1,Supermarket Type1,7.888158791,Non-Consumable
FDU45,15.6,Regular,0.06216667,Snack Foods,112.3518,OUT019,Small,Tier 1,Grocery Store,6.528119893,Food
FDR34,17,Regular,0.01599013,Snack Foods,228.8352,OUT049,Medium,Tier 1,Supermarket Type1,8.378544453,Food
FDV35,19.5,Low Fat,0.128728258,Breads,155.3314,OUT018,Medium,Tier 3,Supermarket Type2,8.135607917,Food
FDS55,7.02,Low Fat,0.080771137,Fruits and Vegetables,146.4734,OUT027,Medium,Tier 3,Supermarket Type3,8.332850842,Food
FDS28,8.18,Regular,0.082568705,Frozen Foods,56.1588,OUT045,Small,Tier 2,Supermarket Type1,6.129203575,Food
FDK15,10.8,Low Fat,0.098395216,Meat,100.8042,OUT035,Small,Tier 2,Supermarket Type1,7.305902342,Food
NCP17,19.35,Non-Edible,0.027714371,Health and Hygiene,65.6168,OUT046,Small,Tier 1,Supermarket Type1,6.723734359,Non-Consumable
NCE42,21.1,Non-Edible,0.01058675,Household,233.2958,OUT018,Medium,Tier 3,Supermarket Type2,7.651720186,Non-Consumable
FDA14,16.1,Low Fat,0.06528457,Dairy,145.076,OUT049,Medium,Tier 1,Supermarket Type1,7.55233597,Food
FDF57,14.5,Regular,0.102999154,Fruits and Vegetables,169.9448,OUT019,Small,Tier 1,Grocery Store,5.144261349,Food
NCV54,11.1,Non-Edible,0.057969482,Household,119.3124,OUT019,Small,Tier 1,Grocery Store,6.16341922,Non-Consumable
FDR10,17.6,Low Fat,0.016804724,Snack Foods,163.4552,OUT010,Small,Tier 3,Grocery Store,6.478234335,Food
FDT58,9,Low Fat,0.086440911,Snack Foods,167.0816,OUT017,Small,Tier 2,Supermarket Type1,7.202849414,Food
FDC34,16,Regular,0.302478871,Snack Foods,155.4972,OUT019,Small,Tier 1,Grocery Store,5.744906504,Food
FDU44,12.15,Regular,0.058663727,Fruits and Vegetables,164.1552,OUT018,Medium,Tier 3,Supermarket Type2,8.086442275,Food
FDY08,9.395,Regular,0.286344848,Fruits and Vegetables,139.1838,OUT010,Small,Tier 3,Grocery Store,5.641792171,Food
FDK20,12.6,Regular,0.072762086,Fruits and Vegetables,120.9072,OUT019,Small,Tier 1,Grocery Store,4.816299454,Food
FDV50,14.3,Low Fat,0.123264522,Dairy,123.273,OUT017,Small,Tier 2,Supermarket Type1,7.011716116,Food
FDO25,6.3,Low Fat,0.127647181,Canned,207.927,OUT049,Medium,Tier 1,Supermarket Type1,7.648868475,Food
FDR14,11.65,Low Fat,0.173206192,Dairy,53.3298,OUT027,Medium,Tier 3,Supermarket Type3,6.984342176,Food
FDP27,8.155,Low Fat,0.119937231,Meat,189.153,OUT018,Medium,Tier 3,Supermarket Type2,7.644097476,Food
FDB27,7.575,Low Fat,0.055379648,Dairy,198.1768,OUT035,Small,Tier 2,Supermarket Type1,8.579618281,Food
FDW26,11.8,Regular,0.107223632,Dairy,223.5772,OUT049,Medium,Tier 1,Supermarket Type1,7.889656357,Food
NCQ50,18.75,Non-Edible,0.03431789,Household,213.3218,OUT035,Small,Tier 2,Supermarket Type1,8.137556285,Non-Consumable
NCL55,12.15,Non-Edible,0.06464846,Others,253.404,OUT035,Small,Tier 2,Supermarket Type1,8.478052283,Non-Consumable
FDG28,9.285,Regular,0.049280292,Frozen Foods,245.6144,OUT046,Small,Tier 1,Supermarket Type1,8.274160761,Food
FDO31,6.76,Regular,0.028842332,Fruits and Vegetables,81.496,OUT027,Medium,Tier 3,Supermarket Type3,7.600102139,Food
FDP27,8.155,Low Fat,0.118872194,Meat,188.353,OUT027,Medium,Tier 3,Supermarket Type3,8.578115933,Food
FDR01,5.405,Regular,0.053924587,Canned,198.2742,OUT017,Small,Tier 2,Supermarket Type1,8.384948377,Food
FDI08,18.2,Regular,0.066297055,Fruits and Vegetables,247.1092,OUT046,Small,Tier 1,Supermarket Type1,7.715160534,Food
DRE03,19.6,Low Fat,0.024264569,Dairy,46.5718,OUT049,Medium,Tier 1,Supermarket Type1,7.382896438,Drinks
FDV26,20.25,Regular,0.076470697,Dairy,196.1794,OUT018,Medium,Tier 3,Supermarket Type2,7.912830069,Food
DRM49,6.11,Regular,0.151827552,Soft Drinks,43.0086,OUT013,High,Tier 3,Supermarket Type1,6.197857792,Drinks
FDI15,13.8,Low Fat,0.141325834,Dairy,265.0884,OUT035,Small,Tier 2,Supermarket Type1,9.045539877,Food
FDM15,11.8,Regular,0.057538034,Meat,149.8366,OUT045,Small,Tier 2,Supermarket Type1,7.416680658,Food
FDH47,13.5,Regular,0.128791854,Starchy Foods,95.4068,OUT035,Small,Tier 2,Supermarket Type1,7.573087176,Food
NCT54,8.695,Non-Edible,0.119436131,Household,94.7094,OUT013,High,Tier 3,Supermarket Type1,6.954928327,Non-Consumable
DRN11,7.85,Low Fat,0.163310805,Hard Drinks,143.5444,OUT045,Small,Tier 2,Supermarket Type1,8.196880483,Drinks
FDU10,10.1,Regular,0.045878153,Snack Foods,38.5848,OUT018,Medium,Tier 3,Supermarket Type2,6.185596091,Food
FDU50,5.75,Regular,0.075322658,Dairy,116.3176,OUT045,Small,Tier 2,Supermarket Type1,7.832167819,Food
FDS26,20.35,Low Fat,0.149753132,Dairy,259.7594,OUT010,Small,Tier 3,Grocery Store,6.666929057,Food
FDC14,14.5,Regular,0.04965329,Canned,41.0454,OUT018,Medium,Tier 3,Supermarket Type2,6.303150336,Food
FDB17,13.15,Low Fat,0.036494521,Frozen Foods,179.0976,OUT027,Medium,Tier 3,Supermarket Type3,8.69571099,Food
DRD25,6.135,Low Fat,0.132183029,Soft Drinks,115.086,OUT010,Small,Tier 3,Grocery Store,6.117533162,Drinks
DRI39,13.8,Low Fat,0.096592065,Dairy,54.893,OUT027,Medium,Tier 3,Supermarket Type3,8.04353971,Drinks
NCQ06,13,Non-Edible,0.04188955,Household,255.9014,OUT049,Medium,Tier 1,Supermarket Type1,8.106520005,Non-Consumable
FDX11,16,Regular,0.106663245,Baking Goods,179.7634,OUT013,High,Tier 3,Supermarket Type1,8.338439231,Food
NCT29,12.6,Non-Edible,0.112249603,Health and Hygiene,123.3414,OUT019,Small,Tier 1,Grocery Store,5.499962678,Non-Consumable
FDS07,12.35,Low Fat,0.100322104,Fruits and Vegetables,113.7518,OUT017,Small,Tier 2,Supermarket Type1,7.625757205,Food
NCQ05,11.395,Non-Edible,0.021602001,Health and Hygiene,149.1708,OUT035,Small,Tier 2,Supermarket Type1,7.904509947,Non-Consumable
FDC35,7.435,Low Fat,0.123338082,Starchy Foods,206.1638,OUT018,Medium,Tier 3,Supermarket Type2,7.413071997,Food
FDU47,12.8,Regular,0.114085368,Breads,141.3838,OUT045,Small,Tier 2,Supermarket Type1,7.778724157,Food
FDE22,9.695,Low Fat,0.049498821,Snack Foods,158.792,OUT010,Small,Tier 3,Grocery Store,5.770144333,Food
FDA03,18.5,Regular,0.045425939,Dairy,144.9102,OUT013,High,Tier 3,Supermarket Type1,7.547782551,Food
FDY26,20.6,Regular,0.051068365,Dairy,213.0244,OUT010,Small,Tier 3,Grocery Store,6.050791386,Food
FDZ26,11.6,Regular,0.144241314,Dairy,239.4222,OUT049,Medium,Tier 1,Supermarket Type1,8.115912556,Food
FDQ24,15.7,Low Fat,0.073605395,Baking Goods,249.6724,OUT013,High,Tier 3,Supermarket Type1,8.786377592,Food
FDT14,10.695,Regular,0.12770295,Dairy,120.444,OUT035,Small,Tier 2,Supermarket Type1,7.831110598,Food
FDX04,19.6,Regular,0.041655865,Frozen Foods,48.5376,OUT045,Small,Tier 2,Supermarket Type1,5.818785947,Food
FDC48,9.195,Low Fat,0.015859294,Baking Goods,84.5592,OUT046,Small,Tier 1,Supermarket Type1,7.847893466,Food
FDC56,7.72,Low Fat,0.121497742,Fruits and Vegetables,119.744,OUT035,Small,Tier 2,Supermarket Type1,8.118693369,Food
FDU19,8.77,Regular,0.046844194,Fruits and Vegetables,174.2422,OUT049,Medium,Tier 1,Supermarket Type1,7.230228268,Food
FDT55,13.6,Regular,0.048349279,Fruits and Vegetables,156.4946,OUT049,Medium,Tier 1,Supermarket Type1,8.006066656,Food
FDA45,21.25,Low Fat,0.155250377,Snack Foods,175.737,OUT013,High,Tier 3,Supermarket Type1,7.658342723,Food
FDR51,9.035,Regular,0.174450933,Meat,151.0708,OUT017,Small,Tier 2,Supermarket Type1,7.904509947,Food
FDF56,16.7,Regular,0.199955274,Fruits and Vegetables,182.3976,OUT010,Small,Tier 3,Grocery Store,6.586709993,Food
FDK45,11.65,Low Fat,0.033830011,Seafood,111.686,OUT013,High,Tier 3,Supermarket Type1,7.368720686,Food
DRN37,9.6,Low Fat,0.096217262,Soft Drinks,168.5158,OUT013,High,Tier 3,Supermarket Type1,8.114718408,Drinks
NCN26,10.85,Non-Edible,0.028674471,Household,115.1808,OUT035,Small,Tier 2,Supermarket Type1,8.26048417,Non-Consumable
FDA19,7.52,Low Fat,0.055213208,Fruits and Vegetables,129.5994,OUT049,Medium,Tier 1,Supermarket Type1,6.466917365,Food
NCR06,12.5,Non-Edible,0.00676387,Household,40.8112,OUT035,Small,Tier 2,Supermarket Type1,6.318870091,Non-Consumable
FDJ48,11.3,Low Fat,0.094460314,Baking Goods,245.3118,OUT010,Small,Tier 3,Grocery Store,5.513476326,Food
NCA05,20.75,Non-Edible,0.025130632,Health and Hygiene,150.0734,OUT046,Small,Tier 1,Supermarket Type1,7.834015272,Non-Consumable
FDP04,15.35,Low Fat,0.013812772,Frozen Foods,64.7168,OUT046,Small,Tier 1,Supermarket Type1,6.931148316,Food
FDA47,10.5,Regular,0.116673795,Baking Goods,161.721,OUT046,Small,Tier 1,Supermarket Type1,8.185813327,Food
FDI09,20.75,Regular,0.129580245,Seafood,239.988,OUT045,Small,Tier 2,Supermarket Type1,7.877612559,Food
FDU24,6.78,Regular,0.245407386,Baking Goods,92.812,OUT019,Small,Tier 1,Grocery Store,4.545547562,Food
FDI36,12.5,Regular,0.062597392,Baking Goods,196.9426,OUT018,Medium,Tier 3,Supermarket Type2,8.582990333,Food
FDC11,20.5,Low Fat,0.141674844,Starchy Foods,90.7172,OUT013,High,Tier 3,Supermarket Type1,7.38206811,Food
FDY38,13.6,Regular,0.119361718,Dairy,231.63,OUT049,Medium,Tier 1,Supermarket Type1,7.849452515,Food
FDF56,16.7,Regular,0.118883724,Fruits and Vegetables,180.3976,OUT027,Medium,Tier 3,Supermarket Type3,8.91274285,Food
FDB44,6.655,Low Fat,0.016876708,Fruits and Vegetables,210.0586,OUT027,Medium,Tier 3,Supermarket Type3,8.848786948,Food
FDI15,13.8,Low Fat,0.141352562,Dairy,264.1884,OUT046,Small,Tier 1,Supermarket Type1,8.064907131,Food
FDY59,8.195,Low Fat,0.031397503,Baking Goods,91.3462,OUT035,Small,Tier 2,Supermarket Type1,7.236478282,Food
FDX34,6.195,Low Fat,0.072278769,Snack Foods,120.6098,OUT018,Medium,Tier 3,Supermarket Type2,7.500334331,Food
FDC52,11.15,Regular,0.014497036,Dairy,150.8708,OUT019,Small,Tier 1,Grocery Store,5.020392867,Food
NCW29,14,Non-Edible,0.028838938,Health and Hygiene,129.331,OUT013,High,Tier 3,Supermarket Type1,5.563224549,Non-Consumable
FDS40,15.35,Low Fat,0.013951504,Frozen Foods,36.719,OUT027,Medium,Tier 3,Supermarket Type3,6.435385653,Food
FDI40,11.5,Regular,0.126114605,Frozen Foods,99.3358,OUT018,Medium,Tier 3,Supermarket Type2,6.691197991,Food
FDN48,13.35,Low Fat,0.064938448,Baking Goods,90.0804,OUT035,Small,Tier 2,Supermarket Type1,7.354341089,Food
FDN46,7.21,Regular,0.144511119,Snack Foods,100.5332,OUT013,High,Tier 3,Supermarket Type1,7.808646769,Food
FDB41,19,Regular,0.097294728,Frozen Foods,47.7718,OUT035,Small,Tier 2,Supermarket Type1,6.947917472,Food
FDT55,13.6,Regular,0.043646901,Fruits and Vegetables,155.7946,OUT035,Small,Tier 2,Supermarket Type1,8.152624661,Food
FDI22,12.6,Low Fat,0.095746519,Snack Foods,208.6612,OUT027,Medium,Tier 3,Supermarket Type3,8.89811175,Food
FDY16,18.35,Regular,0.092413792,Frozen Foods,183.6266,OUT045,Small,Tier 2,Supermarket Type1,7.52037872,Food
FDN33,6.305,Regular,0.123307177,Snack Foods,93.5436,OUT049,Medium,Tier 1,Supermarket Type1,5.651192902,Food
FDT57,15.2,Low Fat,0.019031184,Snack Foods,235.5248,OUT035,Small,Tier 2,Supermarket Type1,8.464107977,Food
FDZ31,15.35,Regular,0.112668963,Fruits and Vegetables,191.0504,OUT027,Medium,Tier 3,Supermarket Type3,8.65756573,Food
DRM48,15.2,Low Fat,0.113072194,Soft Drinks,35.8848,OUT049,Medium,Tier 1,Supermarket Type1,6.392849342,Drinks
NCL19,15.35,Non-Edible,0.015708023,Others,143.447,OUT045,Small,Tier 2,Supermarket Type1,7.854631858,Non-Consumable
FDG50,7.405,Low Fat,0.015259084,Canned,91.0146,OUT013,High,Tier 3,Supermarket Type1,6.59402597,Food
DRH25,18.7,Low Fat,0.014622625,Soft Drinks,52.0324,OUT045,Small,Tier 2,Supermarket Type1,6.995381833,Drinks
FDB37,20.25,Regular,0.022829734,Baking Goods,241.0538,OUT027,Medium,Tier 3,Supermarket Type3,8.426769935,Food
FDW59,13.15,Low Fat,0.020833091,Breads,86.5566,OUT017,Small,Tier 2,Supermarket Type1,7.529001005,Food
NCR30,20.6,Non-Edible,0.071103348,Household,75.4696,OUT049,Medium,Tier 1,Supermarket Type1,7.256877452,Non-Consumable
FDY22,16.5,Regular,0.159720671,Snack Foods,144.5128,OUT046,Small,Tier 1,Supermarket Type1,8.187666379,Food
FDB45,20.85,Low Fat,0.037345714,Fruits and Vegetables,106.5306,OUT019,Small,Tier 1,Grocery Store,4.659000958,Food
FDC08,19,Regular,0.102949031,Fruits and Vegetables,225.272,OUT027,Medium,Tier 3,Supermarket Type3,8.466912437,Food
NCK53,11.6,Non-Edible,0.062903297,Health and Hygiene,100.4042,OUT010,Small,Tier 3,Grocery Store,6.390618448,Non-Consumable
FDM27,12.35,Regular,0.158715731,Meat,157.2946,OUT049,Medium,Tier 1,Supermarket Type1,7.364512815,Food
FDG17,6.865,Regular,0.03598621,Frozen Foods,244.1486,OUT018,Medium,Tier 3,Supermarket Type2,7.896863145,Food
NCT17,10.8,Non-Edible,0.042102658,Health and Hygiene,189.7214,OUT017,Small,Tier 2,Supermarket Type1,7.436495042,Non-Consumable
FDZ14,7.71,Regular,0.047857877,Dairy,119.7756,OUT017,Small,Tier 2,Supermarket Type1,8.016446603,Food
FDJ28,12.3,Low Fat,0.036590807,Frozen Foods,193.3162,OUT010,Small,Tier 3,Grocery Store,5.264844344,Food
FDV21,11.5,Low Fat,0.171779865,Snack Foods,126.0704,OUT018,Medium,Tier 3,Supermarket Type2,7.395239725,Food
DRD24,13.85,Low Fat,0.051544658,Soft Drinks,142.5154,OUT010,Small,Tier 3,Grocery Store,4.961552887,Drinks
DRF25,9,Low Fat,0.03898577,Soft Drinks,34.619,OUT049,Medium,Tier 1,Supermarket Type1,6.597663985,Drinks
FDN22,18.85,Regular,0.138868769,Snack Foods,251.8724,OUT018,Medium,Tier 3,Supermarket Type2,8.0933832,Food
FDV04,7.825,Regular,0.251094747,Frozen Foods,156.6288,OUT010,Small,Tier 3,Grocery Store,6.444949999,Food
FDL34,16,Low Fat,0.041112694,Snack Foods,139.9496,OUT018,Medium,Tier 3,Supermarket Type2,8.041184753,Food
FDX58,13.15,Low Fat,0.043755405,Snack Foods,182.895,OUT035,Small,Tier 2,Supermarket Type1,8.04353971,Food
FDG12,6.635,Regular,0.006351876,Baking Goods,120.3098,OUT018,Medium,Tier 3,Supermarket Type2,7.277328995,Food
NCL53,7.5,Non-Edible,0.036308404,Health and Hygiene,175.4028,OUT045,Small,Tier 2,Supermarket Type1,7.949671917,Non-Consumable
FDV47,17.1,Low Fat,0.054428368,Breads,84.9566,OUT018,Medium,Tier 3,Supermarket Type2,6.92331283,Food
FDA43,10.895,Low Fat,0.064362554,Fruits and Vegetables,193.7794,OUT027,Medium,Tier 3,Supermarket Type3,8.492487504,Food
NCM17,7.93,Non-Edible,0.071538243,Health and Hygiene,44.5086,OUT017,Small,Tier 2,Supermarket Type1,7.13093147,Non-Consumable
NCQ02,12.6,Non-Edible,0.007468056,Household,186.9556,OUT049,Medium,Tier 1,Supermarket Type1,8.125808724,Non-Consumable
FDN12,15.6,Low Fat,0.081562686,Baking Goods,112.7544,OUT017,Small,Tier 2,Supermarket Type1,7.020676739,Food
NCX06,17.6,Non-Edible,0.02746599,Household,181.5976,OUT019,Small,Tier 1,Grocery Store,6.299487337,Non-Consumable
FDE24,14.85,Low Fat,0.093652168,Baking Goods,141.5812,OUT045,Small,Tier 2,Supermarket Type1,6.060159107,Food
FDQ58,7.315,Low Fat,0.015364173,Snack Foods,154.334,OUT018,Medium,Tier 3,Supermarket Type2,8.363751061,Food
FDH31,12,Regular,0.020442889,Meat,98.0042,OUT049,Medium,Tier 1,Supermarket Type1,7.37039889,Food
NCH55,16.35,Non-Edible,0.034813556,Household,128.402,OUT018,Medium,Tier 3,Supermarket Type2,7.1436334,Non-Consumable
NCC54,17.75,Non-Edible,0.097862839,Health and Hygiene,239.3196,OUT049,Medium,Tier 1,Supermarket Type1,8.193205024,Non-Consumable
NCT06,17.1,Non-Edible,0.067824456,Household,167.7842,OUT019,Small,Tier 1,Grocery Store,5.116700761,Non-Consumable
FDH56,9.8,Regular,0.11173569,Fruits and Vegetables,115.9492,OUT019,Small,Tier 1,Grocery Store,4.760884215,Food
FDY46,18.6,Low Fat,0.048160824,Snack Foods,188.9898,OUT017,Small,Tier 2,Supermarket Type1,8.176308972,Food
NCM19,12.65,Non-Edible,0.047197936,Others,114.1202,OUT013,High,Tier 3,Supermarket Type1,8.157406611,Non-Consumable
FDB04,11.35,Regular,0.06292013,Dairy,88.9856,OUT027,Medium,Tier 3,Supermarket Type3,8.165199843,Food
FDB09,16.25,Low Fat,0.057385239,Fruits and Vegetables,126.2046,OUT035,Small,Tier 2,Supermarket Type1,7.222967836,Food
FDK51,19.85,Low Fat,0.005209791,Dairy,265.2884,OUT027,Medium,Tier 3,Supermarket Type3,8.064907131,Food
FDB33,17.75,Low Fat,0.025527994,Fruits and Vegetables,157.5262,OUT019,Small,Tier 1,Grocery Store,6.170402469,Food
FDU51,20.2,Regular,0.096495426,Meat,175.6028,OUT035,Small,Tier 2,Supermarket Type1,8.121466471,Food
NCE30,16,Non-Edible,0.173574402,Household,214.0902,OUT019,Small,Tier 1,Grocery Store,6.968804281,Non-Consumable
DRI13,15.35,Low Fat,0.020409765,Soft Drinks,218.3508,OUT018,Medium,Tier 3,Supermarket Type2,7.77844545,Drinks
FDV32,7.785,Low Fat,0.088888291,Fruits and Vegetables,64.751,OUT045,Small,Tier 2,Supermarket Type1,7.092381678,Food
DRH51,17.6,Low Fat,0.097367722,Dairy,89.3856,OUT049,Medium,Tier 1,Supermarket Type1,6.779758258,Drinks
NCW18,15.1,Non-Edible,0.059275452,Household,238.9248,OUT013,High,Tier 3,Supermarket Type1,8.800519953,Non-Consumable
FDI12,9.395,Regular,0.100555034,Baking Goods,88.8856,OUT049,Medium,Tier 1,Supermarket Type1,6.087746981,Food
FDQ14,9.27,Low Fat,0.061775607,Dairy,150.105,OUT035,Small,Tier 2,Supermarket Type1,7.90007699,Food
FDQ55,13.65,Regular,0.012974937,Fruits and Vegetables,115.9834,OUT027,Medium,Tier 3,Supermarket Type3,8.004956039,Food
FDG26,18.85,Low Fat,0.042614361,Canned,255.333,OUT013,High,Tier 3,Supermarket Type1,7.492944685,Food
NCW29,14,Non-Edible,0.050535312,Health and Hygiene,130.031,OUT019,Small,Tier 1,Grocery Store,4.873906414,Non-Consumable
FDK27,11,Low Fat,0.008944844,Meat,122.3756,OUT035,Small,Tier 2,Supermarket Type1,7.6309394,Food
DRL49,13.15,Low Fat,0.056418354,Soft Drinks,142.4812,OUT035,Small,Tier 2,Supermarket Type1,7.792836171,Drinks
FDK26,5.46,Regular,0.032227432,Canned,186.824,OUT049,Medium,Tier 1,Supermarket Type1,7.53114501,Food
FDT14,10.695,Regular,0.127108578,Dairy,120.744,OUT027,Medium,Tier 3,Supermarket Type3,7.922047838,Food
FDW19,12.35,Regular,0.064441812,Fruits and Vegetables,110.957,OUT010,Small,Tier 3,Grocery Store,5.396867746,Food
FDF22,6.865,Low Fat,0.057152139,Snack Foods,211.8218,OUT017,Small,Tier 2,Supermarket Type1,8.500372798,Food
NCQ43,17.75,Non-Edible,0.11147467,Others,108.0912,OUT049,Medium,Tier 1,Supermarket Type1,7.401761039,Non-Consumable
NCA42,6.965,Non-Edible,0.028410335,Household,158.0604,OUT027,Medium,Tier 3,Supermarket Type3,8.433018137,Non-Consumable
FDG08,13.15,Regular,0.289522833,Fruits and Vegetables,172.0764,OUT019,Small,Tier 1,Grocery Store,5.151998273,Food
NCP17,19.35,Non-Edible,0.027719816,Health and Hygiene,65.3168,OUT010,Small,Tier 3,Grocery Store,5.261396088,Non-Consumable
FDS19,13.8,Regular,0.064207277,Fruits and Vegetables,76.0012,OUT046,Small,Tier 1,Supermarket Type1,7.102844317,Food
DRQ35,9.3,Low Fat,0.042463728,Hard Drinks,121.9388,OUT018,Medium,Tier 3,Supermarket Type2,7.017102119,Drinks
FDR25,17,Regular,0.139521931,Canned,266.8884,OUT046,Small,Tier 1,Supermarket Type1,8.524323629,Food
NCB43,20.2,Non-Edible,0.100046726,Household,187.1898,OUT013,High,Tier 3,Supermarket Type1,8.004511446,Non-Consumable
FDQ28,14,Regular,0.060768862,Frozen Foods,154.8656,OUT017,Small,Tier 2,Supermarket Type1,7.237915062,Food
FDK24,9.195,Low Fat,0.101294945,Baking Goods,46.2744,OUT046,Small,Tier 1,Supermarket Type1,6.991715473,Food
NCN06,8.39,Non-Edible,0.120474481,Household,165.5868,OUT035,Small,Tier 2,Supermarket Type1,7.583980894,Non-Consumable
FDS08,5.735,Low Fat,0.05695045,Fruits and Vegetables,177.937,OUT035,Small,Tier 2,Supermarket Type1,7.370818001,Food
FDP27,8.155,Low Fat,0.119351235,Meat,190.153,OUT013,High,Tier 3,Supermarket Type1,8.504022437,Food
FDE11,17.7,Regular,0.226122963,Starchy Foods,185.7924,OUT010,Small,Tier 3,Grocery Store,5.916700052,Food
NCX30,16.7,Non-Edible,0.026620627,Household,249.2776,OUT046,Small,Tier 1,Supermarket Type1,8.345578717,Non-Consumable
DRI51,17.25,Low Fat,0.042480566,Dairy,173.4764,OUT017,Small,Tier 2,Supermarket Type1,7.785666697,Drinks
FDH31,12,Regular,0.020393414,Meat,98.2042,OUT019,Small,Tier 1,Grocery Store,5.295354983,Food
FDR19,13.5,Regular,0.159720671,Fruits and Vegetables,147.6102,OUT046,Small,Tier 1,Supermarket Type1,8.314755193,Food
FDJ04,18,Low Fat,0.124348482,Frozen Foods,118.3124,OUT013,High,Tier 3,Supermarket Type1,6.855513324,Food
FDP01,20.75,Regular,0.063684145,Breakfast,151.7682,OUT017,Small,Tier 2,Supermarket Type1,7.224909111,Food
FDY35,17.6,Regular,0.016092971,Breads,45.8402,OUT018,Medium,Tier 3,Supermarket Type2,7.006300946,Food
DRC36,13,Regular,0.0449919,Soft Drinks,173.6054,OUT013,High,Tier 3,Supermarket Type1,7.468544093,Drinks
FDZ55,6.055,Low Fat,0.025552424,Fruits and Vegetables,158.492,OUT017,Small,Tier 2,Supermarket Type1,8.292999088,Food
FDD11,12.85,Low Fat,0.030591255,Starchy Foods,251.404,OUT013,High,Tier 3,Supermarket Type1,7.731068947,Food
NCJ29,10.6,Non-Edible,0.035336287,Health and Hygiene,87.0224,OUT018,Medium,Tier 3,Supermarket Type2,7.085159432,Non-Consumable
FDI52,18.7,Low Fat,0.104658344,Frozen Foods,121.2072,OUT035,Small,Tier 2,Supermarket Type1,7.293756454,Food
NCF06,6.235,Non-Edible,0.020198354,Household,257.9962,OUT046,Small,Tier 1,Supermarket Type1,6.25188924,Non-Consumable
FDG16,15.25,Low Fat,0.089816808,Frozen Foods,217.3192,OUT046,Small,Tier 1,Supermarket Type1,8.632252379,Food
FDX07,19.2,Regular,0.022954444,Fruits and Vegetables,184.495,OUT049,Medium,Tier 1,Supermarket Type1,8.301295823,Food
FDR14,11.65,Low Fat,0.174049032,Dairy,52.9298,OUT046,Small,Tier 1,Supermarket Type1,6.474133877,Food
FDV36,18.7,Low Fat,0.044024163,Baking Goods,125.902,OUT010,Small,Tier 3,Grocery Store,4.848132051,Food
NCP14,8.275,Non-Edible,0.110739031,Household,103.3306,OUT018,Medium,Tier 3,Supermarket Type2,7.785389919,Non-Consumable
FDJ12,8.895,Regular,0.039008625,Baking Goods,209.0296,OUT013,High,Tier 3,Supermarket Type1,7.734570043,Food
FDL46,20.35,Low Fat,0.054277132,Snack Foods,117.3466,OUT018,Medium,Tier 3,Supermarket Type2,6.716505423,Food
FDL21,15.85,Regular,0.007160908,Snack Foods,39.348,OUT045,Small,Tier 2,Supermarket Type1,6.579340097,Food
NCA30,19,Non-Edible,0.129226104,Household,190.5872,OUT013,High,Tier 3,Supermarket Type1,7.545322094,Non-Consumable
NCN26,10.85,Non-Edible,0.033524172,Household,119.0808,OUT013,High,Tier 3,Supermarket Type1,7.759876915,Non-Consumable
FDJ10,5.095,Regular,0.129479176,Snack Foods,139.7838,OUT035,Small,Tier 2,Supermarket Type1,7.143107362,Food
NCE18,10,Non-Edible,0.021512619,Household,247.775,OUT018,Medium,Tier 3,Supermarket Type2,8.228477251,Non-Consumable
FDW21,5.34,Regular,0.005958918,Snack Foods,101.6358,OUT013,High,Tier 3,Supermarket Type1,7.444312156,Food
FDA55,17.2,Regular,0.056941603,Fruits and Vegetables,222.5088,OUT013,High,Tier 3,Supermarket Type1,8.588585273,Food
NCX30,16.7,Non-Edible,0.026491715,Household,247.2776,OUT027,Medium,Tier 3,Supermarket Type3,8.731165213,Non-Consumable
FDA20,6.78,Low Fat,0.066298469,Fruits and Vegetables,186.824,OUT027,Medium,Tier 3,Supermarket Type3,8.75454193,Food
FDT20,10.5,Low Fat,0.041360997,Fruits and Vegetables,39.5164,OUT013,High,Tier 3,Supermarket Type1,6.832809294,Food
FDR11,10.5,Regular,0.142759833,Breads,159.3578,OUT049,Medium,Tier 1,Supermarket Type1,8.022797914,Food
FDU26,16.7,Regular,0.042792568,Dairy,118.6782,OUT018,Medium,Tier 3,Supermarket Type2,7.346214447,Food
NCY54,8.43,Non-Edible,0.177694846,Household,171.1422,OUT046,Small,Tier 1,Supermarket Type1,7.858498837,Non-Consumable
FDP26,7.785,Low Fat,0.139552827,Dairy,105.6306,OUT046,Small,Tier 1,Supermarket Type1,6.038163001,Food
FDK58,11.35,Regular,0.045052492,Snack Foods,102.6016,OUT049,Medium,Tier 1,Supermarket Type1,8.051420471,Food
NCK53,11.6,Non-Edible,0.037581243,Health and Hygiene,98.9042,OUT046,Small,Tier 1,Supermarket Type1,7.305902342,Non-Consumable
FDY52,6.365,Low Fat,0.007342171,Frozen Foods,59.9536,OUT013,High,Tier 3,Supermarket Type1,6.888631173,Food
NCU30,5.11,Non-Edible,0.034945416,Household,161.121,OUT045,Small,Tier 2,Supermarket Type1,7.867464057,Non-Consumable
NCA18,10.1,Non-Edible,0.056030907,Household,115.1492,OUT013,High,Tier 3,Supermarket Type1,7.460914842,Non-Consumable
FDX40,12.85,Low Fat,0.099553084,Frozen Foods,40.0164,OUT017,Small,Tier 2,Supermarket Type1,7.180798931,Food
FDX13,7.725,Low Fat,0.047782959,Canned,249.1092,OUT046,Small,Tier 1,Supermarket Type1,7.820476448,Food
FDK36,7.09,Low Fat,0.007180374,Baking Goods,47.4034,OUT027,Medium,Tier 3,Supermarket Type3,6.450224262,Food
NCP55,14.65,Non-Edible,0.019592289,Others,56.9614,OUT019,Small,Tier 1,Grocery Store,5.402882766,Non-Consumable
FDO56,10.195,Regular,0.078758649,Fruits and Vegetables,116.3808,OUT019,Small,Tier 1,Grocery Store,5.461123055,Food
NCT06,17.1,Non-Edible,0.046019029,Household,167.0842,OUT018,Medium,Tier 3,Supermarket Type2,7.190882192,Non-Consumable
FDX45,16.75,Low Fat,0.18358896,Snack Foods,154.663,OUT019,Small,Tier 1,Grocery Store,5.749157289,Food
NCJ06,20.1,Non-Edible,0.034623782,Household,118.9782,OUT013,High,Tier 3,Supermarket Type1,7.346214447,Non-Consumable
NCA41,16.75,Non-Edible,0.032586709,Health and Hygiene,191.9162,OUT046,Small,Tier 1,Supermarket Type1,8.304430621,Non-Consumable
NCB42,11.8,Non-Edible,0.008519718,Health and Hygiene,116.9492,OUT027,Medium,Tier 3,Supermarket Type3,7.930702774,Non-Consumable
FDE29,8.905,Low Fat,0.143010016,Frozen Foods,61.6878,OUT013,High,Tier 3,Supermarket Type1,6.938277306,Food
FDU24,6.78,Regular,0.166502643,Baking Goods,94.012,OUT013,High,Tier 3,Supermarket Type1,7.100650735,Food
FDM58,16.85,Regular,0.079624087,Snack Foods,111.6544,OUT013,High,Tier 3,Supermarket Type1,7.662107431,Food
FDE44,14.65,Low Fat,0.17138805,Fruits and Vegetables,50.7692,OUT046,Small,Tier 1,Supermarket Type1,6.942787618,Food
DRH39,20.7,Low Fat,0.092725807,Dairy,78.467,OUT046,Small,Tier 1,Supermarket Type1,7.383310345,Drinks
FDU33,7.63,Regular,0.235859408,Snack Foods,46.1402,OUT019,Small,Tier 1,Grocery Store,3.848874451,Food
FDW08,12.1,Low Fat,0.148612263,Fruits and Vegetables,104.528,OUT049,Medium,Tier 1,Supermarket Type1,7.234079051,Food
NCT30,9.1,Non-Edible,0.134393836,Household,48.0718,OUT010,Small,Tier 3,Grocery Store,3.876847539,Non-Consumable
NCI54,15.2,Non-Edible,0.033599041,Household,107.7912,OUT046,Small,Tier 1,Supermarket Type1,6.996600973,Non-Consumable
FDS16,15.15,Regular,0.066311153,Frozen Foods,145.776,OUT045,Small,Tier 2,Supermarket Type1,8.282951281,Food
DRK39,7.02,Low Fat,0.049623924,Dairy,83.225,OUT027,Medium,Tier 3,Supermarket Type3,7.312586853,Drinks
FDP24,20.6,Low Fat,0.13893181,Baking Goods,119.5756,OUT010,Small,Tier 3,Grocery Store,4.805459354,Food
NCG18,15.3,Non-Edible,0.026839303,Household,103.5332,OUT035,Small,Tier 2,Supermarket Type1,8.12698971,Non-Consumable
DRI59,9.5,Low Fat,0.040636926,Hard Drinks,224.6088,OUT027,Medium,Tier 3,Supermarket Type3,8.40630096,Drinks
NCO06,19.25,Non-Edible,0.107940533,Household,35.5558,OUT013,High,Tier 3,Supermarket Type1,5.725551142,Non-Consumable
FDR15,9.3,Regular,0.03362713,Meat,156.1314,OUT017,Small,Tier 2,Supermarket Type1,6.432177101,Food
FDE29,8.905,Low Fat,0.142436015,Frozen Foods,62.3878,OUT027,Medium,Tier 3,Supermarket Type3,7.323629359,Food
FDN49,17.25,Regular,0.125200788,Breakfast,41.648,OUT035,Small,Tier 2,Supermarket Type1,6.522263372,Food
FDQ21,21.25,Low Fat,0.019407069,Snack Foods,119.3756,OUT013,High,Tier 3,Supermarket Type1,8.0933832,Food
FDE17,20.1,Regular,0.054445198,Frozen Foods,151.7366,OUT035,Small,Tier 2,Supermarket Type1,8.484126712,Food
NCI42,18.75,Non-Edible,0.01040777,Household,209.4954,OUT018,Medium,Tier 3,Supermarket Type2,7.824743687,Non-Consumable
FDZ21,17.6,Regular,0.039443715,Snack Foods,95.841,OUT017,Small,Tier 2,Supermarket Type1,7.403790258,Food
FDX48,17.75,Regular,0.038042233,Baking Goods,154.2656,OUT018,Medium,Tier 3,Supermarket Type2,8.131308098,Food
FDH26,19.25,Regular,0.034770109,Canned,141.9496,OUT045,Small,Tier 2,Supermarket Type1,6.896742055,Food
FDD50,18.85,Low Fat,0.141862435,Canned,171.0132,OUT049,Medium,Tier 1,Supermarket Type1,8.388892256,Food
FDL40,17.7,Low Fat,0.019438042,Frozen Foods,95.541,OUT010,Small,Tier 3,Grocery Store,4.580272802,Food
NCO02,11.15,Non-Edible,0.073012871,Others,67.5142,OUT027,Medium,Tier 3,Supermarket Type3,7.744135328,Non-Consumable
FDF05,17.5,Low Fat,0.026848529,Frozen Foods,264.891,OUT013,High,Tier 3,Supermarket Type1,8.516758897,Food
DRG25,10.5,Low Fat,0.019033838,Soft Drinks,185.624,OUT013,High,Tier 3,Supermarket Type1,8.839086528,Drinks
NCA41,16.75,Non-Edible,0.032771033,Health and Hygiene,192.3162,OUT017,Small,Tier 2,Supermarket Type1,7.745000379,Non-Consumable
FDZ40,8.935,Low Fat,0.04026424,Frozen Foods,52.6298,OUT045,Small,Tier 2,Supermarket Type1,6.696968813,Food
FDT15,12.15,Regular,0.074729835,Meat,183.795,OUT019,Small,Tier 1,Grocery Store,6.310436326,Food
FDP46,15.35,Low Fat,0.074601506,Snack Foods,90.983,OUT035,Small,Tier 2,Supermarket Type1,7.207300456,Food
DRG01,14.8,Low Fat,0.078576075,Soft Drinks,78.467,OUT019,Small,Tier 1,Grocery Store,5.4411225,Drinks
FDR23,15.85,Low Fat,0.081719458,Breads,178.037,OUT013,High,Tier 3,Supermarket Type1,7.881391852,Food
FDF09,6.215,Low Fat,0.012173543,Fruits and Vegetables,36.4848,OUT045,Small,Tier 2,Supermarket Type1,6.105724941,Food
FDK09,15.2,Low Fat,0.091318935,Snack Foods,230.7352,OUT027,Medium,Tier 3,Supermarket Type3,9.044911613,Food
DRJ11,9.5,Low Fat,0.085075063,Hard Drinks,189.0872,OUT035,Small,Tier 2,Supermarket Type1,8.286982527,Drinks
FDI32,17.7,Low Fat,0.174644552,Fruits and Vegetables,113.2834,OUT049,Medium,Tier 1,Supermarket Type1,7.455154461,Food
NCG42,19.2,Non-Edible,0.041395775,Household,129.731,OUT018,Medium,Tier 3,Supermarket Type2,7.169588633,Non-Consumable
FDA51,8.05,Regular,0.164679597,Dairy,112.1518,OUT046,Small,Tier 1,Supermarket Type1,7.133591043,Food
FDG57,14.7,Low Fat,0.121012632,Fruits and Vegetables,49.4034,OUT010,Small,Tier 3,Grocery Store,5.275118338,Food
FDG34,11.5,Regular,0.037563325,Snack Foods,109.5254,OUT035,Small,Tier 2,Supermarket Type1,7.395648555,Food
NCI43,19.85,Non-Edible,0.026115595,Household,49.0376,OUT017,Small,Tier 2,Supermarket Type1,4.975441874,Non-Consumable
NCY53,20,Non-Edible,0.05848134,Health and Hygiene,113.3544,OUT046,Small,Tier 1,Supermarket Type1,7.85308087,Non-Consumable
FDC33,8.96,Regular,0.068880971,Fruits and Vegetables,195.3768,OUT013,High,Tier 3,Supermarket Type1,7.923013205,Food
NCK29,5.615,Non-Edible,0.125964559,Health and Hygiene,124.773,OUT049,Medium,Tier 1,Supermarket Type1,7.991981922,Non-Consumable
FDS50,17,Low Fat,0.055746931,Dairy,220.0114,OUT017,Small,Tier 2,Supermarket Type1,7.704412564,Food
NCJ30,5.82,Non-Edible,0.080804019,Household,171.479,OUT045,Small,Tier 2,Supermarket Type1,8.312796809,Non-Consumable
FDQ07,15.1,Regular,0.086983591,Fruits and Vegetables,219.8456,OUT027,Medium,Tier 3,Supermarket Type3,7.344925234,Food
FDI20,19.1,Low Fat,0.064547828,Fruits and Vegetables,212.8586,OUT010,Small,Tier 3,Grocery Store,6.047649209,Food
NCM06,7.475,Non-Edible,0.075361182,Household,155.6656,OUT027,Medium,Tier 3,Supermarket Type3,8.084802091,Non-Consumable
FDL15,17.85,Low Fat,0.081651443,Meat,152.5682,OUT019,Small,Tier 1,Grocery Store,5.033493379,Food
NCL29,9.695,Non-Edible,0.190711254,Health and Hygiene,159.1604,OUT010,Small,Tier 3,Grocery Store,6.453375519,Non-Consumable
FDB32,20.6,Low Fat,0.023585598,Fruits and Vegetables,94.7778,OUT017,Small,Tier 2,Supermarket Type1,7.181811844,Food
FDJ16,9.195,Low Fat,0.115064263,Frozen Foods,58.6246,OUT049,Medium,Tier 1,Supermarket Type1,6.768342626,Food
FDJ32,10.695,Low Fat,0.057909547,Fruits and Vegetables,60.4536,OUT045,Small,Tier 2,Supermarket Type1,5.219062015,Food
FDO12,15.75,Low Fat,0.054920146,Baking Goods,195.8452,OUT035,Small,Tier 2,Supermarket Type1,8.495893965,Food
NCB18,19.6,Non-Edible,0.041291169,Household,86.9514,OUT046,Small,Tier 1,Supermarket Type1,7.256877452,Non-Consumable
FDO37,8.06,Low Fat,0.021273161,Breakfast,229.1326,OUT027,Medium,Tier 3,Supermarket Type3,8.908429982,Food
FDV13,17.35,Regular,0.02758789,Canned,86.1856,OUT013,High,Tier 3,Supermarket Type1,6.556898803,Food
FDF52,9.3,Low Fat,0.11178154,Frozen Foods,182.3292,OUT010,Small,Tier 3,Grocery Store,5.211828762,Food
FDY11,6.71,Regular,0.02960641,Baking Goods,65.4142,OUT049,Medium,Tier 1,Supermarket Type1,7.324507514,Food
FDL20,17.1,Low Fat,0.129140919,Fruits and Vegetables,109.4886,OUT017,Small,Tier 2,Supermarket Type1,7.419877462,Food
FDS45,5.175,Regular,0.029555773,Snack Foods,105.9622,OUT045,Small,Tier 2,Supermarket Type1,7.435317187,Food
DRJ13,12.65,Low Fat,0.063146492,Soft Drinks,159.6578,OUT018,Medium,Tier 3,Supermarket Type2,6.870828605,Drinks
FDR37,16.5,Regular,0.066352552,Breakfast,181.2292,OUT049,Medium,Tier 1,Supermarket Type1,8.34209467,Food
FDS23,4.635,Low Fat,0.246678647,Breads,129.7994,OUT019,Small,Tier 1,Grocery Store,5.957127211,Food
FDX13,7.725,Low Fat,0.047977607,Canned,249.5092,OUT018,Medium,Tier 3,Supermarket Type2,7.715160534,Food
FDT49,7,Low Fat,0.151712642,Canned,104.828,OUT045,Small,Tier 2,Supermarket Type1,7.154096472,Food
FDY13,12.1,Low Fat,0.030174246,Canned,76.667,OUT049,Medium,Tier 1,Supermarket Type1,7.334551258,Food
FDD47,7.6,Regular,0.238366442,Starchy Foods,171.8448,OUT010,Small,Tier 3,Grocery Store,6.749022116,Food
FDF20,12.85,Low Fat,0.055603753,Fruits and Vegetables,195.6768,OUT010,Small,Tier 3,Grocery Store,5.97927455,Food
FDS32,17.75,Regular,0.029648306,Fruits and Vegetables,142.4838,OUT035,Small,Tier 2,Supermarket Type1,7.143107362,Food
FDJ44,12.3,Regular,0.105812357,Fruits and Vegetables,175.0396,OUT027,Medium,Tier 3,Supermarket Type3,8.29732198,Food
NCY30,20.25,Non-Edible,0.02593166,Household,182.5976,OUT013,High,Tier 3,Supermarket Type1,8.03257422,Non-Consumable
FDK33,17.85,Low Fat,0.019671473,Snack Foods,214.756,OUT019,Small,Tier 1,Grocery Store,5.366237663,Food
FDO31,6.76,Regular,0.028982682,Fruits and Vegetables,79.596,OUT046,Small,Tier 1,Supermarket Type1,7.271792654,Food
FDG10,6.63,Regular,0.019153299,Snack Foods,57.6588,OUT019,Small,Tier 1,Grocery Store,5.995983322,Food
DRI49,14.15,Low Fat,0.184254826,Soft Drinks,82.4276,OUT018,Medium,Tier 3,Supermarket Type2,7.106125694,Drinks
NCA05,20.75,Non-Edible,0.025169703,Health and Hygiene,150.4734,OUT049,Medium,Tier 1,Supermarket Type1,7.080688907,Non-Consumable
FDZ13,7.84,Regular,0.153494979,Canned,48.935,OUT046,Small,Tier 1,Supermarket Type1,6.684561726,Food
DRI25,19.6,Low Fat,0.034093203,Soft Drinks,56.6614,OUT017,Small,Tier 2,Supermarket Type1,7.308581511,Drinks
NCA29,10.5,Non-Edible,0.045655118,Household,169.8106,OUT010,Small,Tier 3,Grocery Store,5.148137293,Non-Consumable
FDX43,5.655,Low Fat,0.142732848,Fruits and Vegetables,167.95,OUT010,Small,Tier 3,Grocery Store,5.120684799,Food
FDZ08,12.5,Regular,0.110163385,Fruits and Vegetables,83.6592,OUT049,Medium,Tier 1,Supermarket Type1,7.18686108,Food
FDC58,10.195,Low Fat,0.041934387,Snack Foods,44.6428,OUT035,Small,Tier 2,Supermarket Type1,6.423570288,Food
NCD54,21.1,Non-Edible,0.028868467,Household,146.3786,OUT027,Medium,Tier 3,Supermarket Type3,8.528677197,Non-Consumable
FDM24,6.135,Regular,0.079312367,Baking Goods,151.7366,OUT035,Small,Tier 2,Supermarket Type1,8.109527223,Food
FDS12,9.1,Low Fat,0.174085625,Baking Goods,124.6362,OUT035,Small,Tier 2,Supermarket Type1,7.779838208,Food
NCN55,14.6,Non-Edible,0.059732844,Others,241.2538,OUT018,Medium,Tier 3,Supermarket Type2,8.573343555,Non-Consumable
NCP06,20.7,Non-Edible,0.039245805,Household,151.4366,OUT046,Small,Tier 1,Supermarket Type1,7.321430591,Non-Consumable
FDB41,19,Regular,0.097510482,Frozen Foods,48.1718,OUT045,Small,Tier 2,Supermarket Type1,6.565373415,Food
FDJ16,9.195,Low Fat,0.114885647,Frozen Foods,59.6246,OUT046,Small,Tier 1,Supermarket Type1,7.004489354,Food
NCB18,19.6,Non-Edible,0.072295507,Household,89.7514,OUT019,Small,Tier 1,Grocery Store,4.494812762,Non-Consumable
FDH38,6.425,Low Fat,0.010436256,Canned,115.5808,OUT035,Small,Tier 2,Supermarket Type1,8.22972059,Food
FDE59,12.15,Low Fat,0.104257037,Starchy Foods,34.0532,OUT010,Small,Tier 3,Grocery Store,5.197203377,Food
NCF30,17,Non-Edible,0.126440335,Household,125.2362,OUT049,Medium,Tier 1,Supermarket Type1,7.233598513,Non-Consumable
FDE35,7.06,Regular,0.051325553,Starchy Foods,59.8904,OUT027,Medium,Tier 3,Supermarket Type3,7.472337002,Food
FDP49,9,Regular,0.120965853,Breakfast,55.8614,OUT019,Small,Tier 1,Grocery Store,4.714229054,Food
NCQ05,11.395,Non-Edible,0.027777042,Health and Hygiene,152.0708,OUT027,Medium,Tier 3,Supermarket Type3,7.653300963,Non-Consumable
FDP49,9,Regular,0.069031467,Breakfast,55.0614,OUT013,High,Tier 3,Supermarket Type1,6.093775618,Food
FDT12,6.215,Regular,0.049823839,Baking Goods,226.6062,OUT018,Medium,Tier 3,Supermarket Type2,6.519322199,Food
NCM06,7.475,Non-Edible,0.126752975,Household,154.2656,OUT010,Small,Tier 3,Grocery Store,5.736350337,Non-Consumable
FDV23,11,Low Fat,0.1062679,Breads,123.2046,OUT018,Medium,Tier 3,Supermarket Type2,8.08274807,Food
FDA44,19.7,Low Fat,0.053305463,Fruits and Vegetables,58.193,OUT049,Medium,Tier 1,Supermarket Type1,6.745112812,Food
DRD27,18.75,Low Fat,0.023820082,Dairy,97.6042,OUT013,High,Tier 3,Supermarket Type1,7.305902342,Drinks
NCK53,11.6,Non-Edible,0.037549969,Health and Hygiene,101.2042,OUT013,High,Tier 3,Supermarket Type1,7.733112742,Non-Consumable
NCF19,13,Non-Edible,0.03525175,Household,48.0034,OUT018,Medium,Tier 3,Supermarket Type2,6.829214759,Non-Consumable
NCY18,7.285,Non-Edible,0.031200065,Household,174.7054,OUT049,Medium,Tier 1,Supermarket Type1,8.749065639,Non-Consumable
FDN56,5.46,Regular,0.106538757,Fruits and Vegetables,145.4786,OUT027,Medium,Tier 3,Supermarket Type3,8.662183875,Food
NCI55,18.6,Non-Edible,0.012673238,Household,121.5414,OUT049,Medium,Tier 1,Supermarket Type1,8.299476438,Non-Consumable
FDB28,6.615,Low Fat,0.093307668,Dairy,195.9426,OUT013,High,Tier 3,Supermarket Type1,7.852304473,Food
NCA18,10.1,Non-Edible,0.056191301,Household,115.7492,OUT045,Small,Tier 2,Supermarket Type1,6.363452152,Non-Consumable
FDC46,17.7,Low Fat,0.116542484,Snack Foods,182.6266,OUT046,Small,Tier 1,Supermarket Type1,8.16197587,Food
NCZ42,10.5,Non-Edible,0.011285795,Household,235.8248,OUT035,Small,Tier 2,Supermarket Type1,8.358770895,Non-Consumable
DRA59,8.27,Regular,0.127308434,Soft Drinks,186.6924,OUT027,Medium,Tier 3,Supermarket Type3,8.858583486,Drinks
DRB25,12.3,Low Fat,0.069742672,Soft Drinks,106.2938,OUT018,Medium,Tier 3,Supermarket Type2,7.44781002,Drinks
FDE24,14.85,Low Fat,0.093010026,Baking Goods,143.0812,OUT027,Medium,Tier 3,Supermarket Type3,8.217576504,Food
FDA57,18.85,Low Fat,0.03961061,Snack Foods,41.648,OUT013,High,Tier 3,Supermarket Type1,6.633334223,Food
FDZ46,7.485,Low Fat,0.069514712,Snack Foods,108.7228,OUT017,Small,Tier 2,Supermarket Type1,7.190882192,Food
FDX39,14.3,Regular,0.083147702,Meat,210.1586,OUT010,Small,Tier 3,Grocery Store,6.047649209,Food
FDW35,10.6,Low Fat,0.011106465,Breads,42.7454,OUT049,Medium,Tier 1,Supermarket Type1,6.04133508,Food
FDZ55,6.055,Low Fat,0.02528566,Fruits and Vegetables,158.792,OUT027,Medium,Tier 3,Supermarket Type3,8.40630096,Food
FDI04,13.65,Regular,0.072851756,Frozen Foods,197.1426,OUT013,High,Tier 3,Supermarket Type1,8.282951281,Food
FDU46,10.3,Regular,0.011072421,Snack Foods,85.354,OUT027,Medium,Tier 3,Supermarket Type3,7.639303606,Food
FDE14,13.65,Regular,0.031494041,Canned,98.87,OUT049,Medium,Tier 1,Supermarket Type1,7.695366827,Food
FDX23,6.445,Low Fat,0.029667053,Baking Goods,94.4436,OUT013,High,Tier 3,Supermarket Type1,7.034848793,Food
NCN18,8.895,Non-Edible,0.12472798,Household,111.9544,OUT035,Small,Tier 2,Supermarket Type1,7.356893737,Non-Consumable
FDR02,16.7,Low Fat,0.022099982,Dairy,110.1886,OUT049,Medium,Tier 1,Supermarket Type1,7.196883705,Food
FDH04,6.115,Regular,0.011372972,Frozen Foods,89.6488,OUT046,Small,Tier 1,Supermarket Type1,7.145734791,Food
FDZ51,11.3,Regular,0.091310237,Meat,96.9094,OUT010,Small,Tier 3,Grocery Store,5.254463698,Food
FDR15,9.3,Regular,0.033437991,Meat,153.2314,OUT046,Small,Tier 1,Supermarket Type1,7.752752352,Food
NCQ30,7.725,Non-Edible,0.029117482,Household,123.0414,OUT049,Medium,Tier 1,Supermarket Type1,7.368300695,Non-Consumable
FDW45,18,Low Fat,0.039071642,Snack Foods,145.3418,OUT049,Medium,Tier 1,Supermarket Type1,6.78428827,Food
FDQ52,17,Low Fat,0.119362409,Frozen Foods,249.4434,OUT035,Small,Tier 2,Supermarket Type1,8.693034061,Food
FDM01,7.895,Regular,0.094109236,Breakfast,102.9332,OUT027,Medium,Tier 3,Supermarket Type3,8.213976465,Food
FDE21,12.8,Low Fat,0.02299122,Fruits and Vegetables,114.9492,OUT045,Small,Tier 2,Supermarket Type1,7.460914842,Food
FDH28,15.85,Regular,0.110010191,Frozen Foods,38.8506,OUT035,Small,Tier 2,Supermarket Type1,5.836433396,Food
FDQ56,6.59,Low Fat,0.176748258,Fruits and Vegetables,82.7908,OUT010,Small,Tier 3,Grocery Store,4.441365725,Food
DRM49,6.11,Regular,0.152207128,Soft Drinks,43.0086,OUT049,Medium,Tier 1,Supermarket Type1,6.571915482,Drinks
NCI29,8.6,Non-Edible,0.032463574,Health and Hygiene,139.9154,OUT027,Medium,Tier 3,Supermarket Type3,8.510075722,Non-Consumable
FDW44,9.5,Regular,0.035222503,Fruits and Vegetables,170.1448,OUT045,Small,Tier 2,Supermarket Type1,7.536839985,Food
FDR10,17.6,Low Fat,0.010055503,Snack Foods,163.7552,OUT049,Medium,Tier 1,Supermarket Type1,7.488856983,Food
FDO60,20,Low Fat,0.034363029,Baking Goods,43.5086,OUT035,Small,Tier 2,Supermarket Type1,5.997638946,Food
FDG08,13.15,Regular,0.186236105,Fruits and Vegetables,171.9764,OUT017,Small,Tier 2,Supermarket Type1,7.785666697,Food
FDP10,19,Low Fat,0.128349909,Snack Foods,106.5622,OUT045,Small,Tier 2,Supermarket Type1,7.301870082,Food
FDG45,8.1,Low Fat,0.128760294,Fruits and Vegetables,213.7902,OUT017,Small,Tier 2,Supermarket Type1,8.690797799,Food
DRM47,9.3,Low Fat,0.043964058,Hard Drinks,192.3846,OUT018,Medium,Tier 3,Supermarket Type2,8.430988122,Drinks
FDO40,17.1,Low Fat,0.032470108,Frozen Foods,148.9392,OUT027,Medium,Tier 3,Supermarket Type3,8.224024093,Food
DRE37,13.5,Low Fat,0.094603404,Soft Drinks,187.0872,OUT018,Medium,Tier 3,Supermarket Type2,8.075732672,Drinks
FDX13,7.725,Low Fat,0.047743195,Canned,248.3092,OUT013,High,Tier 3,Supermarket Type1,8.775740828,Food
FDE21,12.8,Low Fat,0.022985791,Fruits and Vegetables,115.3492,OUT027,Medium,Tier 3,Supermarket Type3,8.249058446,Food
NCU53,5.485,Non-Edible,0.071557769,Health and Hygiene,165.7842,OUT010,Small,Tier 3,Grocery Store,5.116700761,Non-Consumable
NCH07,13.15,Non-Edible,0.155105614,Household,157.2604,OUT010,Small,Tier 3,Grocery Store,5.761802295,Non-Consumable
FDJ07,7.26,Low Fat,0.014505108,Meat,118.415,OUT017,Small,Tier 2,Supermarket Type1,7.46664223,Food
FDB46,10.5,Regular,0.093909644,Snack Foods,213.7244,OUT049,Medium,Tier 1,Supermarket Type1,8.299972963,Food
DRL01,19.5,Regular,0.077157727,Soft Drinks,232.4958,OUT035,Small,Tier 2,Supermarket Type1,7.939283445,Drinks
FDN57,18.25,Low Fat,0.094957079,Snack Foods,143.5154,OUT019,Small,Tier 1,Grocery Store,6.342581876,Food
FDO38,17.25,Low Fat,0.072486326,Canned,78.9986,OUT027,Medium,Tier 3,Supermarket Type3,7.723146375,Food
FDA45,21.25,Low Fat,0.155694794,Snack Foods,177.637,OUT045,Small,Tier 2,Supermarket Type1,8.006510557,Food
FDP27,8.155,Low Fat,0.20914265,Meat,190.953,OUT019,Small,Tier 1,Grocery Store,5.941501946,Food
DRG36,14.15,Low Fat,0.095298849,Soft Drinks,171.8106,OUT013,High,Tier 3,Supermarket Type1,8.278058409,Drinks
DRL47,19.7,Low Fat,0.038736781,Hard Drinks,127.4362,OUT046,Small,Tier 1,Supermarket Type1,7.320549728,Drinks
NCA05,20.75,Non-Edible,0.044000492,Health and Hygiene,148.2734,OUT019,Small,Tier 1,Grocery Store,5.696914947,Non-Consumable
FDL38,13.8,Regular,0.014720848,Canned,89.9172,OUT013,High,Tier 3,Supermarket Type1,7.324946302,Food
FDC32,18.35,Low Fat,0.099090261,Fruits and Vegetables,94.0462,OUT035,Small,Tier 2,Supermarket Type1,6.321266731,Food
NCI06,11.3,Non-Edible,0.047814463,Household,179.266,OUT045,Small,Tier 2,Supermarket Type1,8.524059167,Non-Consumable
FDI05,8.35,Regular,0.127066966,Frozen Foods,76.5354,OUT049,Medium,Tier 1,Supermarket Type1,7.4122683,Food
FDR52,12.65,Regular,0.076474728,Frozen Foods,191.8846,OUT017,Small,Tier 2,Supermarket Type1,7.045347565,Food
FDU26,16.7,Regular,0.042860026,Dairy,120.3782,OUT017,Small,Tier 2,Supermarket Type1,7.420276345,Food
FDG33,5.365,Regular,0.141033536,Seafood,173.6764,OUT017,Small,Tier 2,Supermarket Type1,6.756795171,Food
FDE38,6.52,Low Fat,0.044607161,Canned,164.2842,OUT046,Small,Tier 1,Supermarket Type1,7.944255044,Food
FDI35,14,Low Fat,0.041283361,Starchy Foods,182.4634,OUT035,Small,Tier 2,Supermarket Type1,8.604086595,Food
FDN23,6.575,Regular,0.075444922,Breads,146.0444,OUT013,High,Tier 3,Supermarket Type1,7.868483554,Food
NCP54,15.35,Non-Edible,0.035143024,Household,124.373,OUT035,Small,Tier 2,Supermarket Type1,7.64728067,Non-Consumable
FDO39,6.985,Regular,0.13725257,Meat,183.7608,OUT013,High,Tier 3,Supermarket Type1,7.986563692,Food
NCT17,10.8,Non-Edible,0.041831008,Health and Hygiene,186.6214,OUT013,High,Tier 3,Supermarket Type1,7.724029767,Non-Consumable
NCK30,14.85,Non-Edible,0.060967038,Household,254.3698,OUT035,Small,Tier 2,Supermarket Type1,8.426624163,Non-Consumable
FDM24,6.135,Regular,0.078943221,Baking Goods,152.7366,OUT027,Medium,Tier 3,Supermarket Type3,7.503641939,Food
FDA35,14.85,Regular,0.053837561,Baking Goods,120.8072,OUT046,Small,Tier 1,Supermarket Type1,8.363751061,Food
NCM07,9.395,Non-Edible,0.039928582,Others,83.2908,OUT013,High,Tier 3,Supermarket Type1,7.138360523,Non-Consumable
FDD09,13.5,Low Fat,0.021617996,Fruits and Vegetables,179.6976,OUT017,Small,Tier 2,Supermarket Type1,7.502173241,Food
FDW07,18,Regular,0.143495952,Fruits and Vegetables,88.7514,OUT017,Small,Tier 2,Supermarket Type1,6.969430455,Food
FDM27,12.35,Regular,0.157701958,Meat,158.7946,OUT027,Medium,Tier 3,Supermarket Type3,8.6168233,Food
NCY53,20,Non-Edible,0.058719568,Health and Hygiene,111.0544,OUT018,Medium,Tier 3,Supermarket Type2,6.797756467,Non-Consumable
FDA10,20.35,Low Fat,0.142618182,Snack Foods,123.2072,OUT017,Small,Tier 2,Supermarket Type1,7.111570842,Food
DRB24,8.785,Low Fat,0.020573334,Soft Drinks,156.4656,OUT035,Small,Tier 2,Supermarket Type1,7.679491064,Drinks
NCN53,5.175,Non-Edible,0.030208465,Health and Hygiene,35.4874,OUT027,Medium,Tier 3,Supermarket Type3,7.435317187,Non-Consumable
FDA31,7.1,Low Fat,0.110234793,Fruits and Vegetables,171.708,OUT045,Small,Tier 2,Supermarket Type1,8.044608314,Food
FDE24,14.85,Low Fat,0.093991286,Baking Goods,140.9812,OUT017,Small,Tier 2,Supermarket Type1,8.095009381,Food
FDA04,11.3,Regular,0.067001825,Frozen Foods,259.1962,OUT018,Medium,Tier 3,Supermarket Type2,8.601519671,Food
FDV26,20.25,Regular,0.076314907,Dairy,196.7794,OUT045,Small,Tier 2,Supermarket Type1,7.912830069,Food
FDF40,20.25,Regular,0.022403117,Dairy,250.9092,OUT027,Medium,Tier 3,Supermarket Type3,9.014119092,Food
FDH34,8.63,Low Fat,0.030944666,Snack Foods,186.6582,OUT027,Medium,Tier 3,Supermarket Type3,8.220447232,Food
FDO16,5.48,Low Fat,0.02528802,Frozen Foods,83.325,OUT010,Small,Tier 3,Grocery Store,6.033385937,Food
FDZ43,11,Regular,0.057058545,Fruits and Vegetables,241.7512,OUT046,Small,Tier 1,Supermarket Type1,8.19871316,Food
DRJ51,14.1,Low Fat,0.088140481,Dairy,231.9668,OUT049,Medium,Tier 1,Supermarket Type1,7.519656829,Drinks
NCL07,13.85,Non-Edible,0.05486977,Others,40.548,OUT019,Small,Tier 1,Grocery Store,3.712302969,Non-Consumable
FDU58,6.61,Regular,0.029006239,Snack Foods,186.0898,OUT035,Small,Tier 2,Supermarket Type1,7.87102776,Food
FDI26,5.94,Low Fat,0.034880143,Canned,177.9344,OUT035,Small,Tier 2,Supermarket Type1,8.403320998,Food
FDG24,7.975,Low Fat,0.014713909,Baking Goods,83.125,OUT017,Small,Tier 2,Supermarket Type1,7.855922514,Food
NCM19,12.65,Non-Edible,0.047237246,Others,112.5202,OUT046,Small,Tier 1,Supermarket Type1,6.670311718,Non-Consumable
NCO29,11.15,Non-Edible,0.032306341,Health and Hygiene,166.3526,OUT049,Medium,Tier 1,Supermarket Type1,6.895394802,Non-Consumable
NCM05,6.825,Non-Edible,0.100171568,Health and Hygiene,262.7226,OUT010,Small,Tier 3,Grocery Store,5.580946444,Non-Consumable
NCE07,8.18,Non-Edible,0.013130031,Household,142.6154,OUT046,Small,Tier 1,Supermarket Type1,6.565373415,Non-Consumable
FDR10,17.6,Low Fat,0.010096684,Snack Foods,160.4552,OUT017,Small,Tier 2,Supermarket Type1,7.863375641,Food
FDO12,15.75,Low Fat,0.055015935,Baking Goods,194.3452,OUT049,Medium,Tier 1,Supermarket Type1,7.916235982,Food
FDC17,12.15,Low Fat,0.015460726,Frozen Foods,211.8928,OUT046,Small,Tier 1,Supermarket Type1,8.681350506,Food
FDF34,9.3,Regular,0.02346559,Snack Foods,197.6084,OUT010,Small,Tier 3,Grocery Store,6.390618448,Food
FDO22,13.5,Regular,0.017932223,Snack Foods,78.796,OUT018,Medium,Tier 3,Supermarket Type2,5.483501489,Food
FDT52,9.695,Regular,0.047420609,Frozen Foods,246.0144,OUT035,Small,Tier 2,Supermarket Type1,8.334770381,Food
FDR24,17.35,Regular,0.062547321,Baking Goods,88.383,OUT027,Medium,Tier 3,Supermarket Type3,7.634486644,Food
FDP08,20.5,Regular,0.112410046,Fruits and Vegetables,192.2478,OUT046,Small,Tier 1,Supermarket Type1,8.262547621,Food
FDF39,14.85,Regular,0.019511288,Dairy,262.591,OUT046,Small,Tier 1,Supermarket Type1,8.516758897,Food
NCQ06,13,Non-Edible,0.041789718,Household,256.1014,OUT013,High,Tier 3,Supermarket Type1,7.844246206,Non-Consumable
FDR04,7.075,Low Fat,0.022548195,Frozen Foods,95.7068,OUT013,High,Tier 3,Supermarket Type1,6.370313227,Food
FDQ32,17.85,Regular,0.046599684,Fruits and Vegetables,125.1388,OUT035,Small,Tier 2,Supermarket Type1,7.592074003,Food
DRD15,10.6,Low Fat,0.095064731,Dairy,232.4642,OUT010,Small,Tier 3,Grocery Store,6.548351759,Drinks
FDB02,9.695,Regular,0.029283081,Canned,175.137,OUT018,Medium,Tier 3,Supermarket Type2,8.217756166,Food
NCS18,12.65,Non-Edible,0.042383069,Household,108.0938,OUT018,Medium,Tier 3,Supermarket Type2,7.383310345,Non-Consumable
NCS30,5.945,Non-Edible,0.155706798,Household,127.9652,OUT010,Small,Tier 3,Grocery Store,6.472077325,Non-Consumable
FDN15,17.5,Low Fat,0.016767995,Meat,141.418,OUT045,Small,Tier 2,Supermarket Type1,7.579909644,Food
NCL31,7.39,Non-Edible,0.120961347,Others,143.847,OUT017,Small,Tier 2,Supermarket Type1,8.490438043,Non-Consumable
FDV31,9.8,Low Fat,0.178622919,Fruits and Vegetables,177.937,OUT010,Small,Tier 3,Grocery Store,5.178615616,Food
FDF38,11.8,Regular,0.02633607,Canned,40.6138,OUT013,High,Tier 3,Supermarket Type1,6.009152194,Food
DRK59,8.895,Low Fat,0.126287542,Hard Drinks,235.5616,OUT010,Small,Tier 3,Grocery Store,6.152143585,Drinks
DRJ24,11.8,Low Fat,0.11350542,Soft Drinks,186.8924,OUT049,Medium,Tier 1,Supermarket Type1,7.993781494,Drinks
FDW51,6.155,Regular,0.094201477,Meat,213.356,OUT027,Medium,Tier 3,Supermarket Type3,8.827437609,Food
FDN49,17.25,Regular,0.125224466,Breakfast,41.248,OUT046,Small,Tier 1,Supermarket Type1,6.522263372,Food
FDE20,11.35,Regular,0.005561798,Fruits and Vegetables,168.379,OUT017,Small,Tier 2,Supermarket Type1,8.079246523,Food
FDV38,19.25,Low Fat,0.101980245,Dairy,54.3956,OUT045,Small,Tier 2,Supermarket Type1,6.773686142,Food
FDH60,19.7,Regular,0.081193712,Baking Goods,198.411,OUT017,Small,Tier 2,Supermarket Type1,7.845550327,Food
NCD55,14,Non-Edible,0.024369007,Household,40.2454,OUT049,Medium,Tier 1,Supermarket Type1,6.828494299,Non-Consumable
FDU13,8.355,Low Fat,0.188619537,Canned,146.4418,OUT017,Small,Tier 2,Supermarket Type1,8.03624276,Food
FDZ07,15.1,Regular,0.094037291,Fruits and Vegetables,62.3194,OUT049,Medium,Tier 1,Supermarket Type1,6.207291799,Food
FDY13,12.1,Low Fat,0.030188505,Canned,77.367,OUT045,Small,Tier 2,Supermarket Type1,6.419238942,Food
FDP56,8.185,Low Fat,0.046578409,Fruits and Vegetables,48.6692,OUT045,Small,Tier 2,Supermarket Type1,7.076198306,Food
DRA59,8.27,Regular,0.223985293,Soft Drinks,186.2924,OUT019,Small,Tier 1,Grocery Store,6.321266731,Drinks
FDY40,15.5,Regular,0.085763562,Frozen Foods,49.0692,OUT013,High,Tier 3,Supermarket Type1,5.692435676,Food
FDW40,14,Regular,0.105145451,Frozen Foods,144.2812,OUT046,Small,Tier 1,Supermarket Type1,8.48577699,Food
NCW17,18,Non-Edible,0.019382568,Health and Hygiene,129.3994,OUT035,Small,Tier 2,Supermarket Type1,8.114320041,Non-Consumable
DRN37,9.6,Low Fat,0.109442065,Soft Drinks,166.5158,OUT049,Medium,Tier 1,Supermarket Type1,8.163494329,Drinks
FDZ19,6.425,Low Fat,0.093002339,Fruits and Vegetables,177.7712,OUT027,Medium,Tier 3,Supermarket Type3,8.501590825,Food
FDW34,9.6,Low Fat,0.035549527,Snack Foods,244.117,OUT013,High,Tier 3,Supermarket Type1,8.584360878,Food
FDC28,7.905,Low Fat,0.054720642,Frozen Foods,107.8254,OUT027,Medium,Tier 3,Supermarket Type3,7.77844545,Food
FDB29,16.7,Regular,0.052708138,Frozen Foods,114.7176,OUT017,Small,Tier 2,Supermarket Type1,7.785666697,Food
FDE26,9.3,Low Fat,0.089144149,Canned,144.9786,OUT049,Medium,Tier 1,Supermarket Type1,6.920029837,Food
FDG45,8.1,Low Fat,0.128011859,Fruits and Vegetables,210.9902,OUT035,Small,Tier 2,Supermarket Type1,8.759779462,Food
NCC18,19.1,Non-Edible,0.178272728,Household,172.4422,OUT017,Small,Tier 2,Supermarket Type1,7.347930816,Non-Consumable
NCU54,8.88,Non-Edible,0.099024124,Household,208.527,OUT018,Medium,Tier 3,Supermarket Type2,8.054174709,Non-Consumable
FDF26,6.825,Regular,0.046898544,Canned,153.7998,OUT017,Small,Tier 2,Supermarket Type1,6.828494299,Food
FDX52,11.5,Regular,0.041994624,Frozen Foods,194.782,OUT035,Small,Tier 2,Supermarket Type1,8.153774416,Food
FDR04,7.075,Low Fat,0.022694623,Frozen Foods,98.8068,OUT017,Small,Tier 2,Supermarket Type1,7.835332795,Food
NCP06,20.7,Non-Edible,0.039467795,Household,151.7366,OUT017,Small,Tier 2,Supermarket Type1,6.406131191,Non-Consumable
FDN25,7.895,Regular,0.061270647,Breakfast,56.7588,OUT049,Medium,Tier 1,Supermarket Type1,5.842247344,Food
NCH42,6.86,Non-Edible,0.036686158,Household,229.601,OUT018,Medium,Tier 3,Supermarket Type2,7.835069429,Non-Consumable
FDO46,9.6,Regular,0.014200671,Snack Foods,187.1872,OUT013,High,Tier 3,Supermarket Type1,8.075732672,Food
NCG54,12.1,Non-Edible,0.079806266,Household,172.1106,OUT046,Small,Tier 1,Supermarket Type1,8.138334571,Non-Consumable
FDU07,11.1,Low Fat,0.059797172,Fruits and Vegetables,151.8366,OUT013,High,Tier 3,Supermarket Type1,6.965038985,Food
DRJ11,9.5,Low Fat,0.096636355,Hard Drinks,190.9872,OUT045,Small,Tier 2,Supermarket Type1,8.015127487,Drinks
FDH10,21,Low Fat,0.049381666,Snack Foods,193.0478,OUT049,Medium,Tier 1,Supermarket Type1,7.346643816,Food
FDN56,5.46,Regular,0.107057186,Fruits and Vegetables,144.9786,OUT046,Small,Tier 1,Supermarket Type1,7.612682996,Food
FDY56,16.35,Regular,0.109274313,Fruits and Vegetables,225.3062,OUT019,Small,Tier 1,Grocery Store,6.519322199,Food
NCQ53,17.6,Non-Edible,0.018889593,Health and Hygiene,236.259,OUT013,High,Tier 3,Supermarket Type1,8.461295629,Non-Consumable
NCN54,20.35,Non-Edible,0.021369722,Household,75.8328,OUT045,Small,Tier 2,Supermarket Type1,5.046424485,Non-Consumable
NCC43,7.39,Non-Edible,0.092927148,Household,249.5066,OUT049,Medium,Tier 1,Supermarket Type1,8.358926901,Non-Consumable
FDB35,12.3,Regular,0.113139486,Starchy Foods,92.9804,OUT019,Small,Tier 1,Grocery Store,5.219062015,Food
FDX33,9.195,Regular,0.117387066,Snack Foods,160.2578,OUT013,High,Tier 3,Supermarket Type1,8.410458042,Food
NCT06,17.1,Non-Edible,0.038730229,Household,166.2842,OUT035,Small,Tier 2,Supermarket Type1,8.478190749,Non-Consumable
FDM50,13,Regular,0.030211742,Canned,59.322,OUT018,Medium,Tier 3,Supermarket Type2,6.292120839,Food
FDC37,15.5,Low Fat,0.032924463,Baking Goods,107.2938,OUT049,Medium,Tier 1,Supermarket Type1,7.670837021,Food
NCT54,8.695,Non-Edible,0.120022543,Household,94.8094,OUT018,Medium,Tier 3,Supermarket Type2,7.264828843,Non-Consumable
FDG34,11.5,Regular,0.037388493,Snack Foods,107.8254,OUT027,Medium,Tier 3,Supermarket Type3,7.252642156,Food
NCW54,7.5,Non-Edible,0.096413261,Household,55.3588,OUT046,Small,Tier 1,Supermarket Type1,6.938922883,Non-Consumable
FDZ46,7.485,Low Fat,0.069405301,Snack Foods,112.1228,OUT018,Medium,Tier 3,Supermarket Type2,7.008711309,Food
NCK19,9.8,Non-Edible,0.090649107,Others,194.3478,OUT045,Small,Tier 2,Supermarket Type1,8.444826177,Non-Consumable
NCQ05,11.395,Non-Edible,0.021649904,Health and Hygiene,150.8708,OUT045,Small,Tier 2,Supermarket Type1,8.381294015,Non-Consumable
NCE54,20.7,Non-Edible,0.02689477,Household,76.7354,OUT035,Small,Tier 2,Supermarket Type1,7.817532121,Non-Consumable
FDH17,16.2,Regular,0.016679232,Frozen Foods,96.3726,OUT049,Medium,Tier 1,Supermarket Type1,7.916235982,Food
FDB23,19.2,Regular,0.00978492,Starchy Foods,225.9062,OUT019,Small,Tier 1,Grocery Store,6.114594153,Food
DRL49,13.15,Low Fat,0.056429024,Soft Drinks,144.2812,OUT046,Small,Tier 1,Supermarket Type1,7.157214165,Drinks
FDT03,21.25,Low Fat,0.009998763,Meat,182.3608,OUT046,Small,Tier 1,Supermarket Type1,6.31405951,Food
FDW59,13.15,Low Fat,0.020757926,Breads,84.3566,OUT045,Small,Tier 2,Supermarket Type1,6.635958892,Food
NCB18,19.6,Non-Edible,0.041374909,Household,89.2514,OUT045,Small,Tier 2,Supermarket Type1,7.256877452,Non-Consumable
FDI22,12.6,Low Fat,0.096756649,Snack Foods,208.7612,OUT017,Small,Tier 2,Supermarket Type1,8.56169417,Food
FDZ50,12.8,Regular,0.079523619,Dairy,181.7608,OUT017,Small,Tier 2,Supermarket Type1,8.509673308,Food
FDS14,7.285,Low Fat,0.04998065,Dairy,155.1288,OUT017,Small,Tier 2,Supermarket Type1,7.254997313,Food
NCN19,13.1,Non-Edible,0.012167988,Others,190.253,OUT017,Small,Tier 2,Supermarket Type1,8.337005197,Non-Consumable
FDG46,8.63,Regular,0.032976399,Snack Foods,114.6518,OUT045,Small,Tier 2,Supermarket Type1,7.9541247,Food
FDS04,10.195,Regular,0.147492524,Frozen Foods,141.5838,OUT017,Small,Tier 2,Supermarket Type1,7.430591842,Food
FDM58,16.85,Regular,0.090571216,Snack Foods,110.0544,OUT049,Medium,Tier 1,Supermarket Type1,7.85308087,Food
FDB60,9.3,Low Fat,0.028566433,Baking Goods,193.0136,OUT049,Medium,Tier 1,Supermarket Type1,8.489069399,Food
FDH28,15.85,Regular,0.110479217,Frozen Foods,36.7506,OUT018,Medium,Tier 3,Supermarket Type2,6.277223021,Food
NCU53,5.485,Non-Edible,0.042838514,Health and Hygiene,163.7842,OUT045,Small,Tier 2,Supermarket Type1,7.413875048,Non-Consumable
FDL44,18.25,Low Fat,0.012264903,Fruits and Vegetables,162.8894,OUT013,High,Tier 3,Supermarket Type1,8.131112211,Food
FDI22,12.6,Low Fat,0.096132367,Snack Foods,208.9612,OUT013,High,Tier 3,Supermarket Type1,8.338598441,Food
DRM37,15.35,Low Fat,0.168780127,Soft Drinks,197.8768,OUT019,Small,Tier 1,Grocery Store,5.288654834,Drinks
FDX40,12.85,Low Fat,0.099193899,Frozen Foods,38.1164,OUT045,Small,Tier 2,Supermarket Type1,6.48841252,Food
DRG15,6.13,Low Fat,0.076721393,Dairy,59.4536,OUT035,Small,Tier 2,Supermarket Type1,7.612024777,Drinks
FDV19,14.85,Regular,0.06173052,Fruits and Vegetables,159.1578,OUT019,Small,Tier 1,Grocery Store,5.084243808,Food
DRF01,5.655,Low Fat,0.174934513,Soft Drinks,145.0102,OUT013,High,Tier 3,Supermarket Type1,7.547782551,Drinks
NCV54,11.1,Non-Edible,0.037239778,Household,119.1124,OUT046,Small,Tier 1,Supermarket Type1,7.17367966,Non-Consumable
FDO21,11.6,Regular,0.009802791,Snack Foods,223.0404,OUT018,Medium,Tier 3,Supermarket Type2,7.026606189,Food
FDA40,16,Regular,0.09942555,Frozen Foods,87.0856,OUT049,Medium,Tier 1,Supermarket Type1,6.269690047,Food
FDE59,12.15,Low Fat,0.062384659,Starchy Foods,34.6532,OUT049,Medium,Tier 1,Supermarket Type1,6.579340097,Food
FDX47,6.55,Regular,0.034745307,Breads,158.8288,OUT018,Medium,Tier 3,Supermarket Type2,8.389497629,Food
FDW34,9.6,Low Fat,0.035579135,Snack Foods,244.417,OUT046,Small,Tier 1,Supermarket Type1,7.573087176,Food
NCM30,19.1,Non-Edible,0.067569539,Household,43.0796,OUT018,Medium,Tier 3,Supermarket Type2,6.430032332,Non-Consumable
FDA02,14,Regular,0.029697925,Dairy,143.0786,OUT013,High,Tier 3,Supermarket Type1,8.064488414,Food
FDV19,14.85,Regular,0.03525037,Fruits and Vegetables,160.9578,OUT035,Small,Tier 2,Supermarket Type1,7.717533365,Food
FDT48,4.92,Low Fat,0.045916788,Baking Goods,198.8084,OUT013,High,Tier 3,Supermarket Type1,7.998713685,Food
FDD09,13.5,Low Fat,0.021539999,Fruits and Vegetables,182.4976,OUT045,Small,Tier 2,Supermarket Type1,7.396874044,Food
FDZ25,15.7,Regular,0.027673055,Canned,169.279,OUT045,Small,Tier 2,Supermarket Type1,8.225807737,Food
NCE19,8.97,Non-Edible,0.092997032,Household,55.2956,OUT035,Small,Tier 2,Supermarket Type1,6.773686142,Non-Consumable
DRE25,15.35,Low Fat,0.073283193,Soft Drinks,91.812,OUT046,Small,Tier 1,Supermarket Type1,7.479879932,Drinks
FDC14,14.5,Regular,0.041049322,Canned,41.2454,OUT027,Medium,Tier 3,Supermarket Type3,7.202849414,Food
FDO15,16.75,Regular,0.008525061,Meat,72.5038,OUT027,Medium,Tier 3,Supermarket Type3,7.829522667,Food
FDC46,17.7,Low Fat,0.117201696,Snack Foods,184.0266,OUT017,Small,Tier 2,Supermarket Type1,7.782617916,Food
NCX42,6.36,Non-Edible,0.005977465,Household,163.3526,OUT035,Small,Tier 2,Supermarket Type1,7.875591082,Non-Consumable
FDK52,18.25,Low Fat,0.092617631,Frozen Foods,225.3062,OUT027,Medium,Tier 3,Supermarket Type3,8.363906292,Food
FDD04,16,Low Fat,0.157528118,Dairy,142.9154,OUT019,Small,Tier 1,Grocery Store,4.961552887,Food
FDF12,8.235,Low Fat,0.082427854,Baking Goods,149.3076,OUT046,Small,Tier 1,Supermarket Type1,7.940706425,Food
NCL41,12.35,Non-Edible,0.041802518,Health and Hygiene,34.8216,OUT049,Medium,Tier 1,Supermarket Type1,5.744906504,Non-Consumable
NCW41,18,Non-Edible,0.015450376,Health and Hygiene,158.9604,OUT046,Small,Tier 1,Supermarket Type1,7.368720686,Non-Consumable
FDO60,20,Low Fat,0.057527544,Baking Goods,43.1086,OUT010,Small,Tier 3,Grocery Store,4.502220096,Food
FDZ55,6.055,Low Fat,0.025512207,Fruits and Vegetables,159.692,OUT018,Medium,Tier 3,Supermarket Type2,8.629399819,Food
FDZ59,6.63,Regular,0.174110803,Baking Goods,166.85,OUT010,Small,Tier 3,Grocery Store,6.215307854,Food
FDO24,11.1,Low Fat,0.175362333,Baking Goods,158.9604,OUT027,Medium,Tier 3,Supermarket Type3,8.397934588,Food
FDW14,8.3,Regular,0.038367194,Dairy,87.1198,OUT018,Medium,Tier 3,Supermarket Type2,6.867368398,Food
FDD40,20.25,Regular,0.014781046,Dairy,193.8162,OUT013,High,Tier 3,Supermarket Type1,8.150321176,Food
FDJ38,8.6,Regular,0.040268044,Canned,191.453,OUT049,Medium,Tier 1,Supermarket Type1,7.443533189,Food
NCO54,19.5,Non-Edible,0.014355033,Household,55.4614,OUT017,Small,Tier 2,Supermarket Type1,6.316467693,Non-Consumable
FDJ10,5.095,Regular,0.129766301,Snack Foods,141.6838,OUT045,Small,Tier 2,Supermarket Type1,8.080895837,Food
FDK27,11,Low Fat,0.008997141,Meat,119.9756,OUT017,Small,Tier 2,Supermarket Type1,7.570345103,Food
FDR09,18.25,Low Fat,0.07784544,Snack Foods,260.5962,OUT049,Medium,Tier 1,Supermarket Type1,8.265120962,Food
FDO60,20,Low Fat,0.038228009,Baking Goods,43.4086,OUT018,Medium,Tier 3,Supermarket Type2,5.997638946,Food
FDX50,20.1,Low Fat,0.074265816,Dairy,109.5228,OUT027,Medium,Tier 3,Supermarket Type3,8.231848439,Food
FDR44,6.11,Regular,0.102422487,Fruits and Vegetables,131.4968,OUT027,Medium,Tier 3,Supermarket Type3,7.356893737,Food
FDD17,7.5,Low Fat,0.032811503,Frozen Foods,239.6906,OUT017,Small,Tier 2,Supermarket Type1,7.869247496,Food
FDI60,7.22,Regular,0.038477325,Baking Goods,62.951,OUT018,Medium,Tier 3,Supermarket Type2,7.038360645,Food
FDH31,12,Regular,0.020411155,Meat,98.6042,OUT046,Small,Tier 1,Supermarket Type1,6.995991589,Food
FDL50,12.15,Regular,0.042552418,Canned,123.5046,OUT017,Small,Tier 2,Supermarket Type1,7.46397353,Food
FDO21,11.6,Regular,0.009818244,Snack Foods,223.1404,OUT017,Small,Tier 2,Supermarket Type1,8.551967341,Food
FDW12,8.315,Regular,0.035572183,Baking Goods,144.4444,OUT046,Small,Tier 1,Supermarket Type1,7.973805808,Food
FDT15,12.15,Regular,0.04274788,Meat,183.695,OUT049,Medium,Tier 1,Supermarket Type1,7.982935161,Food
FDV25,5.905,Low Fat,0.04572322,Canned,222.1456,OUT049,Medium,Tier 1,Supermarket Type1,8.656639536,Food
DRH13,8.575,Low Fat,0.023934398,Soft Drinks,105.828,OUT045,Small,Tier 2,Supermarket Type1,6.866674918,Drinks
FDG21,17.35,Regular,0.146527359,Seafood,147.905,OUT049,Medium,Tier 1,Supermarket Type1,7.717829573,Food
NCI55,18.6,Non-Edible,0.012651172,Household,123.1414,OUT035,Small,Tier 2,Supermarket Type1,7.747591053,Non-Consumable
NCO06,19.25,Non-Edible,0.107507291,Household,34.8558,OUT027,Medium,Tier 3,Supermarket Type3,6.092271863,Non-Consumable
FDR27,15.1,Regular,0.096295326,Meat,133.4942,OUT045,Small,Tier 2,Supermarket Type1,7.285120045,Food
FDA22,7.435,Low Fat,0.084444379,Starchy Foods,167.5158,OUT027,Medium,Tier 3,Supermarket Type3,8.377013646,Food
FDS03,7.825,Low Fat,0.079613553,Meat,65.0826,OUT035,Small,Tier 2,Supermarket Type1,7.059176638,Food
FDZ12,9.17,Low Fat,0.103398309,Baking Goods,143.947,OUT018,Medium,Tier 3,Supermarket Type2,7.854631858,Food
FDJ20,20.7,Regular,0.16767231,Fruits and Vegetables,124.2388,OUT010,Small,Tier 3,Grocery Store,5.516157278,Food
FDV09,12.1,Low Fat,0.020551458,Snack Foods,146.6734,OUT013,High,Tier 3,Supermarket Type1,7.708904932,Food
FDW09,13.65,Regular,0.025961116,Snack Foods,80.4302,OUT049,Medium,Tier 1,Supermarket Type1,5.761802295,Food
FDS36,8.38,Regular,0.046960237,Baking Goods,111.857,OUT049,Medium,Tier 1,Supermarket Type1,7.995353468,Food
FDY19,19.75,Low Fat,0.041533438,Fruits and Vegetables,119.8466,OUT018,Medium,Tier 3,Supermarket Type2,7.714269269,Food
DRC49,8.67,Low Fat,0.065436581,Soft Drinks,142.9128,OUT046,Small,Tier 1,Supermarket Type1,7.608066338,Drinks
FDN12,15.6,Low Fat,0.08126841,Baking Goods,110.2544,OUT045,Small,Tier 2,Supermarket Type1,7.490345354,Food
FDJ03,12.35,Regular,0.072689818,Dairy,48.7692,OUT018,Medium,Tier 3,Supermarket Type2,6.671155599,Food
FDC46,17.7,Low Fat,0.116723677,Snack Foods,182.4266,OUT049,Medium,Tier 1,Supermarket Type1,8.549649694,Food
FDM02,12.5,Regular,0.074035423,Canned,87.9198,OUT018,Medium,Tier 3,Supermarket Type2,7.034262283,Food
FDV20,20.2,Regular,0.059751638,Fruits and Vegetables,129.1678,OUT013,High,Tier 3,Supermarket Type1,6.925931486,Food
NCH07,13.15,Non-Edible,0.092854963,Household,158.7604,OUT045,Small,Tier 2,Supermarket Type1,8.010275787,Non-Consumable
FDL28,10,Regular,0.063142295,Frozen Foods,230.0668,OUT019,Small,Tier 1,Grocery Store,6.539731032,Food
FDJ46,11.1,Low Fat,0.044606379,Snack Foods,174.2054,OUT027,Medium,Tier 3,Supermarket Type3,8.384492311,Food
FDQ34,10.85,Low Fat,0.162107603,Snack Foods,106.3622,OUT013,High,Tier 3,Supermarket Type1,7.658342723,Food
NCD42,16.5,Non-Edible,0.012659407,Health and Hygiene,37.3506,OUT027,Medium,Tier 3,Supermarket Type3,6.933097632,Non-Consumable
FDO34,17.7,Low Fat,0.030060895,Snack Foods,166.4816,OUT018,Medium,Tier 3,Supermarket Type2,7.608066338,Food
FDX60,14.35,Low Fat,0.081050006,Baking Goods,79.196,OUT017,Small,Tier 2,Supermarket Type1,7.154096472,Food
FDZ28,20,Regular,0.051783761,Frozen Foods,125.8678,OUT017,Small,Tier 2,Supermarket Type1,8.141635543,Food
FDT36,12.3,Low Fat,0.126297863,Baking Goods,37.2874,OUT013,High,Tier 3,Supermarket Type1,6.560674167,Food
FDL24,10.3,Regular,0.024998007,Baking Goods,174.4422,OUT018,Medium,Tier 3,Supermarket Type2,8.146084292,Food
FDJ58,15.6,Regular,0.105208448,Snack Foods,170.5764,OUT013,High,Tier 3,Supermarket Type1,8.404514049,Food
FDY12,9.8,Regular,0.14118383,Baking Goods,50.5008,OUT018,Medium,Tier 3,Supermarket Type2,5.537350015,Food
FDP58,11.1,Low Fat,0.135692831,Snack Foods,220.0482,OUT018,Medium,Tier 3,Supermarket Type2,7.874578808,Food
FDC41,15.6,Low Fat,0.116347087,Frozen Foods,76.867,OUT027,Medium,Tier 3,Supermarket Type3,7.835069429,Food
FDY07,11.8,Low Fat,0.12150063,Fruits and Vegetables,46.8402,OUT013,High,Tier 3,Supermarket Type1,6.026980811,Food
FDN08,7.72,Regular,0.088864488,Fruits and Vegetables,119.3466,OUT017,Small,Tier 2,Supermarket Type1,8.027806633,Food
FDJ53,10.5,Low Fat,0.070912843,Frozen Foods,121.5098,OUT027,Medium,Tier 3,Supermarket Type3,7.787878169,Food
FDX04,19.6,Regular,0.041571557,Frozen Foods,49.9376,OUT046,Small,Tier 1,Supermarket Type1,6.436452887,Food
FDZ19,6.425,Low Fat,0.093454899,Fruits and Vegetables,175.3712,OUT046,Small,Tier 1,Supermarket Type1,8.002731097,Food
FDB45,20.85,Low Fat,0.021329793,Fruits and Vegetables,105.5306,OUT046,Small,Tier 1,Supermarket Type1,6.847766817,Food
NCF54,18,Non-Edible,0.079299474,Household,170.5422,OUT010,Small,Tier 3,Grocery Store,5.846104615,Non-Consumable
FDX21,7.05,Low Fat,0.085138334,Snack Foods,108.6912,OUT045,Small,Tier 2,Supermarket Type1,7.17877002,Food
FDA50,16.25,Low Fat,0.087175137,Dairy,98.341,OUT046,Small,Tier 1,Supermarket Type1,7.209764723,Food
DRH39,20.7,Low Fat,0.093214498,Dairy,74.667,OUT017,Small,Tier 2,Supermarket Type1,7.670837021,Drinks
FDA38,5.44,Low Fat,0.025458716,Dairy,241.2538,OUT013,High,Tier 3,Supermarket Type1,8.047381352,Food
NCP30,20.5,Non-Edible,0.032741422,Household,40.4822,OUT013,High,Tier 3,Supermarket Type1,6.380517374,Non-Consumable
FDW19,12.35,Regular,0.038560279,Fruits and Vegetables,109.857,OUT049,Medium,Tier 1,Supermarket Type1,7.097901973,Food
FDF41,12.15,Low Fat,0.130544568,Frozen Foods,248.046,OUT027,Medium,Tier 3,Supermarket Type3,8.972599801,Food
DRF23,4.61,Low Fat,0.122629121,Hard Drinks,175.4396,OUT035,Small,Tier 2,Supermarket Type1,7.870010854,Drinks
NCP14,8.275,Non-Edible,0.110913601,Household,106.3306,OUT017,Small,Tier 2,Supermarket Type1,7.135183398,Non-Consumable
FDK44,16.6,Low Fat,0.121635591,Fruits and Vegetables,175.4738,OUT027,Medium,Tier 3,Supermarket Type3,7.991306247,Food
DRA59,8.27,Regular,0.128449055,Soft Drinks,186.5924,OUT018,Medium,Tier 3,Supermarket Type2,8.399134078,Drinks
FDC28,7.905,Low Fat,0.055098434,Frozen Foods,109.2254,OUT045,Small,Tier 2,Supermarket Type1,6.885232126,Food
NCO53,16.2,Non-Edible,0.175469888,Health and Hygiene,182.1608,OUT049,Medium,Tier 1,Supermarket Type1,8.047168314,Non-Consumable
FDY55,16.75,Low Fat,0.081428119,Fruits and Vegetables,258.3988,OUT019,Small,Tier 1,Grocery Store,5.552954934,Food
NCS54,13.6,Non-Edible,0.010013429,Household,176.437,OUT045,Small,Tier 2,Supermarket Type1,8.431278377,Non-Consumable
NCM07,9.395,Non-Edible,0.040187877,Others,85.6908,OUT017,Small,Tier 2,Supermarket Type1,7.374582118,Non-Consumable
FDQ19,7.35,Regular,0.024044279,Fruits and Vegetables,241.0512,OUT010,Small,Tier 3,Grocery Store,5.494505667,Food
FDS40,15.35,Low Fat,0.014007727,Frozen Foods,38.319,OUT013,High,Tier 3,Supermarket Type1,5.683416489,Food
FDC14,14.5,Regular,0.041214746,Canned,42.0454,OUT013,High,Tier 3,Supermarket Type1,6.44600708,Food
FDR12,12.6,Regular,0.031663212,Baking Goods,173.2764,OUT018,Medium,Tier 3,Supermarket Type2,6.938922883,Food
FDM60,10.8,Regular,0.048233614,Baking Goods,39.3138,OUT013,High,Tier 3,Supermarket Type1,6.923968137,Food
FDG26,18.85,Low Fat,0.042716162,Canned,257.833,OUT049,Medium,Tier 1,Supermarket Type1,8.111726783,Food
NCL55,12.15,Non-Edible,0.06479182,Others,254.004,OUT045,Small,Tier 2,Supermarket Type1,7.731068947,Non-Consumable
FDO21,11.6,Regular,0.009761175,Snack Foods,226.9404,OUT035,Small,Tier 2,Supermarket Type1,7.496276785,Food
NCG18,15.3,Non-Edible,0.02295878,Household,101.6332,OUT013,High,Tier 3,Supermarket Type1,7.52110009,Non-Consumable
FDA27,20.35,Regular,0.030927632,Dairy,256.8672,OUT046,Small,Tier 1,Supermarket Type1,8.18321327,Food
DRG03,14.5,Low Fat,0.103752817,Dairy,155.1998,OUT010,Small,Tier 3,Grocery Store,5.732044644,Drinks
FDC22,6.89,Regular,0.136428395,Snack Foods,193.982,OUT046,Small,Tier 1,Supermarket Type1,7.460914842,Food
FDC21,14.6,Regular,0.071904258,Fruits and Vegetables,106.8254,OUT010,Small,Tier 3,Grocery Store,4.696156486,Food
FDN50,16.85,Regular,0.026627857,Canned,93.712,OUT018,Medium,Tier 3,Supermarket Type2,6.615658141,Food
DRF27,8.93,Low Fat,0.028393624,Dairy,153.434,OUT013,High,Tier 3,Supermarket Type1,7.22926325,Drinks
FDW57,8.31,Regular,0.116331694,Snack Foods,176.9028,OUT017,Small,Tier 2,Supermarket Type1,8.010275787,Food
FDM34,19,Low Fat,0.112893408,Snack Foods,131.0626,OUT010,Small,Tier 3,Grocery Store,6.264636353,Food
FDZ39,19.7,Regular,0.017937483,Meat,103.499,OUT027,Medium,Tier 3,Supermarket Type3,7.345355157,Food
FDU28,19.2,Regular,0.164438907,Frozen Foods,188.4214,OUT019,Small,Tier 1,Grocery Store,5.934478236,Food
FDQ27,5.19,Regular,0.044252621,Meat,102.599,OUT046,Small,Tier 1,Supermarket Type1,7.409853328,Food
FDQ52,17,Low Fat,0.120060274,Frozen Foods,246.5434,OUT017,Small,Tier 2,Supermarket Type1,8.405407903,Food
FDT51,11.65,Regular,0.010909704,Meat,110.8544,OUT013,High,Tier 3,Supermarket Type1,7.425844062,Food
NCI30,20.25,Non-Edible,0.059055045,Household,247.346,OUT045,Small,Tier 2,Supermarket Type1,7.586685881,Non-Consumable
NCX29,10,Non-Edible,0.149223055,Health and Hygiene,145.8102,OUT010,Small,Tier 3,Grocery Store,6.775207631,Non-Consumable
FDX38,10.5,Regular,0.084404264,Dairy,49.5376,OUT019,Small,Tier 1,Grocery Store,4.975441874,Food
FDO08,11.1,Regular,0.054079556,Fruits and Vegetables,165.9526,OUT017,Small,Tier 2,Supermarket Type1,7.875591082,Food
FDM15,11.8,Regular,0.057655493,Meat,152.6366,OUT018,Medium,Tier 3,Supermarket Type2,7.416680658,Food
FDW22,9.695,Regular,0.030413777,Snack Foods,221.3114,OUT018,Medium,Tier 3,Supermarket Type2,7.704412564,Food
FDT08,13.65,Low Fat,0.049496899,Fruits and Vegetables,151.505,OUT017,Small,Tier 2,Supermarket Type1,7.9541247,Food
FDS32,17.75,Regular,0.029653914,Fruits and Vegetables,140.5838,OUT046,Small,Tier 1,Supermarket Type1,7.889905734,Food
NCI06,11.3,Non-Edible,0.047912071,Household,179.866,OUT018,Medium,Tier 3,Supermarket Type2,7.138360523,Non-Consumable
FDR21,19.7,Low Fat,0.066611321,Snack Foods,178.237,OUT027,Medium,Tier 3,Supermarket Type3,8.217756166,Food
FDD05,19.35,Low Fat,0.016611475,Frozen Foods,122.0098,OUT046,Small,Tier 1,Supermarket Type1,7.883150645,Food
FDZ02,6.905,Regular,0.03822479,Dairy,99.8726,OUT045,Small,Tier 2,Supermarket Type1,6.377127548,Food
FDH47,13.5,Regular,0.129016487,Starchy Foods,98.4068,OUT049,Medium,Tier 1,Supermarket Type1,7.52182094,Food
FDM58,16.85,Regular,0.080141165,Snack Foods,111.4544,OUT017,Small,Tier 2,Supermarket Type1,7.608066338,Food
FDG09,20.6,Regular,0.0480335,Fruits and Vegetables,188.2556,OUT045,Small,Tier 2,Supermarket Type1,8.231139659,Food
FDO27,6.175,Regular,0.179355893,Meat,94.1752,OUT049,Medium,Tier 1,Supermarket Type1,6.356543677,Food
FDI41,18.5,Regular,0.062510529,Frozen Foods,146.8418,OUT018,Medium,Tier 3,Supermarket Type2,7.6309394,Food
FDK34,13.35,Low Fat,0.038519399,Snack Foods,236.8564,OUT035,Small,Tier 2,Supermarket Type1,8.518489231,Food
NCX54,9.195,Non-Edible,0.047827139,Household,105.3622,OUT027,Medium,Tier 3,Supermarket Type3,8.128169303,Non-Consumable
FDL14,8.115,Regular,0.032208865,Canned,154.9972,OUT049,Medium,Tier 1,Supermarket Type1,8.226876398,Food
FDA13,15.85,Low Fat,0.078874948,Canned,37.4506,OUT018,Medium,Tier 3,Supermarket Type2,5.719015199,Food
FDS11,7.05,Regular,0.097275777,Breads,223.9088,OUT019,Small,Tier 1,Grocery Store,5.414805342,Food
FDT43,16.35,Low Fat,0.020664178,Fruits and Vegetables,50.8324,OUT017,Small,Tier 2,Supermarket Type1,7.169588633,Food
FDR07,21.35,Low Fat,0.078060605,Fruits and Vegetables,96.0094,OUT018,Medium,Tier 3,Supermarket Type2,5.944995387,Food
FDF41,12.15,Low Fat,0.131714183,Frozen Foods,245.846,OUT018,Medium,Tier 3,Supermarket Type2,8.397334303,Food
DRM23,16.6,Low Fat,0.135944247,Hard Drinks,172.0422,OUT049,Medium,Tier 1,Supermarket Type1,7.858498837,Drinks
FDO52,11.6,Regular,0.077478931,Frozen Foods,170.3106,OUT018,Medium,Tier 3,Supermarket Type2,8.361419696,Food
FDD10,20.6,Regular,0.046114018,Snack Foods,178.2344,OUT045,Small,Tier 2,Supermarket Type1,6.97691411,Food
FDN38,6.615,Regular,0.161030847,Canned,251.2408,OUT019,Small,Tier 1,Grocery Store,6.910115691,Food
FDE17,20.1,Regular,0.054455495,Frozen Foods,149.5366,OUT046,Small,Tier 1,Supermarket Type1,7.962971221,Food
FDZ03,13.65,Regular,0.092128759,Dairy,186.024,OUT018,Medium,Tier 3,Supermarket Type2,8.363751061,Food
FDD03,13.3,Low Fat,0.080257683,Dairy,232.63,OUT017,Small,Tier 2,Supermarket Type1,7.53114501,Food
NCW18,15.1,Non-Edible,0.059037538,Household,237.7248,OUT027,Medium,Tier 3,Supermarket Type3,7.866443519,Non-Consumable
DRG36,14.15,Low Fat,0.094916347,Soft Drinks,172.3106,OUT027,Medium,Tier 3,Supermarket Type3,8.361419696,Drinks
FDT43,16.35,Low Fat,0.034393057,Fruits and Vegetables,50.8324,OUT010,Small,Tier 3,Grocery Store,5.054953251,Food
NCU17,5.32,Non-Edible,0.093261677,Health and Hygiene,100.9674,OUT018,Medium,Tier 3,Supermarket Type2,7.10939634,Non-Consumable
FDH50,15,Regular,0.16143544,Canned,185.1266,OUT046,Small,Tier 1,Supermarket Type1,7.925663169,Food
FDU57,8.27,Regular,0.089479661,Snack Foods,148.6708,OUT013,High,Tier 3,Supermarket Type1,7.653300963,Food
FDA56,9.21,Low Fat,0.008722342,Fruits and Vegetables,123.5414,OUT027,Medium,Tier 3,Supermarket Type3,8.413859908,Food
FDZ15,13.1,Low Fat,0.020988798,Dairy,117.7782,OUT017,Small,Tier 2,Supermarket Type1,7.084043673,Food
FDY51,12.5,Low Fat,0.081260969,Meat,221.7798,OUT049,Medium,Tier 1,Supermarket Type1,8.034733814,Food
DRF03,19.1,Low Fat,0.045308131,Dairy,42.5138,OUT046,Small,Tier 1,Supermarket Type1,6.478234335,Drinks
NCV06,11.3,Non-Edible,0.06705851,Household,194.0478,OUT017,Small,Tier 2,Supermarket Type1,8.10007422,Non-Consumable
FDA21,13.65,Low Fat,0.035930784,Snack Foods,184.4924,OUT013,High,Tier 3,Supermarket Type1,9.112785711,Food
NCQ53,17.6,Non-Edible,0.018813776,Health and Hygiene,235.259,OUT027,Medium,Tier 3,Supermarket Type3,8.643581936,Non-Consumable
NCO29,11.15,Non-Edible,0.032099989,Health and Hygiene,164.1526,OUT027,Medium,Tier 3,Supermarket Type3,7.993331905,Non-Consumable
FDT26,18.85,Regular,0.06823032,Dairy,121.044,OUT018,Medium,Tier 3,Supermarket Type2,7.351781909,Food
FDI21,5.59,Regular,0.056592115,Snack Foods,65.0168,OUT035,Small,Tier 2,Supermarket Type1,6.105724941,Food
NCI55,18.6,Non-Edible,0.012643035,Household,119.8414,OUT013,High,Tier 3,Supermarket Type1,5.904064549,Non-Consumable
FDZ04,9.31,Low Fat,0.063529046,Frozen Foods,63.751,OUT010,Small,Tier 3,Grocery Store,4.848132051,Food
FDL27,6.17,Low Fat,0.010630949,Meat,65.9826,OUT046,Small,Tier 1,Supermarket Type1,7.059176638,Food
FDS45,5.175,Regular,0.029490377,Snack Foods,107.6622,OUT035,Small,Tier 2,Supermarket Type1,7.958324914,Food
NCG43,20.2,Non-Edible,0.129983688,Household,93.0462,OUT019,Small,Tier 1,Grocery Store,5.226243325,Non-Consumable
FDU28,19.2,Regular,0.094300933,Frozen Foods,187.5214,OUT018,Medium,Tier 3,Supermarket Type2,7.436495042,Food
FDO20,12.85,Regular,0.152001201,Fruits and Vegetables,252.3382,OUT013,High,Tier 3,Supermarket Type1,8.70898919,Food
NCG55,16.25,Non-Edible,0.039113587,Household,116.0176,OUT013,High,Tier 3,Supermarket Type1,7.306349369,Non-Consumable
NCM42,6.13,Non-Edible,0.02848169,Household,110.4912,OUT017,Small,Tier 2,Supermarket Type1,7.17877002,Non-Consumable
NCG07,12.3,Non-Edible,0.05271592,Household,189.653,OUT018,Medium,Tier 3,Supermarket Type2,6.346090644,Non-Consumable
NCQ29,12,Non-Edible,0.182493512,Health and Hygiene,258.8278,OUT019,Small,Tier 1,Grocery Store,6.949195834,Non-Consumable
NCV05,10.1,Non-Edible,0.050562853,Health and Hygiene,153.3656,OUT010,Small,Tier 3,Grocery Store,6.140739359,Non-Consumable
NCO02,11.15,Non-Edible,0.07366703,Others,66.2142,OUT018,Medium,Tier 3,Supermarket Type2,4.88905807,Non-Consumable
FDH19,19.35,Low Fat,0.03322326,Meat,172.0738,OUT018,Medium,Tier 3,Supermarket Type2,8.102496261,Food
DRG13,17.25,Low Fat,0.037396492,Soft Drinks,165.6526,OUT017,Small,Tier 2,Supermarket Type1,7.501070301,Drinks
FDI57,19.85,Low Fat,0.054015429,Seafood,196.3768,OUT035,Small,Tier 2,Supermarket Type1,8.328357536,Food
FDX51,9.5,Regular,0.02210346,Meat,194.7452,OUT045,Small,Tier 2,Supermarket Type1,7.223453508,Food
FDW33,9.395,Low Fat,0.099274694,Snack Foods,104.528,OUT049,Medium,Tier 1,Supermarket Type1,6.749022116,Food
DRE12,4.59,Low Fat,0.070721656,Soft Drinks,113.286,OUT013,High,Tier 3,Supermarket Type1,7.294661226,Drinks
FDY31,5.98,Low Fat,0.043554614,Fruits and Vegetables,148.2418,OUT035,Small,Tier 2,Supermarket Type1,7.76441014,Food
FDR31,6.46,Regular,0.04923932,Fruits and Vegetables,144.4102,OUT049,Medium,Tier 1,Supermarket Type1,8.383731739,Food
FDS55,7.02,Low Fat,0.08114883,Fruits and Vegetables,146.8734,OUT035,Small,Tier 2,Supermarket Type1,8.178740242,Food
DRL60,8.52,Low Fat,0.027054244,Soft Drinks,151.5682,OUT035,Small,Tier 2,Supermarket Type1,8.162735388,Drinks
FDW55,12.6,Regular,0.036773101,Fruits and Vegetables,250.3092,OUT010,Small,Tier 3,Grocery Store,5.521497717,Food
FDT11,5.94,Regular,0.049163321,Breads,186.4556,OUT010,Small,Tier 3,Grocery Store,6.335527189,Food
FDO50,16.25,Low Fat,0.078168739,Canned,91.3804,OUT046,Small,Tier 1,Supermarket Type1,7.411463957,Food
FDD28,10.695,Low Fat,0.05337973,Frozen Foods,56.7904,OUT049,Medium,Tier 1,Supermarket Type1,7.015907734,Food
FDN28,5.88,Regular,0.030418998,Frozen Foods,103.099,OUT017,Small,Tier 2,Supermarket Type1,7.202353629,Food
FDS35,9.3,Low Fat,0.111673587,Breads,65.7826,OUT018,Medium,Tier 3,Supermarket Type2,6.877026963,Food
FDB38,19.5,Regular,0.027341529,Canned,158.292,OUT035,Small,Tier 2,Supermarket Type1,8.292999088,Food
FDT07,5.82,Regular,0.077634044,Fruits and Vegetables,256.433,OUT018,Medium,Tier 3,Supermarket Type2,8.254787626,Food
FDC53,8.68,Low Fat,0.008835694,Frozen Foods,96.5384,OUT046,Small,Tier 1,Supermarket Type1,7.076198306,Food
NCT41,15.7,Non-Edible,0.055990291,Health and Hygiene,153.2024,OUT046,Small,Tier 1,Supermarket Type1,8.241718966,Non-Consumable
FDR40,9.1,Regular,0.00799548,Frozen Foods,78.5618,OUT027,Medium,Tier 3,Supermarket Type3,7.721672319,Food
FDH32,12.8,Low Fat,0.076369874,Fruits and Vegetables,97.241,OUT018,Medium,Tier 3,Supermarket Type2,7.278708304,Food
FDN60,15.1,Low Fat,0.095351065,Baking Goods,158.6604,OUT045,Small,Tier 2,Supermarket Type1,7.838487785,Food
FDR33,7.31,Low Fat,0.026783871,Snack Foods,108.157,OUT035,Small,Tier 2,Supermarket Type1,7.002674473,Food
FDB59,18.25,Low Fat,0.01520491,Snack Foods,197.2084,OUT027,Medium,Tier 3,Supermarket Type3,8.335089947,Food
FDS07,12.35,Low Fat,0.099757833,Fruits and Vegetables,113.9518,OUT046,Small,Tier 1,Supermarket Type1,6.815436461,Food
FDD02,16.6,Low Fat,0.061646337,Canned,117.3124,OUT013,High,Tier 3,Supermarket Type1,7.608727167,Food
FDH05,14.35,Regular,0.090896452,Frozen Foods,231.2984,OUT035,Small,Tier 2,Supermarket Type1,8.703699048,Food
FDR04,7.075,Low Fat,0.022602061,Frozen Foods,98.1068,OUT049,Medium,Tier 1,Supermarket Type1,7.285576457,Food
DRJ47,18.25,Low Fat,0.044250304,Hard Drinks,174.708,OUT046,Small,Tier 1,Supermarket Type1,7.793385546,Drinks
FDW50,13.1,Low Fat,0.075885921,Dairy,165.1158,OUT018,Medium,Tier 3,Supermarket Type2,7.316576217,Food
NCJ17,7.68,Non-Edible,0.153177941,Health and Hygiene,85.2224,OUT018,Medium,Tier 3,Supermarket Type2,7.154096472,Non-Consumable
FDH60,19.7,Regular,0.09590923,Baking Goods,197.911,OUT045,Small,Tier 2,Supermarket Type1,7.477999527,Food
DRL60,8.52,Low Fat,0.027114238,Soft Drinks,151.9682,OUT045,Small,Tier 2,Supermarket Type1,7.425447394,Drinks
FDS32,17.75,Regular,0.049634572,Fruits and Vegetables,140.2838,OUT010,Small,Tier 3,Grocery Store,5.641792171,Food
FDM58,16.85,Regular,0.090571216,Snack Foods,112.2544,OUT027,Medium,Tier 3,Supermarket Type3,8.272801489,Food
FDK10,5.785,Regular,0.040587146,Snack Foods,180.366,OUT017,Small,Tier 2,Supermarket Type1,7.138360523,Food
NCS30,5.945,Non-Edible,0.093008616,Household,127.8652,OUT035,Small,Tier 2,Supermarket Type1,7.694760859,Non-Consumable
FDY15,18.25,Regular,0.17179432,Dairy,154.663,OUT017,Small,Tier 2,Supermarket Type1,7.886408792,Food
FDC53,8.68,Low Fat,0.008828341,Frozen Foods,99.9384,OUT013,High,Tier 3,Supermarket Type1,6.53780518,Food
FDK45,11.65,Low Fat,0.033858187,Seafood,113.386,OUT046,Small,Tier 1,Supermarket Type1,7.864910756,Food
FDH26,19.25,Regular,0.034841089,Canned,141.1496,OUT018,Medium,Tier 3,Supermarket Type2,5.646503583,Food
NCW06,16.2,Non-Edible,0.08425957,Household,192.3162,OUT010,Small,Tier 3,Grocery Store,6.647253519,Non-Consumable
FDV37,13,Regular,0.083444376,Canned,195.8426,OUT013,High,Tier 3,Supermarket Type1,8.331729407,Food
FDB52,17.75,Low Fat,0.030497325,Dairy,256.9672,OUT045,Small,Tier 2,Supermarket Type1,7.336287745,Food
FDF41,12.15,Low Fat,0.131179812,Frozen Foods,245.246,OUT046,Small,Tier 1,Supermarket Type1,8.071998617,Food
FDA39,6.32,Low Fat,0.012737719,Meat,38.5822,OUT049,Medium,Tier 1,Supermarket Type1,5.87082061,Food
FDE56,17.25,Regular,0.159165324,Fruits and Vegetables,63.4194,OUT035,Small,Tier 2,Supermarket Type1,7.345355157,Food
FDC56,7.72,Low Fat,0.122015744,Fruits and Vegetables,121.744,OUT018,Medium,Tier 3,Supermarket Type2,7.731068947,Food
FDT26,18.85,Regular,0.068091318,Dairy,120.644,OUT045,Small,Tier 2,Supermarket Type1,8.153774416,Food
FDR21,19.7,Low Fat,0.067314073,Snack Foods,175.137,OUT017,Small,Tier 2,Supermarket Type1,7.945906766,Food
FDC14,14.5,Regular,0.041249072,Canned,40.5454,OUT046,Small,Tier 1,Supermarket Type1,7.104486352,Food
FDI32,17.7,Low Fat,0.174340475,Fruits and Vegetables,116.6834,OUT035,Small,Tier 2,Supermarket Type1,8.180792864,Food
FDI02,15.7,Regular,0.11454343,Canned,113.7202,OUT035,Small,Tier 2,Supermarket Type1,8.090735003,Food
FDE22,9.695,Low Fat,0.029693277,Snack Foods,159.792,OUT018,Medium,Tier 3,Supermarket Type2,7.907454371,Food
FDW26,11.8,Regular,0.107057186,Dairy,224.1772,OUT046,Small,Tier 1,Supermarket Type1,8.177244776,Food
FDA36,5.985,Low Fat,0.009921107,Baking Goods,183.6924,OUT019,Small,Tier 1,Grocery Store,6.321266731,Food
NCS06,7.935,Non-Edible,0.031583053,Household,260.991,OUT027,Medium,Tier 3,Supermarket Type3,8.868097497,Non-Consumable
NCX05,15.2,Non-Edible,0.097043739,Health and Hygiene,116.8492,OUT035,Small,Tier 2,Supermarket Type1,7.888158791,Non-Consumable
FDU19,8.77,Regular,0.046762633,Fruits and Vegetables,170.8422,OUT035,Small,Tier 2,Supermarket Type1,7.453226937,Food
FDA49,19.7,Low Fat,0.064909488,Canned,88.5198,OUT035,Small,Tier 2,Supermarket Type1,7.177245631,Food
NCZ42,10.5,Non-Edible,0.011305479,Household,235.5248,OUT049,Medium,Tier 1,Supermarket Type1,8.464107977,Non-Consumable
FDX32,15.1,Regular,0.11257344,Fruits and Vegetables,146.2786,OUT010,Small,Tier 3,Grocery Store,6.074048178,Food
FDR01,5.405,Regular,0.053576661,Canned,200.5742,OUT013,High,Tier 3,Supermarket Type1,7.779002786,Food
FDQ15,20.35,Regular,0.150947728,Meat,81.0276,OUT013,High,Tier 3,Supermarket Type1,7.533284428,Food
FDQ14,9.27,Low Fat,0.10818157,Dairy,149.605,OUT019,Small,Tier 1,Grocery Store,6.11016938,Food
FDS56,5.785,Regular,0.038749536,Fruits and Vegetables,262.0252,OUT035,Small,Tier 2,Supermarket Type1,8.403022513,Food
DRJ24,11.8,Low Fat,0.113790879,Soft Drinks,185.3924,OUT018,Medium,Tier 3,Supermarket Type2,5.916700052,Drinks
FDG52,13.65,Low Fat,0.065313024,Frozen Foods,47.1402,OUT027,Medium,Tier 3,Supermarket Type3,7.324507514,Food
FDF59,12.5,Low Fat,0.071373179,Starchy Foods,127.102,OUT017,Small,Tier 2,Supermarket Type1,5.537350015,Food
DRM49,6.11,Regular,0.152813518,Soft Drinks,45.6086,OUT017,Small,Tier 2,Supermarket Type1,6.934395068,Drinks
NCP02,7.105,Non-Edible,0.044771473,Household,58.2562,OUT013,High,Tier 3,Supermarket Type1,6.386141674,Non-Consumable
FDW13,8.5,Low Fat,0.098083231,Canned,50.3324,OUT045,Small,Tier 2,Supermarket Type1,6.51637235,Food
FDV12,16.7,Regular,0.06121901,Baking Goods,100.0384,OUT017,Small,Tier 2,Supermarket Type1,7.586685881,Food
FDH14,17.1,Regular,0.047073322,Canned,138.6838,OUT017,Small,Tier 2,Supermarket Type1,7.989953525,Food
FDQ20,8.325,Low Fat,0.029953314,Fruits and Vegetables,39.5138,OUT017,Small,Tier 2,Supermarket Type1,6.344922422,Food
FDT45,15.85,Low Fat,0.057387654,Snack Foods,55.1956,OUT013,High,Tier 3,Supermarket Type1,7.136243562,Food
NCM26,20.5,Non-Edible,0.040520754,Others,153.934,OUT019,Small,Tier 1,Grocery Store,5.037822354,Non-Consumable
FDJ22,18.75,Low Fat,0.052554508,Snack Foods,190.3504,OUT027,Medium,Tier 3,Supermarket Type3,7.559300995,Food
FDD29,12.15,Low Fat,0.018514652,Frozen Foods,252.7698,OUT017,Small,Tier 2,Supermarket Type1,8.67169902,Food
FDA13,15.85,Low Fat,0.07871426,Canned,37.2506,OUT045,Small,Tier 2,Supermarket Type1,6.203259547,Food
FDV47,17.1,Low Fat,0.054197299,Breads,83.5566,OUT035,Small,Tier 2,Supermarket Type1,7.529001005,Food
FDS57,15.5,Low Fat,0.103442268,Snack Foods,144.847,OUT046,Small,Tier 1,Supermarket Type1,7.797496265,Food
DRG36,14.15,Low Fat,0.095360186,Soft Drinks,172.3106,OUT035,Small,Tier 2,Supermarket Type1,8.087056651,Drinks
FDK38,6.65,Low Fat,0.053031857,Canned,149.1734,OUT027,Medium,Tier 3,Supermarket Type3,8.401827681,Food
DRJ49,6.865,Low Fat,0.013990601,Soft Drinks,127.6652,OUT035,Small,Tier 2,Supermarket Type1,7.952486507,Drinks
FDR37,16.5,Regular,0.066237024,Breakfast,183.1292,OUT035,Small,Tier 2,Supermarket Type1,8.761866818,Food
NCS53,14.5,Non-Edible,0.089761211,Health and Hygiene,159.4604,OUT035,Small,Tier 2,Supermarket Type1,7.773975547,Non-Consumable
FDR22,19.35,Regular,0.01863822,Snack Foods,110.2544,OUT018,Medium,Tier 3,Supermarket Type2,7.425844062,Food
NCP42,8.51,Non-Edible,0.016176344,Household,192.1478,OUT018,Medium,Tier 3,Supermarket Type2,7.569658408,Non-Consumable
FDK38,6.65,Low Fat,0.089196394,Canned,147.0734,OUT010,Small,Tier 3,Grocery Store,5.696914947,Food
NCC43,7.39,Non-Edible,0.092782895,Household,252.6066,OUT046,Small,Tier 1,Supermarket Type1,7.723146375,Non-Consumable
FDH57,10.895,Low Fat,0.0358031,Fruits and Vegetables,130.3284,OUT049,Medium,Tier 1,Supermarket Type1,7.826339219,Food
FDQ25,8.63,Regular,0.028271345,Canned,170.5422,OUT035,Small,Tier 2,Supermarket Type1,7.635451895,Food
FDA11,7.75,Low Fat,0.043238822,Baking Goods,92.5436,OUT046,Small,Tier 1,Supermarket Type1,7.440020307,Food
FDG31,12.15,Low Fat,0.037955309,Meat,62.8826,OUT049,Medium,Tier 1,Supermarket Type1,6.567246948,Food
FDW28,18.25,Low Fat,0.089186083,Frozen Foods,194.3452,OUT018,Medium,Tier 3,Supermarket Type2,8.412530121,Food
FDV14,19.85,Low Fat,0.044566659,Dairy,88.5856,OUT049,Medium,Tier 1,Supermarket Type1,6.556898803,Food
FDB60,9.3,Low Fat,0.028638276,Baking Goods,195.8136,OUT018,Medium,Tier 3,Supermarket Type2,7.668350619,Food
FDU43,19.35,Regular,0.057762301,Fruits and Vegetables,237.3564,OUT027,Medium,Tier 3,Supermarket Type3,7.671457657,Food
DRH11,5.98,Low Fat,0.075711199,Hard Drinks,55.6614,OUT045,Small,Tier 2,Supermarket Type1,5.806845553,Drinks
FDC48,9.195,Low Fat,0.027767577,Baking Goods,82.1592,OUT019,Small,Tier 1,Grocery Store,6.025373099,Food
DRK39,7.02,Low Fat,0.049865399,Dairy,82.925,OUT046,Small,Tier 1,Supermarket Type1,7.061463004,Drinks
FDB20,7.72,Low Fat,0.052061483,Fruits and Vegetables,76.7986,OUT049,Medium,Tier 1,Supermarket Type1,7.18937617,Food
FDE51,5.925,Regular,0.096387053,Dairy,45.6086,OUT013,High,Tier 3,Supermarket Type1,5.880166439,Food
FDX36,9.695,Regular,0.128176489,Baking Goods,224.8404,OUT013,High,Tier 3,Supermarket Type1,8.189146353,Food
NCT29,12.6,Non-Edible,0.064110725,Health and Hygiene,122.3414,OUT046,Small,Tier 1,Supermarket Type1,5.499962678,Non-Consumable
FDU45,15.6,Regular,0.035561344,Snack Foods,112.1518,OUT049,Medium,Tier 1,Supermarket Type1,7.508035134,Food
FDF56,16.7,Regular,0.119647957,Fruits and Vegetables,180.9976,OUT049,Medium,Tier 1,Supermarket Type1,8.334770381,Food
FDW07,18,Regular,0.238831875,Fruits and Vegetables,88.2514,OUT010,Small,Tier 3,Grocery Store,4.494812762,Food
FDR52,12.65,Regular,0.075676339,Frozen Foods,190.4846,OUT027,Medium,Tier 3,Supermarket Type3,9.081471419,Food
FDB45,20.85,Low Fat,0.021416681,Fruits and Vegetables,104.6306,OUT018,Medium,Tier 3,Supermarket Type2,7.048244435,Food
NCT42,5.88,Non-Edible,0.024766802,Household,151.0392,OUT027,Medium,Tier 3,Supermarket Type3,8.096227284,Non-Consumable
FDP52,18.7,Regular,0.070691729,Frozen Foods,230.201,OUT046,Small,Tier 1,Supermarket Type1,8.655828412,Food
FDI50,8.42,Regular,0.030693309,Canned,228.0352,OUT027,Medium,Tier 3,Supermarket Type3,9.240635214,Food
FDU48,18.85,Low Fat,0.055671582,Baking Goods,133.3284,OUT017,Small,Tier 2,Supermarket Type1,5.578433892,Food
FDS43,11.65,Low Fat,0.040507228,Fruits and Vegetables,186.924,OUT035,Small,Tier 2,Supermarket Type1,7.713377209,Food
NCM41,16.5,Non-Edible,0.035626319,Health and Hygiene,93.112,OUT013,High,Tier 3,Supermarket Type1,6.83853381,Non-Consumable
FDP37,15.6,Low Fat,0.143688905,Breakfast,128.1994,OUT018,Medium,Tier 3,Supermarket Type2,7.689595247,Food
FDJ44,12.3,Regular,0.106542886,Fruits and Vegetables,173.2396,OUT045,Small,Tier 2,Supermarket Type1,8.052268737,Food
FDY38,13.6,Regular,0.208662546,Dairy,231.83,OUT019,Small,Tier 1,Grocery Store,6.146457729,Food
FDC20,10.65,Low Fat,0.024107056,Fruits and Vegetables,56.6272,OUT017,Small,Tier 2,Supermarket Type1,6.105724941,Food
FDF02,16.2,Low Fat,0.104058452,Canned,102.499,OUT017,Small,Tier 2,Supermarket Type1,7.63287582,Food
FDX38,10.5,Regular,0.048403392,Dairy,48.2376,OUT018,Medium,Tier 3,Supermarket Type2,6.269690047,Food
FDN50,16.85,Regular,0.026391403,Canned,92.812,OUT027,Medium,Tier 3,Supermarket Type3,7.867464057,Food
FDA07,7.55,Regular,0.031007381,Fruits and Vegetables,123.4072,OUT045,Small,Tier 2,Supermarket Type1,7.641863196,Food
FDT49,7,Low Fat,0.150672399,Canned,104.728,OUT027,Medium,Tier 3,Supermarket Type3,7.804310133,Food
FDA09,13.35,Regular,0.149598628,Snack Foods,179.466,OUT049,Medium,Tier 1,Supermarket Type1,8.236443302,Food
FDV43,16,Low Fat,0.077290355,Fruits and Vegetables,44.5086,OUT017,Small,Tier 2,Supermarket Type1,6.571915482,Food
FDK58,11.35,Regular,0.078758649,Snack Foods,103.0016,OUT019,Small,Tier 1,Grocery Store,5.315190216,Food
FDL22,16.85,Low Fat,0.036359891,Snack Foods,90.7488,OUT013,High,Tier 3,Supermarket Type1,7.72520641,Food
FDP56,8.185,Low Fat,0.046747071,Fruits and Vegetables,49.9692,OUT017,Small,Tier 2,Supermarket Type1,6.731705692,Food
DRL47,19.7,Low Fat,0.038707694,Hard Drinks,125.9362,OUT049,Medium,Tier 1,Supermarket Type1,7.400541527,Drinks
NCT17,10.8,Non-Edible,0.041865848,Health and Hygiene,189.7214,OUT046,Small,Tier 1,Supermarket Type1,8.672839335,Non-Consumable
FDR12,12.6,Regular,0.031713126,Baking Goods,172.5764,OUT017,Small,Tier 2,Supermarket Type1,6.938922883,Food
FDD39,16.7,Low Fat,0.07044068,Dairy,216.885,OUT018,Medium,Tier 3,Supermarket Type2,8.744514404,Food
FDG04,13.1,Low Fat,0.006087409,Frozen Foods,185.0898,OUT018,Medium,Tier 3,Supermarket Type2,7.534708168,Food
FDV19,14.85,Regular,0.035456465,Fruits and Vegetables,162.2578,OUT017,Small,Tier 2,Supermarket Type1,8.213796123,Food
FDS55,7.02,Low Fat,0.142107998,Fruits and Vegetables,150.3734,OUT019,Small,Tier 1,Grocery Store,5.696914947,Food
FDM50,13,Regular,0.030064132,Canned,58.022,OUT013,High,Tier 3,Supermarket Type1,6.802205857,Food
DRF13,12.1,Low Fat,0.029781363,Soft Drinks,146.9444,OUT046,Small,Tier 1,Supermarket Type1,7.376250521,Drinks
FDJ48,11.3,Low Fat,0.056387854,Baking Goods,245.4118,OUT013,High,Tier 3,Supermarket Type1,8.805422904,Food
FDM20,10,Low Fat,0.038653608,Fruits and Vegetables,245.4144,OUT013,High,Tier 3,Supermarket Type1,8.868753542,Food
FDP24,20.6,Low Fat,0.083172413,Baking Goods,121.0756,OUT045,Small,Tier 2,Supermarket Type1,7.436887353,Food
FDC16,11.5,Regular,0.020565921,Dairy,86.054,OUT035,Small,Tier 2,Supermarket Type1,7.234079051,Food
NCB42,11.8,Non-Edible,0.008609602,Health and Hygiene,114.8492,OUT017,Small,Tier 2,Supermarket Type1,7.237915062,Non-Consumable
FDN01,8.895,Low Fat,0.121180705,Breakfast,177.037,OUT010,Small,Tier 3,Grocery Store,5.178615616,Food
FDT34,9.3,Low Fat,0.174703862,Snack Foods,104.0964,OUT045,Small,Tier 2,Supermarket Type1,7.489601445,Food
FDA52,16.2,Regular,0.127800388,Frozen Foods,177.037,OUT027,Medium,Tier 3,Supermarket Type3,8.431278377,Food
NCC18,19.1,Non-Edible,0.296713665,Household,171.8422,OUT010,Small,Tier 3,Grocery Store,6.942787618,Non-Consumable
NCR41,17.85,Non-Edible,0.018125948,Health and Hygiene,94.9094,OUT017,Small,Tier 2,Supermarket Type1,6.636832253,Non-Consumable
FDX23,6.445,Low Fat,0.029859711,Baking Goods,94.1436,OUT017,Small,Tier 2,Supermarket Type1,7.257816198,Food
FDP39,12.65,Low Fat,0.116203156,Meat,53.5324,OUT010,Small,Tier 3,Grocery Store,6.031788498,Food
NCH07,13.15,Non-Edible,0.09264951,Household,157.8604,OUT035,Small,Tier 2,Supermarket Type1,8.243821462,Non-Consumable
FDW47,15,Low Fat,0.081197035,Breads,121.7414,OUT019,Small,Tier 1,Grocery Store,5.904064549,Food
DRD13,15,Low Fat,0.049070183,Soft Drinks,61.9168,OUT035,Small,Tier 2,Supermarket Type1,6.643791816,Drinks
FDR48,11.65,Low Fat,0.131394793,Baking Goods,151.9024,OUT013,High,Tier 3,Supermarket Type1,7.421073633,Food
FDE17,20.1,Regular,0.05453008,Frozen Foods,152.2366,OUT010,Small,Tier 3,Grocery Store,5.024778801,Food
FDP60,17.35,Low Fat,0.055965898,Baking Goods,102.9016,OUT046,Small,Tier 1,Supermarket Type1,7.562073478,Food
FDD57,18.1,Low Fat,0.022526293,Fruits and Vegetables,95.0094,OUT017,Small,Tier 2,Supermarket Type1,7.447033773,Food
FDW13,8.5,Low Fat,0.163838951,Canned,51.3324,OUT010,Small,Tier 3,Grocery Store,5.744906504,Food
FDN24,14.1,Low Fat,0.11349714,Baking Goods,56.1956,OUT045,Small,Tier 2,Supermarket Type1,7.21956151,Food
FDJ34,11.8,Regular,0.094185483,Snack Foods,126.2704,OUT017,Small,Tier 2,Supermarket Type1,7.602763926,Food
FDD46,6.035,Low Fat,0.14113846,Snack Foods,155.0998,OUT013,High,Tier 3,Supermarket Type1,8.213976465,Food
FDF46,7.07,Low Fat,0.164006137,Snack Foods,113.2834,OUT019,Small,Tier 1,Grocery Store,6.357698409,Food
NCE43,12.5,Non-Edible,0.17314115,Household,168.4448,OUT010,Small,Tier 3,Grocery Store,5.144261349,Non-Consumable
FDN27,20.85,Low Fat,0.039555016,Meat,116.8808,OUT035,Small,Tier 2,Supermarket Type1,6.710846565,Food
FDW52,14,Regular,0.037580877,Frozen Foods,162.6526,OUT049,Medium,Tier 1,Supermarket Type1,8.36095277,Food
DRH03,17.25,Low Fat,0.035064318,Dairy,92.412,OUT046,Small,Tier 1,Supermarket Type1,7.174699807,Drinks
NCM29,11.5,Non-Edible,0.017678008,Health and Hygiene,129.2626,OUT045,Small,Tier 2,Supermarket Type1,7.441973432,Non-Consumable
FDR58,6.675,Low Fat,0.041986639,Snack Foods,93.2462,OUT049,Medium,Tier 1,Supermarket Type1,7.300971812,Food
FDY50,5.8,Low Fat,0.130955811,Dairy,90.3172,OUT046,Small,Tier 1,Supermarket Type1,7.199871008,Food
FDE16,8.895,Low Fat,0.026492726,Frozen Foods,208.4954,OUT017,Small,Tier 2,Supermarket Type1,8.740794558,Food
NCE31,7.67,Non-Edible,0.185130961,Household,32.9216,OUT049,Medium,Tier 1,Supermarket Type1,6.379388708,Non-Consumable
FDE53,10.895,Low Fat,0.026934673,Frozen Foods,106.128,OUT045,Small,Tier 2,Supermarket Type1,5.770144333,Food
DRK11,8.21,Low Fat,0.012390879,Hard Drinks,148.2392,OUT045,Small,Tier 2,Supermarket Type1,7.308135481,Drinks
DRH13,8.575,Low Fat,0.023866079,Soft Drinks,107.128,OUT013,High,Tier 3,Supermarket Type1,6.866674918,Drinks
FDA11,7.75,Low Fat,0.043414959,Baking Goods,93.1436,OUT018,Medium,Tier 3,Supermarket Type2,7.257816198,Food
DRL35,15.7,Low Fat,0.030554947,Hard Drinks,41.877,OUT027,Medium,Tier 3,Supermarket Type3,7.026606189,Drinks
DRF36,16.1,Low Fat,0.023463124,Soft Drinks,190.6846,OUT027,Medium,Tier 3,Supermarket Type3,9.164843928,Drinks
FDI07,12.35,Regular,0.033951827,Meat,197.2426,OUT017,Small,Tier 2,Supermarket Type1,7.995353468,Food
FDI32,17.7,Low Fat,0.174228338,Fruits and Vegetables,117.1834,OUT013,High,Tier 3,Supermarket Type1,6.539731032,Food
DRL60,8.52,Low Fat,0.027169589,Soft Drinks,151.0682,OUT018,Medium,Tier 3,Supermarket Type2,7.512409112,Drinks
NCY17,18.2,Non-Edible,0.1630653,Health and Hygiene,43.3086,OUT035,Small,Tier 2,Supermarket Type1,6.6324578,Non-Consumable
DRH36,16.2,Low Fat,0.058444176,Soft Drinks,73.0696,OUT019,Small,Tier 1,Grocery Store,5.414805342,Drinks
FDX02,16,Low Fat,0.057049301,Dairy,225.9404,OUT035,Small,Tier 2,Supermarket Type1,7.208779745,Food
FDG46,8.63,Regular,0.032960823,Snack Foods,115.0518,OUT049,Medium,Tier 1,Supermarket Type1,7.22053593,Food
FDM60,10.8,Regular,0.048233614,Baking Goods,40.7138,OUT017,Small,Tier 2,Supermarket Type1,6.009152194,Food
FDJ22,18.75,Low Fat,0.053025371,Snack Foods,192.5504,OUT018,Medium,Tier 3,Supermarket Type2,7.654563788,Food
FDU59,5.78,Low Fat,0.096306016,Breads,161.9552,OUT013,High,Tier 3,Supermarket Type1,7.65582502,Food
FDL38,13.8,Regular,0.014762987,Canned,90.7172,OUT045,Small,Tier 2,Supermarket Type1,7.199871008,Food
FDZ23,17.75,Regular,0.067446626,Baking Goods,184.724,OUT013,High,Tier 3,Supermarket Type1,7.425844062,Food
FDX52,11.5,Regular,0.042173667,Frozen Foods,194.682,OUT018,Medium,Tier 3,Supermarket Type2,7.748453121,Food
NCB42,11.8,Non-Edible,0.008578539,Health and Hygiene,117.6492,OUT045,Small,Tier 2,Supermarket Type1,7.055737257,Non-Consumable
NCU18,15.1,Non-Edible,0.056155909,Household,140.5496,OUT017,Small,Tier 2,Supermarket Type1,7.894632108,Non-Consumable
FDI32,17.7,Low Fat,0.305305397,Fruits and Vegetables,116.6834,OUT019,Small,Tier 1,Grocery Store,6.134988101,Food
DRZ11,8.85,Regular,0.112571187,Soft Drinks,122.0388,OUT013,High,Tier 3,Supermarket Type1,7.384551039,Drinks
NCL54,12.6,Non-Edible,0.083221904,Household,174.5054,OUT017,Small,Tier 2,Supermarket Type1,7.87381893,Non-Consumable
FDS19,13.8,Regular,0.064195136,Fruits and Vegetables,75.8012,OUT035,Small,Tier 2,Supermarket Type1,7.038360645,Food
DRB13,6.115,Regular,0.007055292,Soft Drinks,188.653,OUT049,Medium,Tier 1,Supermarket Type1,8.190439536,Drinks
DRI51,17.25,Low Fat,0.070703828,Dairy,170.3764,OUT010,Small,Tier 3,Grocery Store,5.842247344,Drinks
FDS57,15.5,Low Fat,0.102941345,Snack Foods,142.047,OUT027,Medium,Tier 3,Supermarket Type3,7.908678661,Food
FDT39,6.26,Regular,0.009887927,Meat,150.7366,OUT045,Small,Tier 2,Supermarket Type1,7.791186234,Food
FDH48,13.5,Low Fat,0.101231721,Baking Goods,86.254,OUT010,Small,Tier 3,Grocery Store,5.159675796,Food
NCB18,19.6,Non-Edible,0.069112952,Household,90.1514,OUT010,Small,Tier 3,Grocery Store,6.095277115,Non-Consumable
FDR25,17,Regular,0.138846289,Canned,263.7884,OUT027,Medium,Tier 3,Supermarket Type3,7.189878429,Food
FDV21,11.5,Low Fat,0.171050595,Snack Foods,126.3704,OUT035,Small,Tier 2,Supermarket Type1,8.263920893,Food
DRH23,14.65,Low Fat,0.202581773,Hard Drinks,54.9614,OUT049,Medium,Tier 1,Supermarket Type1,6.316467693,Drinks
FDS52,8.89,Low Fat,0.005496816,Frozen Foods,102.8016,OUT018,Medium,Tier 3,Supermarket Type2,6.920687299,Food
NCC31,8.02,Non-Edible,0.033259081,Household,154.2972,OUT010,Small,Tier 3,Grocery Store,6.995381833,Non-Consumable
FDU03,18.7,Regular,0.092095924,Meat,183.3292,OUT017,Small,Tier 2,Supermarket Type1,7.604755627,Food
FDG50,7.405,Low Fat,0.015295536,Canned,89.7146,OUT049,Medium,Tier 1,Supermarket Type1,6.306799967,Food
FDY31,5.98,Low Fat,0.043526599,Fruits and Vegetables,148.4418,OUT013,High,Tier 3,Supermarket Type1,7.76441014,Food
FDX39,14.3,Regular,0.049435598,Meat,209.7586,OUT027,Medium,Tier 3,Supermarket Type3,8.610414573,Food
FDE46,18.6,Low Fat,0.027610698,Snack Foods,149.5366,OUT019,Small,Tier 1,Grocery Store,6.406131191,Food
NCN29,15.2,Non-Edible,0.012141036,Health and Hygiene,48.7034,OUT045,Small,Tier 2,Supermarket Type1,6.524219359,Non-Consumable
DRF13,12.1,Low Fat,0.029949818,Soft Drinks,146.3444,OUT017,Small,Tier 2,Supermarket Type1,8.2360906,Drinks
FDT46,11.35,Low Fat,0.053939315,Snack Foods,52.1008,OUT019,Small,Tier 1,Grocery Store,3.943537176,Food
FDS58,9.285,Regular,0.021020065,Snack Foods,161.5578,OUT046,Small,Tier 1,Supermarket Type1,8.445541689,Food
FDX52,11.5,Regular,0.073541072,Frozen Foods,192.282,OUT019,Small,Tier 1,Grocery Store,5.958848376,Food
FDP27,8.155,Low Fat,0.199935881,Meat,188.453,OUT010,Small,Tier 3,Grocery Store,5.941501946,Food
FDX44,9.3,Low Fat,0.043033346,Fruits and Vegetables,89.4172,OUT049,Medium,Tier 1,Supermarket Type1,7.056885032,Food
DRO35,13.85,Low Fat,0.034570357,Hard Drinks,117.4492,OUT046,Small,Tier 1,Supermarket Type1,8.084802091,Drinks
FDC59,16.7,Regular,0.054739692,Starchy Foods,65.7168,OUT045,Small,Tier 2,Supermarket Type1,6.991715473,Food
FDB12,11.15,Regular,0.105471384,Baking Goods,105.8648,OUT049,Medium,Tier 1,Supermarket Type1,7.588035636,Food
FDU26,16.7,Regular,0.042610897,Dairy,117.2782,OUT035,Small,Tier 2,Supermarket Type1,6.57377681,Food
NCF30,17,Non-Edible,0.126758324,Household,124.5362,OUT018,Medium,Tier 3,Supermarket Type2,7.033088231,Non-Consumable
FDX20,7.365,Low Fat,0.042524835,Fruits and Vegetables,228.372,OUT013,High,Tier 3,Supermarket Type1,8.418132788,Food
FDN02,16.5,Low Fat,0.073813788,Canned,207.2638,OUT035,Small,Tier 2,Supermarket Type1,8.591309226,Food
DRC27,13.8,Low Fat,0.097251621,Dairy,245.7802,OUT010,Small,Tier 3,Grocery Store,5.508092761,Drinks
FDZ38,17.6,Low Fat,0.014008751,Dairy,171.3422,OUT019,Small,Tier 1,Grocery Store,6.760659157,Food
DRH25,18.7,Low Fat,0.02442574,Soft Drinks,52.9324,OUT010,Small,Tier 3,Grocery Store,3.969015628,Drinks
FDK21,7.905,Low Fat,0.010012319,Snack Foods,250.4408,OUT046,Small,Tier 1,Supermarket Type1,8.008062663,Food
FDT01,13.65,Regular,0.184454044,Canned,211.4902,OUT049,Medium,Tier 1,Supermarket Type1,8.303111903,Food
FDZ09,17.6,Low Fat,0.105042025,Snack Foods,163.8868,OUT049,Medium,Tier 1,Supermarket Type1,8.043325852,Food
DRL37,15.5,Low Fat,0.053589594,Soft Drinks,44.177,OUT018,Medium,Tier 3,Supermarket Type2,5.159675796,Drinks
FDN49,17.25,Regular,0.125734578,Breakfast,41.748,OUT018,Medium,Tier 3,Supermarket Type2,5.302010538,Food
FDC22,6.89,Regular,0.136705075,Snack Foods,194.882,OUT045,Small,Tier 2,Supermarket Type1,8.39883434,Food
FDT33,7.81,Regular,0.03412912,Snack Foods,165.1158,OUT018,Medium,Tier 3,Supermarket Type2,7.517126099,Food
NCB43,20.2,Non-Edible,0.100319317,Household,188.6898,OUT018,Medium,Tier 3,Supermarket Type2,8.122257375,Non-Consumable
DRI25,19.6,Low Fat,0.033737273,Soft Drinks,56.6614,OUT027,Medium,Tier 3,Supermarket Type3,6.411613649,Drinks
FDD21,10.3,Regular,0.030569229,Fruits and Vegetables,113.1176,OUT046,Small,Tier 1,Supermarket Type1,8.454513549,Food
FDS23,4.635,Low Fat,0.14086247,Breads,126.4994,OUT035,Small,Tier 2,Supermarket Type1,7.421472039,Food
FDS13,6.465,Low Fat,0.208397715,Canned,265.2884,OUT010,Small,Tier 3,Grocery Store,5.583452699,Food
DRI03,6.03,Low Fat,0.039751236,Dairy,176.9028,OUT019,Small,Tier 1,Grocery Store,6.56443533,Drinks
FDU58,6.61,Regular,0.033891765,Snack Foods,186.4898,OUT045,Small,Tier 2,Supermarket Type1,8.004511446,Food
FDL09,19.6,Regular,0.127416049,Snack Foods,167.4816,OUT027,Medium,Tier 3,Supermarket Type3,6.915415465,Food
FDS12,9.1,Low Fat,0.291438755,Baking Goods,126.8362,OUT010,Small,Tier 3,Grocery Store,4.84289649,Food
FDP03,5.15,Regular,0.06112617,Meat,122.5388,OUT013,High,Tier 3,Supermarket Type1,5.920281064,Food
FDI21,5.59,Regular,0.056328717,Snack Foods,63.9168,OUT027,Medium,Tier 3,Supermarket Type3,7.37708368,Food
FDW45,18,Low Fat,0.03901099,Snack Foods,147.7418,OUT046,Small,Tier 1,Supermarket Type1,8.323843949,Food
NCA18,10.1,Non-Edible,0.093862362,Household,115.9492,OUT010,Small,Tier 3,Grocery Store,5.449743194,Non-Consumable
FDN32,17.5,Low Fat,0.015485016,Fruits and Vegetables,185.6266,OUT027,Medium,Tier 3,Supermarket Type3,8.513289221,Food
FDR15,9.3,Regular,0.033276066,Meat,153.8314,OUT027,Medium,Tier 3,Supermarket Type3,8.222594884,Food
DRK11,8.21,Low Fat,0.010781158,Hard Drinks,149.9392,OUT049,Medium,Tier 1,Supermarket Type1,7.570345103,Drinks
DRG49,7.81,Low Fat,0.067730081,Soft Drinks,242.6486,OUT018,Medium,Tier 3,Supermarket Type2,7.696275092,Drinks
FDD29,12.15,Low Fat,0.018410515,Frozen Foods,252.1698,OUT046,Small,Tier 1,Supermarket Type1,7.733695917,Food
FDE33,19.35,Regular,0.083079826,Fruits and Vegetables,80.3644,OUT010,Small,Tier 3,Grocery Store,5.063409891,Food
FDJ58,15.6,Regular,0.176244038,Snack Foods,173.6764,OUT010,Small,Tier 3,Grocery Store,6.246744547,Food
FDM46,7.365,Low Fat,0.160216552,Snack Foods,93.512,OUT049,Medium,Tier 1,Supermarket Type1,7.425844062,Food
FDD23,9.5,Regular,0.048676324,Starchy Foods,187.7898,OUT035,Small,Tier 2,Supermarket Type1,7.629969782,Food
DRM35,9.695,Low Fat,0.070103425,Hard Drinks,179.4344,OUT027,Medium,Tier 3,Supermarket Type3,8.680898401,Drinks
DRC25,5.73,Low Fat,0.045556681,Soft Drinks,85.3882,OUT018,Medium,Tier 3,Supermarket Type2,7.161872553,Drinks
FDL36,15.1,Low Fat,0.076193763,Baking Goods,89.783,OUT049,Medium,Tier 1,Supermarket Type1,7.717829573,Food
FDD41,6.765,Regular,0.087187488,Frozen Foods,105.5306,OUT013,High,Tier 3,Supermarket Type1,7.358167621,Food
FDV19,14.85,Regular,0.035311852,Fruits and Vegetables,160.9578,OUT049,Medium,Tier 1,Supermarket Type1,8.479436079,Food
FDR44,6.11,Regular,0.103080901,Fruits and Vegetables,131.2968,OUT049,Medium,Tier 1,Supermarket Type1,7.579909644,Food
FDX50,20.1,Low Fat,0.075049323,Dairy,110.4228,OUT017,Small,Tier 2,Supermarket Type1,7.008711309,Food
DRC25,5.73,Low Fat,0.045463871,Soft Drinks,85.2882,OUT045,Small,Tier 2,Supermarket Type1,7.63158529,Drinks
FDA15,9.3,Low Fat,0.015944801,Dairy,249.5092,OUT027,Medium,Tier 3,Supermarket Type3,8.775740828,Food
FDX22,6.785,Regular,0.022974812,Snack Foods,208.7928,OUT046,Small,Tier 1,Supermarket Type1,8.681350506,Food
FDJ50,8.645,Low Fat,0.021629781,Canned,51.9982,OUT045,Small,Tier 2,Supermarket Type1,6.908121012,Food
FDT13,14.85,Low Fat,0.032516546,Canned,188.8214,OUT019,Small,Tier 1,Grocery Store,6.626301239,Food
FDN12,15.6,Low Fat,0.081036436,Baking Goods,112.3544,OUT013,High,Tier 3,Supermarket Type1,7.85308087,Food
FDD58,7.76,Low Fat,0.059472609,Snack Foods,98.77,OUT045,Small,Tier 2,Supermarket Type1,7.169588633,Food
FDM04,9.195,Regular,0.047081398,Frozen Foods,51.1666,OUT013,High,Tier 3,Supermarket Type1,7.073381406,Food
FDA23,9.8,Low Fat,0.047260402,Baking Goods,102.8016,OUT049,Medium,Tier 1,Supermarket Type1,7.562073478,Food
FDW28,18.25,Low Fat,0.148673586,Frozen Foods,197.2452,OUT010,Small,Tier 3,Grocery Store,5.281909491,Food
FDA45,21.25,Low Fat,0.156012631,Snack Foods,177.337,OUT018,Medium,Tier 3,Supermarket Type2,7.945906766,Food
NCO26,7.235,Non-Edible,0.077011493,Household,117.3492,OUT045,Small,Tier 2,Supermarket Type1,7.317902476,Non-Consumable
FDV26,20.25,Regular,0.07614605,Dairy,197.0794,OUT035,Small,Tier 2,Supermarket Type1,8.451674051,Food
FDC50,15.85,Low Fat,0.135836915,Canned,93.8094,OUT027,Medium,Tier 3,Supermarket Type3,8.08274807,Food
NCV05,10.1,Non-Edible,0.030062224,Health and Hygiene,154.3656,OUT027,Medium,Tier 3,Supermarket Type3,7.812964679,Non-Consumable
FDW48,18,Low Fat,0.008575615,Baking Goods,80.2618,OUT018,Medium,Tier 3,Supermarket Type2,6.470016535,Food
FDS55,7.02,Low Fat,0.081096635,Fruits and Vegetables,148.4734,OUT013,High,Tier 3,Supermarket Type1,8.178740242,Food
FDX32,15.1,Regular,0.100060762,Fruits and Vegetables,144.0786,OUT045,Small,Tier 2,Supermarket Type1,7.863887608,Food
FDC53,8.68,Low Fat,0.008834023,Frozen Foods,100.0384,OUT035,Small,Tier 2,Supermarket Type1,7.72638167,Food
FDG35,21.2,Regular,0.007069662,Starchy Foods,175.7738,OUT018,Medium,Tier 3,Supermarket Type2,7.556172736,Food
NCC30,16.6,Non-Edible,0.046161923,Household,176.6344,OUT010,Small,Tier 3,Grocery Store,5.880166439,Non-Consumable
NCZ17,12.15,Non-Edible,0.079592733,Health and Hygiene,37.3506,OUT045,Small,Tier 2,Supermarket Type1,6.471047461,Non-Consumable
FDZ56,16.25,Low Fat,0.025776994,Fruits and Vegetables,169.9474,OUT049,Medium,Tier 1,Supermarket Type1,7.960186028,Food
NCS05,11.5,Non-Edible,0.020960615,Health and Hygiene,133.2942,OUT013,High,Tier 3,Supermarket Type1,7.882648448,Non-Consumable
DRC25,5.73,Low Fat,0.056184992,Soft Drinks,87.3882,OUT027,Medium,Tier 3,Supermarket Type3,7.226362598,Drinks
FDW59,13.15,Low Fat,0.020715913,Breads,83.5566,OUT046,Small,Tier 1,Supermarket Type1,7.14625945,Food
FDB36,5.465,Regular,0.048801674,Baking Goods,132.1626,OUT017,Small,Tier 2,Supermarket Type1,7.361979567,Food
FDT37,14.15,Low Fat,0.041931874,Canned,253.7014,OUT045,Small,Tier 2,Supermarket Type1,8.676933739,Food
FDG47,12.8,Low Fat,0.069605676,Starchy Foods,261.9252,OUT035,Small,Tier 2,Supermarket Type1,8.514224549,Food
FDM45,8.655,Regular,0.088373591,Snack Foods,119.3756,OUT045,Small,Tier 2,Supermarket Type1,7.282834854,Food
FDQ40,11.1,Regular,0.035853059,Frozen Foods,176.8712,OUT027,Medium,Tier 3,Supermarket Type3,8.213976465,Food
FDF34,9.3,Regular,0.01404119,Snack Foods,199.1084,OUT049,Medium,Tier 1,Supermarket Type1,5.985991598,Food
FDP24,20.6,Low Fat,0.083473583,Baking Goods,120.8756,OUT017,Small,Tier 2,Supermarket Type1,7.100650735,Food
FDT55,13.6,Regular,0.076434542,Fruits and Vegetables,155.8946,OUT019,Small,Tier 1,Grocery Store,6.162016699,Food
FDH60,19.7,Regular,0.08073703,Baking Goods,197.011,OUT046,Small,Tier 1,Supermarket Type1,8.113722194,Food
FDF57,14.5,Regular,0.066232452,Fruits and Vegetables,169.6448,OUT035,Small,Tier 2,Supermarket Type1,7.623806938,Food
NCX29,10,Non-Edible,0.089152528,Health and Hygiene,147.7102,OUT046,Small,Tier 1,Supermarket Type1,6.083201532,Non-Consumable
FDD34,7.945,Low Fat,0.015863075,Snack Foods,161.821,OUT013,High,Tier 3,Supermarket Type1,7.802951069,Food
FDQ15,20.35,Regular,0.151308326,Meat,81.7276,OUT049,Medium,Tier 1,Supermarket Type1,7.616623238,Food
FDL12,15.85,Regular,0.121609722,Baking Goods,60.222,OUT035,Small,Tier 2,Supermarket Type1,6.292120839,Food
FDS22,16.85,Regular,0.023135131,Snack Foods,44.8428,OUT013,High,Tier 3,Supermarket Type1,6.556898803,Food
NCM29,11.5,Non-Edible,0.017714096,Health and Hygiene,132.9626,OUT018,Medium,Tier 3,Supermarket Type2,7.27502591,Non-Consumable
FDO24,11.1,Low Fat,0.195891883,Baking Goods,156.4604,OUT049,Medium,Tier 1,Supermarket Type1,7.773975547,Food
NCJ43,6.635,Non-Edible,0.027069402,Household,174.9396,OUT046,Small,Tier 1,Supermarket Type1,7.464736743,Non-Consumable
FDA37,7.81,Regular,0.055226755,Canned,123.1046,OUT046,Small,Tier 1,Supermarket Type1,6.771399559,Food
NCM07,9.395,Non-Edible,0.040124625,Others,85.1908,OUT018,Medium,Tier 3,Supermarket Type2,7.202849414,Non-Consumable
FDT49,7,Low Fat,0.151376958,Canned,108.228,OUT035,Small,Tier 2,Supermarket Type1,7.067156152,Food
FDP23,6.71,Low Fat,0.03558013,Breads,217.5166,OUT035,Small,Tier 2,Supermarket Type1,8.427935351,Food
DRF51,15.75,Low Fat,0.166513779,Dairy,38.0506,OUT018,Medium,Tier 3,Supermarket Type2,5.585952688,Drinks
NCZ41,19.85,Non-Edible,0.06478563,Health and Hygiene,123.7704,OUT017,Small,Tier 2,Supermarket Type1,7.825807658,Non-Consumable
DRJ11,9.5,Low Fat,0.085223447,Hard Drinks,189.2872,OUT049,Medium,Tier 1,Supermarket Type1,8.708109441,Drinks
FDP37,15.6,Low Fat,0.143915417,Breakfast,127.5994,OUT017,Small,Tier 2,Supermarket Type1,7.800772717,Food
FDT60,12,Low Fat,0.132275338,Baking Goods,123.8388,OUT019,Small,Tier 1,Grocery Store,4.827023305,Food
FDA09,13.35,Regular,0.149338159,Snack Foods,178.666,OUT035,Small,Tier 2,Supermarket Type1,7.494797222,Food
FDJ46,11.1,Low Fat,0.044823438,Snack Foods,174.2054,OUT046,Small,Tier 1,Supermarket Type1,7.563802384,Food
FDO48,15,Regular,0.02681843,Baking Goods,219.7456,OUT013,High,Tier 3,Supermarket Type1,8.037749432,Food
FDS59,14.8,Regular,0.04407225,Breads,109.057,OUT018,Medium,Tier 3,Supermarket Type2,7.264828843,Food
FDH44,19.1,Regular,0.025872153,Fruits and Vegetables,145.7418,OUT046,Small,Tier 1,Supermarket Type1,6.78428827,Food
NCM05,6.825,Non-Edible,0.059835659,Health and Hygiene,264.3226,OUT035,Small,Tier 2,Supermarket Type1,8.349995475,Non-Consumable
NCU06,17.6,Non-Edible,0.13027716,Household,228.001,OUT019,Small,Tier 1,Grocery Store,7.047086694,Non-Consumable
FDV13,17.35,Regular,0.027653795,Canned,88.0856,OUT049,Medium,Tier 1,Supermarket Type1,7.184844444,Food
FDA23,9.8,Low Fat,0.04714777,Baking Goods,102.4016,OUT013,High,Tier 3,Supermarket Type1,7.450908993,Food
FDJ60,19.35,Regular,0.062882112,Baking Goods,164.1184,OUT017,Small,Tier 2,Supermarket Type1,7.940232324,Food
FDN13,18.6,Low Fat,0.152294691,Breakfast,98.9358,OUT049,Medium,Tier 1,Supermarket Type1,7.319226978,Food
DRF49,7.27,Low Fat,0.071064499,Soft Drinks,114.4518,OUT035,Small,Tier 2,Supermarket Type1,7.22053593,Drinks
FDK20,12.6,Regular,0.041726942,Fruits and Vegetables,122.0072,OUT018,Medium,Tier 3,Supermarket Type2,7.293756454,Food
FDB27,7.575,Low Fat,0.055121892,Dairy,196.7768,OUT027,Medium,Tier 3,Supermarket Type3,8.684960007,Food
NCS18,12.65,Non-Edible,0.042211119,Household,108.6938,OUT046,Small,Tier 1,Supermarket Type1,7.240305119,Non-Consumable
FDZ49,11,Regular,0.132500853,Canned,220.3798,OUT027,Medium,Tier 3,Supermarket Type3,8.573595302,Food
FDN32,17.5,Low Fat,0.015557426,Fruits and Vegetables,184.7266,OUT035,Small,Tier 2,Supermarket Type1,7.702609951,Food
FDO37,8.06,Low Fat,0.021409913,Breakfast,229.7326,OUT049,Medium,Tier 1,Supermarket Type1,8.843900477,Food
NCD31,12.1,Non-Edible,0.015497337,Household,165.5526,OUT018,Medium,Tier 3,Supermarket Type2,8.14743434,Non-Consumable
NCV30,20.2,Non-Edible,0.065612808,Household,62.351,OUT027,Medium,Tier 3,Supermarket Type3,7.673936355,Non-Consumable
FDY49,17.2,Regular,0.012030747,Canned,166.6184,OUT049,Medium,Tier 1,Supermarket Type1,7.053437747,Food
FDM10,18.25,Low Fat,0.075603699,Snack Foods,215.1218,OUT027,Medium,Tier 3,Supermarket Type3,8.073037254,Food
FDT11,5.94,Regular,0.029372367,Breads,186.7556,OUT046,Small,Tier 1,Supermarket Type1,8.279917145,Food
FDD39,16.7,Low Fat,0.070096518,Dairy,217.885,OUT013,High,Tier 3,Supermarket Type1,8.267687697,Food
NCL31,7.39,Non-Edible,0.120258245,Others,141.547,OUT035,Small,Tier 2,Supermarket Type1,7.736897315,Non-Consumable
FDZ47,20.7,Regular,0.079281476,Baking Goods,100.1042,OUT035,Small,Tier 2,Supermarket Type1,6.795524327,Food
NCU18,15.1,Non-Edible,0.097768728,Household,142.4496,OUT019,Small,Tier 1,Grocery Store,6.337884286,Non-Consumable
FDJ58,15.6,Regular,0.104786172,Snack Foods,172.2764,OUT027,Medium,Tier 3,Supermarket Type3,7.344064835,Food
FDX12,18.2,Regular,0.043626605,Baking Goods,241.4196,OUT010,Small,Tier 3,Grocery Store,6.18009781,Food
FDV60,20.2,Regular,0.117839328,Baking Goods,195.211,OUT018,Medium,Tier 3,Supermarket Type2,7.765540243,Food
NCB19,6.525,Non-Edible,0.089858447,Household,84.5882,OUT027,Medium,Tier 3,Supermarket Type3,7.63158529,Non-Consumable
FDH45,15.1,Regular,0.185008985,Fruits and Vegetables,42.3796,OUT019,Small,Tier 1,Grocery Store,4.827023305,Food
FDB03,17.75,Regular,0.156701315,Dairy,240.7538,OUT013,High,Tier 3,Supermarket Type1,8.426769935,Food
FDI27,8.71,Regular,0.045967003,Dairy,43.5744,OUT017,Small,Tier 2,Supermarket Type1,6.212642969,Food
FDN22,18.85,Regular,0.139087683,Snack Foods,251.7724,OUT017,Small,Tier 2,Supermarket Type1,8.013365955,Food
FDQ37,20.75,Low Fat,0.089243789,Breakfast,192.0478,OUT035,Small,Tier 2,Supermarket Type1,8.444826177,Food
FDM02,12.5,Regular,0.073721115,Canned,85.6198,OUT035,Small,Tier 2,Supermarket Type1,6.415978077,Food
FDW38,5.325,Regular,0.138679995,Dairy,53.7298,OUT046,Small,Tier 1,Supermarket Type1,6.761430166,Food
FDP34,12.85,Low Fat,0.240268248,Snack Foods,156.463,OUT019,Small,Tier 1,Grocery Store,5.749157289,Food
FDY55,16.75,Low Fat,0.081428119,Fruits and Vegetables,255.3988,OUT046,Small,Tier 1,Supermarket Type1,8.439659321,Food
FDL34,16,Low Fat,0.040911824,Snack Foods,141.2496,OUT013,High,Tier 3,Supermarket Type1,8.128169303,Food
FDA09,13.35,Regular,0.149974858,Snack Foods,179.766,OUT018,Medium,Tier 3,Supermarket Type2,8.688332122,Food
FDM51,11.8,Regular,0.026072872,Meat,99.8674,OUT017,Small,Tier 2,Supermarket Type1,6.927238247,Food
FDI34,10.65,Regular,0.085482761,Snack Foods,231.4668,OUT018,Medium,Tier 3,Supermarket Type2,8.079040167,Food
NCD31,12.1,Non-Edible,0.015521768,Household,165.8526,OUT017,Small,Tier 2,Supermarket Type1,8.047381352,Non-Consumable
FDW33,9.395,Low Fat,0.099101845,Snack Foods,105.828,OUT035,Small,Tier 2,Supermarket Type1,7.441583112,Food
NCP05,19.6,Non-Edible,0.025281802,Health and Hygiene,152.0024,OUT035,Small,Tier 2,Supermarket Type1,7.967365305,Non-Consumable
FDL56,14.1,Low Fat,0.125675936,Fruits and Vegetables,86.9198,OUT013,High,Tier 3,Supermarket Type1,7.034262283,Food
FDN01,8.895,Low Fat,0.07204818,Breakfast,177.937,OUT027,Medium,Tier 3,Supermarket Type3,8.836670835,Food
FDA25,16.5,Regular,0.068263916,Canned,104.799,OUT045,Small,Tier 2,Supermarket Type1,7.122372988,Food
FDF08,14.3,Regular,0.109144085,Fruits and Vegetables,88.2856,OUT010,Small,Tier 3,Grocery Store,5.174856241,Food
FDH08,7.51,Low Fat,0.017425784,Fruits and Vegetables,227.901,OUT035,Small,Tier 2,Supermarket Type1,6.132100021,Food
DRH03,17.25,Low Fat,0.035118834,Dairy,93.412,OUT049,Medium,Tier 1,Supermarket Type1,6.83853381,Drinks
FDQ31,5.785,Regular,0.054066567,Fruits and Vegetables,87.0856,OUT018,Medium,Tier 3,Supermarket Type2,7.24933559,Food
FDO10,13.65,Regular,0.012823829,Snack Foods,55.5588,OUT017,Small,Tier 2,Supermarket Type1,6.821261005,Food
FDT39,6.26,Regular,0.009883257,Meat,149.8366,OUT049,Medium,Tier 1,Supermarket Type1,7.583642256,Food
FDM22,14,Regular,0.041754584,Snack Foods,53.464,OUT027,Medium,Tier 3,Supermarket Type3,7.37708368,Food
FDR21,19.7,Low Fat,0.112036236,Snack Foods,174.937,OUT010,Small,Tier 3,Grocery Store,6.783534692,Food
FDQ01,19.7,Regular,0.161610636,Canned,255.2014,OUT017,Small,Tier 2,Supermarket Type1,8.180606436,Food
FDZ03,13.65,Regular,0.078909166,Dairy,186.724,OUT049,Medium,Tier 1,Supermarket Type1,8.40630096,Food
NCK05,20.1,Non-Edible,0.077769768,Health and Hygiene,63.0536,OUT018,Medium,Tier 3,Supermarket Type2,6.888631173,Non-Consumable
FDW55,12.6,Regular,0.021951613,Fruits and Vegetables,250.9092,OUT013,High,Tier 3,Supermarket Type1,8.462140164,Food
FDF47,20.85,Low Fat,0.097770004,Starchy Foods,222.8746,OUT049,Medium,Tier 1,Supermarket Type1,8.186184212,Food
DRO59,11.8,Low Fat,0.094817105,Hard Drinks,77.9012,OUT019,Small,Tier 1,Grocery Store,4.342521481,Drinks
NCM55,15.6,Non-Edible,0.066726133,Others,185.8924,OUT046,Small,Tier 1,Supermarket Type1,8.165578452,Non-Consumable
FDY31,5.98,Low Fat,0.043809261,Fruits and Vegetables,146.8418,OUT017,Small,Tier 2,Supermarket Type1,7.476869584,Food
FDJ57,7.42,Regular,0.024037945,Seafood,184.3582,OUT019,Small,Tier 1,Grocery Store,5.229814732,Food
FDV51,16.35,Low Fat,0.032671446,Meat,165.4842,OUT018,Medium,Tier 3,Supermarket Type2,7.308581511,Food
DRG36,14.15,Low Fat,0.095378221,Soft Drinks,170.5106,OUT046,Small,Tier 1,Supermarket Type1,7.781784815,Drinks
DRF13,12.1,Low Fat,0.029860657,Soft Drinks,145.1444,OUT013,High,Tier 3,Supermarket Type1,8.113522832,Drinks
NCJ54,9.895,Non-Edible,0.060188932,Household,233.0642,OUT045,Small,Tier 2,Supermarket Type1,8.706568015,Non-Consumable
NCP42,8.51,Non-Edible,0.016135764,Household,195.6478,OUT049,Medium,Tier 1,Supermarket Type1,8.357834346,Non-Consumable
NCF30,17,Non-Edible,0.126220187,Household,126.7362,OUT035,Small,Tier 2,Supermarket Type1,7.138360523,Non-Consumable
FDY44,14.15,Regular,0.024286378,Fruits and Vegetables,194.711,OUT027,Medium,Tier 3,Supermarket Type3,8.681576482,Food
FDX09,9,Low Fat,0.065350715,Snack Foods,175.437,OUT049,Medium,Tier 1,Supermarket Type1,8.063650455,Food
NCU30,5.11,Non-Edible,0.035071955,Household,163.221,OUT017,Small,Tier 2,Supermarket Type1,7.928066149,Non-Consumable
FDU49,19.5,Regular,0.030742083,Canned,85.554,OUT049,Medium,Tier 1,Supermarket Type1,7.100650735,Food
FDC48,9.195,Low Fat,0.015949001,Baking Goods,84.1592,OUT017,Small,Tier 2,Supermarket Type1,7.122372988,Food
FDJ21,16.7,Regular,0.038496166,Snack Foods,147.5102,OUT013,High,Tier 3,Supermarket Type1,8.620072399,Food
NCX41,19,Non-Edible,0.017746826,Health and Hygiene,210.8244,OUT049,Medium,Tier 1,Supermarket Type1,7.840585595,Non-Consumable
FDT36,12.3,Low Fat,0.111274591,Baking Goods,35.0874,OUT046,Small,Tier 1,Supermarket Type1,6.130652847,Food
FDK28,5.695,Low Fat,0.065272284,Frozen Foods,256.1646,OUT027,Medium,Tier 3,Supermarket Type3,8.116906592,Food
DRI49,14.15,Low Fat,0.183472595,Soft Drinks,82.0276,OUT035,Small,Tier 2,Supermarket Type1,7.393602729,Drinks
NCM54,17.7,Non-Edible,0.08918772,Household,128.9678,OUT019,Small,Tier 1,Grocery Store,5.542578758,Non-Consumable
FDD48,10.395,Low Fat,0.030281543,Baking Goods,116.3176,OUT018,Medium,Tier 3,Supermarket Type2,7.139417325,Food
NCF30,17,Non-Edible,0.211306673,Household,125.1362,OUT010,Small,Tier 3,Grocery Store,5.532093788,Non-Consumable
FDX03,15.85,Regular,0.061190964,Meat,47.1744,OUT049,Medium,Tier 1,Supermarket Type1,6.90478768,Food
FDZ33,10.195,Low Fat,0.107307677,Snack Foods,149.8076,OUT013,High,Tier 3,Supermarket Type1,7.704412564,Food
FDB39,11.6,Low Fat,0.067441726,Dairy,57.4272,OUT019,Small,Tier 1,Grocery Store,4.726098492,Food
DRM11,6.57,Low Fat,0.066338717,Hard Drinks,261.4278,OUT018,Medium,Tier 3,Supermarket Type2,8.334770381,Drinks
DRE48,8.43,Low Fat,0.017326417,Soft Drinks,195.3768,OUT017,Small,Tier 2,Supermarket Type1,7.363669112,Drinks
NCL31,7.39,Non-Edible,0.120524922,Others,142.247,OUT045,Small,Tier 2,Supermarket Type1,7.797496265,Non-Consumable
FDB11,16,Low Fat,0.061192211,Starchy Foods,224.1404,OUT017,Small,Tier 2,Supermarket Type1,8.461013959,Food
FDX14,13.1,Low Fat,0.075056542,Dairy,76.0354,OUT049,Medium,Tier 1,Supermarket Type1,6.40172348,Food
NCM29,11.5,Non-Edible,0.017556795,Health and Hygiene,129.9626,OUT027,Medium,Tier 3,Supermarket Type3,8.134827505,Non-Consumable
FDH47,13.5,Regular,0.129077455,Starchy Foods,95.2068,OUT045,Small,Tier 2,Supermarket Type1,6.370313227,Food
FDG09,20.6,Regular,0.047896393,Fruits and Vegetables,185.8556,OUT013,High,Tier 3,Supermarket Type1,7.432957305,Food
FDP25,15.2,Low Fat,0.021240491,Canned,216.9824,OUT049,Medium,Tier 1,Supermarket Type1,8.477498228,Food
FDY27,6.38,Low Fat,0.031743707,Dairy,179.1344,OUT027,Medium,Tier 3,Supermarket Type3,7.38206811,Food
DRM59,5.88,Low Fat,0.003612411,Hard Drinks,154.1998,OUT017,Small,Tier 2,Supermarket Type1,8.171428627,Drinks
DRI03,6.03,Low Fat,0.022796178,Dairy,178.1028,OUT018,Medium,Tier 3,Supermarket Type2,7.256877452,Drinks
FDY03,17.6,Regular,0.133279499,Meat,112.6202,OUT019,Small,Tier 1,Grocery Store,6.51637235,Food
NCV17,18.85,Non-Edible,0.016132592,Health and Hygiene,130.2626,OUT049,Medium,Tier 1,Supermarket Type1,8.01226342,Non-Consumable
NCJ17,7.68,Non-Edible,0.152429537,Health and Hygiene,85.5224,OUT013,High,Tier 3,Supermarket Type1,7.154096472,Non-Consumable
NCP54,15.35,Non-Edible,0.035348491,Household,124.673,OUT017,Small,Tier 2,Supermarket Type1,7.64728067,Non-Consumable
FDZ15,13.1,Low Fat,0.020903193,Dairy,119.2782,OUT049,Medium,Tier 1,Supermarket Type1,8.039039061,Food
NCR05,10.1,Non-Edible,0.054853377,Health and Hygiene,198.6084,OUT018,Medium,Tier 3,Supermarket Type2,7.688680892,Non-Consumable
FDX03,15.85,Regular,0.106971167,Meat,44.7744,OUT019,Small,Tier 1,Grocery Store,4.918689581,Food
FDQ12,12.65,Low Fat,0.035482562,Baking Goods,231.401,OUT045,Small,Tier 2,Supermarket Type1,7.835069429,Food
FDC21,14.6,Regular,0.042923071,Fruits and Vegetables,109.8254,OUT013,High,Tier 3,Supermarket Type1,7.395648555,Food
FDQ40,11.1,Regular,0.036174285,Frozen Foods,176.0712,OUT018,Medium,Tier 3,Supermarket Type2,7.367039662,Food
FDI07,12.35,Regular,0.033597374,Meat,197.2426,OUT027,Medium,Tier 3,Supermarket Type3,8.059870925,Food
FDQ25,8.63,Regular,0.028320655,Canned,172.5422,OUT049,Medium,Tier 1,Supermarket Type1,7.715457446,Food
NCK18,9.6,Non-Edible,0.00760067,Household,163.9184,OUT035,Small,Tier 2,Supermarket Type1,8.364992236,Non-Consumable
DRI25,19.6,Low Fat,0.056744064,Soft Drinks,55.6614,OUT010,Small,Tier 3,Grocery Store,5.116700761,Drinks
DRA24,19.35,Regular,0.039990314,Soft Drinks,165.0868,OUT049,Medium,Tier 1,Supermarket Type1,6.891342117,Drinks
FDA32,14,Low Fat,0.030155224,Fruits and Vegetables,214.7192,OUT045,Small,Tier 2,Supermarket Type1,8.013365955,Food
FDE59,12.15,Low Fat,0.062541552,Starchy Foods,34.3532,OUT018,Medium,Tier 3,Supermarket Type2,5.532093788,Food
FDY59,8.195,Low Fat,0.031403441,Baking Goods,93.8462,OUT046,Small,Tier 1,Supermarket Type1,6.475160569,Food
FDQ20,8.325,Low Fat,0.029845243,Fruits and Vegetables,41.6138,OUT045,Small,Tier 2,Supermarket Type1,5.653529341,Food
FDB21,7.475,Low Fat,0.149125615,Fruits and Vegetables,241.6854,OUT018,Medium,Tier 3,Supermarket Type2,8.706678196,Food
FDB41,19,Regular,0.170382726,Frozen Foods,45.2718,OUT019,Small,Tier 1,Grocery Store,3.876847539,Food
DRG11,6.385,Low Fat,0.083768522,Hard Drinks,109.8596,OUT013,High,Tier 3,Supermarket Type1,8.082336759,Drinks
FDV10,7.645,Regular,0.116793684,Snack Foods,41.0112,OUT019,Small,Tier 1,Grocery Store,3.775313998,Food
FDI41,18.5,Regular,0.062205112,Frozen Foods,148.3418,OUT013,High,Tier 3,Supermarket Type1,7.476869584,Food
FDN10,11.5,Low Fat,0.0463847,Snack Foods,118.9124,OUT017,Small,Tier 2,Supermarket Type1,7.340615815,Food
NCM17,7.93,Non-Edible,0.071425647,Health and Hygiene,45.9086,OUT018,Medium,Tier 3,Supermarket Type2,6.97691411,Non-Consumable
DRG37,16.2,Low Fat,0.033929133,Soft Drinks,154.3972,OUT019,Small,Tier 1,Grocery Store,5.744906504,Drinks
FDA21,13.65,Low Fat,0.036033639,Snack Foods,183.7924,OUT045,Small,Tier 2,Supermarket Type1,7.860298323,Food
FDM27,12.35,Regular,0.158337479,Meat,157.9946,OUT013,High,Tier 3,Supermarket Type1,8.106118358,Food
FDA32,14,Low Fat,0.030140981,Fruits and Vegetables,216.0192,OUT049,Medium,Tier 1,Supermarket Type1,7.859270442,Food
NCZ53,9.6,Non-Edible,0.024515221,Health and Hygiene,189.2214,OUT049,Medium,Tier 1,Supermarket Type1,8.283456076,Non-Consumable
FDW40,14,Regular,0.105125569,Frozen Foods,143.2812,OUT035,Small,Tier 2,Supermarket Type1,8.095009381,Food
FDS52,8.89,Low Fat,0.00547348,Frozen Foods,100.5016,OUT035,Small,Tier 2,Supermarket Type1,7.182823733,Food
FDM58,16.85,Regular,0.133385398,Snack Foods,109.8544,OUT010,Small,Tier 3,Grocery Store,5.414805342,Food
NCE54,20.7,Non-Edible,0.047098175,Household,75.5354,OUT019,Small,Tier 1,Grocery Store,5.020392867,Non-Consumable
FDS11,7.05,Regular,0.055548003,Breads,225.3088,OUT035,Small,Tier 2,Supermarket Type1,8.668613656,Food
FDL20,17.1,Low Fat,0.128614205,Fruits and Vegetables,111.6886,OUT049,Medium,Tier 1,Supermarket Type1,7.350927391,Food
FDX13,7.725,Low Fat,0.047551568,Canned,249.1092,OUT027,Medium,Tier 3,Supermarket Type3,9.014119092,Food
FDR21,19.7,Low Fat,0.066879757,Snack Foods,174.437,OUT013,High,Tier 3,Supermarket Type1,7.370818001,Food
FDV28,16.1,Regular,0.160379061,Frozen Foods,33.6558,OUT018,Medium,Tier 3,Supermarket Type2,5.321715483,Food
FDZ51,11.3,Regular,0.054861393,Meat,96.9094,OUT017,Small,Tier 2,Supermarket Type1,6.859713535,Food
FDD46,6.035,Low Fat,0.141542481,Snack Foods,153.1998,OUT045,Small,Tier 2,Supermarket Type1,7.338886834,Food
FDE23,17.6,Regular,0.053397642,Starchy Foods,46.706,OUT018,Medium,Tier 3,Supermarket Type2,6.551208898,Food
NCF55,6.675,Non-Edible,0.021710275,Household,34.9874,OUT045,Small,Tier 2,Supermarket Type1,5.513476326,Non-Consumable
FDU12,15.5,Regular,0.075688032,Baking Goods,262.9568,OUT013,High,Tier 3,Supermarket Type1,7.52110009,Food
FDZ22,9.395,Low Fat,0.045340279,Snack Foods,85.025,OUT049,Medium,Tier 1,Supermarket Type1,7.640904118,Food
FDI44,16.1,Low Fat,0.100149459,Fruits and Vegetables,78.4328,OUT013,High,Tier 3,Supermarket Type1,7.055737257,Food
FDH50,15,Regular,0.162348584,Canned,185.9266,OUT017,Small,Tier 2,Supermarket Type1,8.436344242,Food
FDE57,9.6,Low Fat,0.036341539,Fruits and Vegetables,142.9154,OUT049,Medium,Tier 1,Supermarket Type1,8.090326964,Food
DRJ51,14.1,Low Fat,0.087920675,Dairy,228.5668,OUT013,High,Tier 3,Supermarket Type1,7.049978538,Drinks
FDX52,11.5,Regular,0.042087749,Frozen Foods,192.682,OUT045,Small,Tier 2,Supermarket Type1,8.259106167,Food
DRN47,12.1,Low Fat,0.016921927,Hard Drinks,178.366,OUT017,Small,Tier 2,Supermarket Type1,8.369941591,Drinks
FDT21,7.42,Low Fat,0.020423549,Snack Foods,249.0092,OUT049,Medium,Tier 1,Supermarket Type1,8.002731097,Food
FDY21,15.1,Low Fat,0.173833129,Snack Foods,196.511,OUT045,Small,Tier 2,Supermarket Type1,8.458475351,Food
FDG21,17.35,Regular,0.256152243,Seafood,151.005,OUT019,Small,Tier 1,Grocery Store,5.015987612,Food
FDS58,9.285,Regular,0.021002641,Snack Foods,161.1578,OUT035,Small,Tier 2,Supermarket Type1,8.29715606,Food
FDA26,7.855,Regular,0.087688251,Dairy,220.1482,OUT018,Medium,Tier 3,Supermarket Type2,8.434031602,Food
FDY16,18.35,Regular,0.091780142,Frozen Foods,182.5266,OUT027,Medium,Tier 3,Supermarket Type3,8.772754522,Food
FDF20,12.85,Low Fat,0.033220169,Fruits and Vegetables,196.6768,OUT046,Small,Tier 1,Supermarket Type1,7.923013205,Food
FDI15,13.8,Low Fat,0.141234932,Dairy,263.7884,OUT013,High,Tier 3,Supermarket Type1,8.624388175,Food
FDC47,15,Low Fat,0.19899855,Snack Foods,226.5694,OUT010,Small,Tier 3,Grocery Store,6.818352973,Food
FDL08,10.8,Low Fat,0.049709624,Fruits and Vegetables,246.8144,OUT035,Small,Tier 2,Supermarket Type1,7.804310133,Food
FDF08,14.3,Regular,0.065153295,Fruits and Vegetables,88.4856,OUT013,High,Tier 3,Supermarket Type1,7.24933559,Food
FDN03,9.8,Regular,0.015087112,Meat,250.1408,OUT035,Small,Tier 2,Supermarket Type1,8.29566154,Food
FDG34,11.5,Regular,0.037782943,Snack Foods,106.6254,OUT017,Small,Tier 2,Supermarket Type1,5.788663306,Food
FDA56,9.21,Low Fat,0.008782561,Fruits and Vegetables,119.8414,OUT045,Small,Tier 2,Supermarket Type1,7.20136132,Food
NCI17,8.645,Non-Edible,0.142728113,Health and Hygiene,95.141,OUT027,Medium,Tier 3,Supermarket Type3,7.828462643,Non-Consumable
NCO17,10,Non-Edible,0.073493831,Health and Hygiene,118.344,OUT049,Medium,Tier 1,Supermarket Type1,7.494797222,Non-Consumable
FDK55,18.5,Low Fat,0.025907416,Meat,87.7172,OUT017,Small,Tier 2,Supermarket Type1,6.689543049,Food
FDD10,20.6,Regular,0.046280998,Snack Foods,177.4344,OUT017,Small,Tier 2,Supermarket Type1,7.582625652,Food
NCH18,9.3,Non-Edible,0.044624064,Household,245.4802,OUT013,High,Tier 3,Supermarket Type1,8.069293101,Non-Consumable
NCA53,11.395,Non-Edible,0.009898492,Health and Hygiene,48.8034,OUT045,Small,Tier 2,Supermarket Type1,6.657567302,Non-Consumable
DRJ24,11.8,Low Fat,0.189689886,Soft Drinks,184.3924,OUT010,Small,Tier 3,Grocery Store,5.916700052,Drinks
DRN35,8.01,Low Fat,0.070189131,Hard Drinks,37.9532,OUT013,High,Tier 3,Supermarket Type1,6.71892088,Drinks
FDC47,15,Low Fat,0.119374946,Snack Foods,229.3694,OUT018,Medium,Tier 3,Supermarket Type2,8.522205966,Food
FDN48,13.35,Low Fat,0.065215312,Baking Goods,93.4804,OUT018,Medium,Tier 3,Supermarket Type2,7.006300946,Food
FDR27,15.1,Regular,0.095635061,Meat,130.7942,OUT027,Medium,Tier 3,Supermarket Type3,8.022361185,Food
FDS33,6.67,Regular,0.216107535,Snack Foods,86.8514,OUT019,Small,Tier 1,Grocery Store,5.872696777,Food
DRL11,10.5,Low Fat,0.048009081,Hard Drinks,157.0946,OUT035,Small,Tier 2,Supermarket Type1,7.700804083,Drinks
FDQ21,21.25,Low Fat,0.019533098,Snack Foods,120.4756,OUT017,Small,Tier 2,Supermarket Type1,7.570345103,Food
FDY37,17,Regular,0.026568875,Canned,142.047,OUT046,Small,Tier 1,Supermarket Type1,8.055232015,Food
FDS35,9.3,Low Fat,0.111127966,Breads,63.1826,OUT013,High,Tier 3,Supermarket Type1,7.60243159,Food
DRD60,15.7,Low Fat,0.03723211,Soft Drinks,183.1634,OUT046,Small,Tier 1,Supermarket Type1,8.636870503,Drinks
DRP47,15.75,Low Fat,0.140603316,Hard Drinks,252.8382,OUT046,Small,Tier 1,Supermarket Type1,8.749804581,Drinks
NCY41,16.75,Non-Edible,0.075368868,Health and Hygiene,35.2532,OUT027,Medium,Tier 3,Supermarket Type3,6.879084574,Non-Consumable
FDR59,14.5,Regular,0.063962842,Breads,263.1594,OUT049,Medium,Tier 1,Supermarket Type1,7.870010854,Food
FDM36,11.65,Regular,0.102830104,Baking Goods,172.6422,OUT019,Small,Tier 1,Grocery Store,5.846104615,Food
NCI42,18.75,Non-Edible,0.01031535,Household,208.4954,OUT027,Medium,Tier 3,Supermarket Type3,8.230075546,Non-Consumable
FDA31,7.1,Low Fat,0.110633958,Fruits and Vegetables,173.808,OUT017,Small,Tier 2,Supermarket Type1,7.100650735,Food
FDY33,14.5,Regular,0.109436604,Snack Foods,159.3262,OUT035,Small,Tier 2,Supermarket Type1,7.960418424,Food
FDV40,17.35,Low Fat,0.014721579,Frozen Foods,73.1038,OUT045,Small,Tier 2,Supermarket Type1,6.788797854,Food
NCW17,18,Non-Edible,0.019465205,Health and Hygiene,128.6994,OUT018,Medium,Tier 3,Supermarket Type2,7.800772717,Non-Consumable
FDN38,6.615,Regular,0.091895319,Canned,248.6408,OUT013,High,Tier 3,Supermarket Type1,8.162165804,Food
FDQ11,5.695,Regular,0.118535581,Breads,256.3988,OUT019,Small,Tier 1,Grocery Store,5.552954934,Food
FDG34,11.5,Regular,0.037646623,Snack Foods,107.5254,OUT045,Small,Tier 2,Supermarket Type1,5.788663306,Food
NCN14,19.1,Non-Edible,0.092060694,Others,183.7608,OUT049,Medium,Tier 1,Supermarket Type1,8.47194073,Non-Consumable
FDY46,18.6,Low Fat,0.04765803,Snack Foods,188.3898,OUT027,Medium,Tier 3,Supermarket Type3,8.563984101,Food
FDS11,7.05,Regular,0.05587277,Breads,222.1088,OUT017,Small,Tier 2,Supermarket Type1,8.300965272,Food
NCA53,11.395,Non-Edible,0.017295906,Health and Hygiene,47.1034,OUT019,Small,Tier 1,Grocery Store,4.989140596,Non-Consumable
NCN30,16.35,Non-Edible,0.02844314,Household,98.141,OUT010,Small,Tier 3,Grocery Store,5.958848376,Non-Consumable
FDW32,18.35,Regular,0.094296835,Fruits and Vegetables,84.3882,OUT046,Small,Tier 1,Supermarket Type1,7.018891026,Food
NCR42,9.105,Non-Edible,0.064410783,Household,33.39,OUT010,Small,Tier 3,Grocery Store,3.534853766,Non-Consumable
FDU33,7.63,Regular,0.134684292,Snack Foods,47.0402,OUT035,Small,Tier 2,Supermarket Type1,7.293756454,Food
FDN15,17.5,Low Fat,0.029299175,Meat,140.318,OUT019,Small,Tier 1,Grocery Store,4.947468276,Food
FDD51,11.15,Low Fat,0.210021713,Dairy,44.2744,OUT019,Small,Tier 1,Grocery Store,4.516872163,Food
FDF14,7.55,Low Fat,0.027224917,Canned,152.934,OUT045,Small,Tier 2,Supermarket Type1,7.804310133,Food
NCN19,13.1,Non-Edible,0.021184746,Others,189.553,OUT019,Small,Tier 1,Grocery Store,5.941501946,Non-Consumable
NCO43,5.5,Non-Edible,0.047059016,Others,100.1016,OUT013,High,Tier 3,Supermarket Type1,7.662107431,Non-Consumable
FDT19,7.59,Regular,0.14526636,Fruits and Vegetables,172.908,OUT049,Medium,Tier 1,Supermarket Type1,8.737595068,Food
DRK12,9.5,Low Fat,0.041851461,Soft Drinks,31.49,OUT013,High,Tier 3,Supermarket Type1,6.146457729,Drinks
DRM49,6.11,Regular,0.152262171,Soft Drinks,44.4086,OUT045,Small,Tier 2,Supermarket Type1,7.056885032,Drinks
FDX43,5.655,Low Fat,0.085757338,Fruits and Vegetables,164.75,OUT017,Small,Tier 2,Supermarket Type1,7.312586853,Food
FDS14,7.285,Low Fat,0.049954435,Dairy,156.5288,OUT035,Small,Tier 2,Supermarket Type1,7.765540243,Food
NCK07,10.65,Non-Edible,0.048762383,Others,165.2526,OUT049,Medium,Tier 1,Supermarket Type1,8.280929547,Non-Consumable
FDO19,17.7,Regular,0.017998205,Fruits and Vegetables,46.8034,OUT017,Small,Tier 2,Supermarket Type1,6.829214759,Food
FDH32,12.8,Low Fat,0.075996742,Fruits and Vegetables,97.141,OUT013,High,Tier 3,Supermarket Type1,7.937620737,Food
NCZ41,19.85,Non-Edible,0.06452855,Health and Hygiene,126.1704,OUT018,Medium,Tier 3,Supermarket Type2,7.538258676,Non-Consumable
FDL32,15.7,Regular,0.204984538,Fruits and Vegetables,111.0544,OUT010,Small,Tier 3,Grocery Store,5.414805342,Food
FDC44,15.6,Low Fat,0.173573164,Fruits and Vegetables,114.4518,OUT017,Small,Tier 2,Supermarket Type1,7.779838208,Food
FDQ59,9.8,Regular,0.056339618,Breads,84.2908,OUT013,High,Tier 3,Supermarket Type1,6.628064127,Food
NCO54,19.5,Non-Edible,0.014262413,Household,57.1614,OUT013,High,Tier 3,Supermarket Type1,5.806845553,Non-Consumable
DRH36,16.2,Low Fat,0.03338006,Soft Drinks,74.0696,OUT046,Small,Tier 1,Supermarket Type1,7.256877452,Drinks
FDY35,17.6,Regular,0.016024651,Breads,44.0402,OUT035,Small,Tier 2,Supermarket Type1,6.393962925,Food
FDA46,13.6,Low Fat,0.11830085,Snack Foods,196.2136,OUT017,Small,Tier 2,Supermarket Type1,7.573087176,Food
NCL18,18.85,Non-Edible,0.167552202,Household,193.1136,OUT035,Small,Tier 2,Supermarket Type1,7.755323046,Non-Consumable
FDL57,15.1,Regular,0.067181098,Snack Foods,258.8304,OUT049,Medium,Tier 1,Supermarket Type1,8.59894614,Food
NCP50,17.35,Non-Edible,0.0231321,Others,79.2618,OUT018,Medium,Tier 3,Supermarket Type2,6.874965109,Non-Consumable
FDZ25,15.7,Regular,0.027619404,Canned,169.879,OUT019,Small,Tier 1,Grocery Store,5.830585449,Food
FDH24,20.7,Low Fat,0.021431134,Baking Goods,157.0288,OUT046,Small,Tier 1,Supermarket Type1,7.696577664,Food
FDQ26,13.5,Regular,0.068256316,Dairy,60.9562,OUT017,Small,Tier 2,Supermarket Type1,6.280968334,Food
NCK17,11,Non-Edible,0.03792186,Health and Hygiene,40.348,OUT019,Small,Tier 1,Grocery Store,4.393164379,Non-Consumable
FDO46,9.6,Regular,0.014143673,Snack Foods,187.3872,OUT027,Medium,Tier 3,Supermarket Type3,7.950610994,Food
FDW50,13.1,Low Fat,0.075563757,Dairy,168.1158,OUT035,Small,Tier 2,Supermarket Type1,7.604092167,Food
FDD29,12.15,Low Fat,0.018439138,Frozen Foods,254.7698,OUT049,Medium,Tier 1,Supermarket Type1,8.531962782,Food
FDU26,16.7,Regular,0.074620291,Dairy,120.1782,OUT019,Small,Tier 1,Grocery Store,5.882025169,Food
FDX04,19.6,Regular,0.041370245,Frozen Foods,46.2376,OUT027,Medium,Tier 3,Supermarket Type3,6.704339842,Food
FDH31,12,Regular,0.020312314,Meat,98.1042,OUT027,Medium,Tier 3,Supermarket Type3,7.929744805,Food
FDJ45,17.75,Low Fat,0.128532558,Seafood,34.2216,OUT019,Small,Tier 1,Grocery Store,5.159675796,Food
FDX55,15.1,Low Fat,0.055195461,Fruits and Vegetables,216.1166,OUT035,Small,Tier 2,Supermarket Type1,8.518888114,Food
FDR02,16.7,Low Fat,0.022065676,Dairy,110.5886,OUT046,Small,Tier 1,Supermarket Type1,7.350927391,Food
NCP55,14.65,Non-Edible,0.011212719,Others,55.6614,OUT045,Small,Tier 2,Supermarket Type1,6.957465591,Non-Consumable
FDT28,13.3,Low Fat,0.063925726,Frozen Foods,151.8708,OUT017,Small,Tier 2,Supermarket Type1,7.4122683,Food
NCJ06,20.1,Non-Edible,0.034848629,Household,118.6782,OUT017,Small,Tier 2,Supermarket Type1,7.825541772,Non-Consumable
FDF08,14.3,Regular,0.074007994,Fruits and Vegetables,89.8856,OUT018,Medium,Tier 3,Supermarket Type2,7.24933559,Food
FDT21,7.42,Low Fat,0.02050719,Snack Foods,249.7092,OUT017,Small,Tier 2,Supermarket Type1,8.951606585,Food
FDK22,9.8,Low Fat,0.025960174,Snack Foods,214.885,OUT027,Medium,Tier 3,Supermarket Type3,8.512754354,Food
DRJ11,9.5,Low Fat,0.085020342,Hard Drinks,188.7872,OUT013,High,Tier 3,Supermarket Type1,7.440020307,Drinks
FDH27,7.075,Low Fat,0.097660814,Dairy,141.8128,OUT010,Small,Tier 3,Grocery Store,4.975441874,Food
FDU52,7.56,Low Fat,0.111654545,Frozen Foods,157.063,OUT019,Small,Tier 1,Grocery Store,5.749157289,Food
FDK50,7.96,Low Fat,0.02839206,Canned,160.7894,OUT017,Small,Tier 2,Supermarket Type1,8.082336759,Food
DRJ01,6.135,Low Fat,0.115265695,Soft Drinks,160.5236,OUT045,Small,Tier 2,Supermarket Type1,7.647598432,Drinks
FDC21,14.6,Regular,0.043133816,Fruits and Vegetables,109.7254,OUT018,Medium,Tier 3,Supermarket Type2,6.480278277,Food
FDX39,14.3,Regular,0.049676157,Meat,212.4586,OUT046,Small,Tier 1,Supermarket Type1,8.242770767,Food
NCY54,8.43,Non-Edible,0.176834351,Household,172.1422,OUT027,Medium,Tier 3,Supermarket Type3,8.517557885,Non-Consumable
FDD58,7.76,Low Fat,0.103918113,Snack Foods,100.67,OUT019,Small,Tier 1,Grocery Store,5.992663828,Food
FDW12,8.315,Regular,0.035644325,Baking Goods,147.1444,OUT045,Small,Tier 2,Supermarket Type1,6.770636201,Food
DRE01,10.1,Low Fat,0.279783532,Soft Drinks,241.8512,OUT010,Small,Tier 3,Grocery Store,6.185596091,Drinks
FDT16,9.895,Regular,0.048738014,Frozen Foods,262.1278,OUT049,Medium,Tier 1,Supermarket Type1,8.270247862,Food
FDC16,11.5,Regular,0.020686161,Dairy,85.054,OUT017,Small,Tier 2,Supermarket Type1,7.457078277,Food
FDK52,18.25,Low Fat,0.079342006,Frozen Foods,226.0062,OUT049,Medium,Tier 1,Supermarket Type1,7.499229359,Food
FDS23,4.635,Low Fat,0.140889111,Breads,127.0994,OUT046,Small,Tier 1,Supermarket Type1,7.564493111,Food
FDI41,18.5,Regular,0.062245149,Frozen Foods,145.8418,OUT035,Small,Tier 2,Supermarket Type1,8.629161738,Food
FDG33,5.365,Regular,0.140811559,Seafood,173.5764,OUT018,Medium,Tier 3,Supermarket Type2,7.63158529,Food
NCM31,6.095,Non-Edible,0.08152738,Others,140.3154,OUT018,Medium,Tier 3,Supermarket Type2,7.520017839,Non-Consumable
NCY53,20,Non-Edible,0.058198141,Health and Hygiene,110.4544,OUT027,Medium,Tier 3,Supermarket Type3,8.355019426,Non-Consumable
FDY55,16.75,Low Fat,0.081446638,Fruits and Vegetables,257.0988,OUT049,Medium,Tier 1,Supermarket Type1,8.768102871,Food
FDQ21,21.25,Low Fat,0.019462623,Snack Foods,120.8756,OUT045,Small,Tier 2,Supermarket Type1,7.362824696,Food
NCD18,16,Non-Edible,0.072317217,Household,230.2668,OUT027,Medium,Tier 3,Supermarket Type3,8.995144901,Non-Consumable
FDV09,12.1,Low Fat,0.020684919,Snack Foods,148.5734,OUT017,Small,Tier 2,Supermarket Type1,7.198378472,Food
FDI19,15.1,Low Fat,0.087604871,Meat,242.2512,OUT010,Small,Tier 3,Grocery Store,6.185596091,Food
FDY47,8.6,Regular,0.059730791,Breads,131.531,OUT049,Medium,Tier 1,Supermarket Type1,7.811077887,Food
DRH37,17.6,Low Fat,0.041681059,Soft Drinks,164.2526,OUT049,Medium,Tier 1,Supermarket Type1,7.182823733,Drinks
NCL19,15.35,Non-Edible,0.015676231,Others,144.047,OUT046,Small,Tier 1,Supermarket Type1,5.660506082,Non-Consumable
DRI11,8.26,Low Fat,0.034397781,Hard Drinks,115.7834,OUT035,Small,Tier 2,Supermarket Type1,7.637379605,Drinks
NCC19,6.57,Non-Edible,0.096880574,Household,191.482,OUT046,Small,Tier 1,Supermarket Type1,8.521410685,Non-Consumable
FDS01,11.6,Low Fat,0.017817285,Canned,177.0686,OUT018,Medium,Tier 3,Supermarket Type2,7.26062716,Food
FDX31,20.35,Regular,0.014909465,Fruits and Vegetables,232.3958,OUT017,Small,Tier 2,Supermarket Type1,8.712281374,Food
NCL55,12.15,Non-Edible,0.076919808,Others,254.904,OUT046,Small,Tier 1,Supermarket Type1,8.306241022,Non-Consumable
FDW16,17.35,Regular,0.041439718,Frozen Foods,93.7804,OUT013,High,Tier 3,Supermarket Type1,7.954825962,Food
FDT49,7,Low Fat,0.151405587,Canned,107.728,OUT046,Small,Tier 1,Supermarket Type1,7.613340782,Food
FDW13,8.5,Low Fat,0.097803261,Canned,50.5324,OUT013,High,Tier 3,Supermarket Type1,6.78428827,Food
NCG30,20.2,Non-Edible,0.196659953,Household,125.8046,OUT019,Small,Tier 1,Grocery Store,5.521497717,Non-Consumable
FDC14,14.5,Regular,0.041313203,Canned,42.0454,OUT049,Medium,Tier 1,Supermarket Type1,5.936238794,Food
FDS15,9.195,Regular,0.130657442,Meat,106.4596,OUT010,Small,Tier 3,Grocery Store,5.378602506,Food
FDS32,17.75,Regular,0.029700018,Fruits and Vegetables,140.3838,OUT049,Medium,Tier 1,Supermarket Type1,7.248388845,Food
FDE09,8.775,Low Fat,0.029282583,Fruits and Vegetables,111.3228,OUT049,Medium,Tier 1,Supermarket Type1,7.270866943,Food
FDM12,16.7,Regular,0.070312473,Baking Goods,189.6214,OUT017,Small,Tier 2,Supermarket Type1,7.947084899,Food
FDT57,15.2,Low Fat,0.019064377,Snack Foods,238.2248,OUT049,Medium,Tier 1,Supermarket Type1,8.176496203,Food
FDM32,20.5,Low Fat,0.020605032,Fruits and Vegetables,91.083,OUT046,Small,Tier 1,Supermarket Type1,6.292120839,Food
NCS38,8.6,Non-Edible,0.090374869,Household,115.2176,OUT027,Medium,Tier 3,Supermarket Type3,6.938922883,Non-Consumable
NCW30,5.21,Non-Edible,0.011072173,Household,257.8962,OUT017,Small,Tier 2,Supermarket Type1,8.390253829,Non-Consumable
FDD21,10.3,Regular,0.030610798,Fruits and Vegetables,115.7176,OUT017,Small,Tier 2,Supermarket Type1,7.449360707,Food
FDH35,18.25,Low Fat,0.060342304,Starchy Foods,165.9526,OUT049,Medium,Tier 1,Supermarket Type1,7.405815369,Food
NCX17,21.25,Non-Edible,0.113833823,Health and Hygiene,232.83,OUT045,Small,Tier 2,Supermarket Type1,7.24364163,Non-Consumable
NCI29,8.6,Non-Edible,0.032615377,Health and Hygiene,142.9154,OUT035,Small,Tier 2,Supermarket Type1,6.9014432,Non-Consumable
FDL24,10.3,Regular,0.024935297,Baking Goods,172.0422,OUT049,Medium,Tier 1,Supermarket Type1,8.285808424,Food
FDI46,9.5,Low Fat,0.074345268,Snack Foods,251.9724,OUT046,Small,Tier 1,Supermarket Type1,8.167469347,Food
DRQ35,9.3,Low Fat,0.042283454,Hard Drinks,125.4388,OUT035,Small,Tier 2,Supermarket Type1,8.220447232,Drinks
FDM04,9.195,Regular,0.047387144,Frozen Foods,50.8666,OUT017,Small,Tier 2,Supermarket Type1,6.771399559,Food
NCJ17,7.68,Non-Edible,0.152865879,Health and Hygiene,84.9224,OUT045,Small,Tier 2,Supermarket Type1,7.390320678,Non-Consumable
NCJ18,12.35,Non-Edible,0.163148041,Household,116.6124,OUT027,Medium,Tier 3,Supermarket Type3,8.07116693,Non-Consumable
DRF13,12.1,Low Fat,0.02984176,Soft Drinks,144.4444,OUT045,Small,Tier 2,Supermarket Type1,8.196880483,Drinks
FDB39,11.6,Low Fat,0.038511676,Dairy,57.7272,OUT035,Small,Tier 2,Supermarket Type1,6.223260161,Food
FDT52,9.695,Regular,0.047622786,Frozen Foods,246.2144,OUT018,Medium,Tier 3,Supermarket Type2,8.209639241,Food
FDT60,12,Low Fat,0.07554831,Baking Goods,121.9388,OUT046,Small,Tier 1,Supermarket Type1,8.077387787,Food
FDM34,19,Low Fat,0.067447572,Snack Foods,132.9626,OUT046,Small,Tier 1,Supermarket Type1,7.584996122,Food
FDY27,6.38,Low Fat,0.03187163,Dairy,179.5344,OUT013,High,Tier 3,Supermarket Type1,8.319958878,Food
FDP08,20.5,Regular,0.112638016,Fruits and Vegetables,195.5478,OUT045,Small,Tier 2,Supermarket Type1,8.262547621,Food
FDP59,20.85,Regular,0.056192276,Breads,103.1648,OUT027,Medium,Tier 3,Supermarket Type3,7.588035636,Food
FDQ11,5.695,Regular,0.06797671,Breads,257.4988,OUT018,Medium,Tier 3,Supermarket Type2,8.034302269,Food
FDV01,19.2,Regular,0.142189843,Canned,153.8314,OUT010,Small,Tier 3,Grocery Store,5.05069796,Food
FDX31,20.35,Regular,0.014813268,Fruits and Vegetables,234.9958,OUT013,High,Tier 3,Supermarket Type1,8.673067243,Food
NCX54,9.195,Non-Edible,0.080442371,Household,107.7622,OUT010,Small,Tier 3,Grocery Store,4.671540154,Non-Consumable
DRC12,17.85,Low Fat,0.03781972,Soft Drinks,191.6188,OUT035,Small,Tier 2,Supermarket Type1,7.814579101,Drinks
FDU11,4.785,Low Fat,0.092145264,Breads,120.7098,OUT027,Medium,Tier 3,Supermarket Type3,8.225985926,Food
NCB30,14.6,Non-Edible,0.025702994,Household,199.9084,OUT046,Small,Tier 1,Supermarket Type1,7.775654103,Non-Consumable
FDS27,10.195,Regular,0.012483408,Meat,195.411,OUT045,Small,Tier 2,Supermarket Type1,7.919630335,Food
FDX16,17.85,Low Fat,0.074691792,Frozen Foods,148.005,OUT018,Medium,Tier 3,Supermarket Type2,6.802205857,Food
NCL53,7.5,Non-Edible,0.036204764,Health and Hygiene,176.1028,OUT013,High,Tier 3,Supermarket Type1,7.575138809,Non-Consumable
NCZ30,6.59,Non-Edible,0.026238087,Household,121.6098,OUT045,Small,Tier 2,Supermarket Type1,7.787878169,Non-Consumable
FDB15,10.895,Low Fat,0.137584599,Dairy,262.2568,OUT017,Small,Tier 2,Supermarket Type1,8.282951281,Food
FDY51,12.5,Low Fat,0.080741927,Meat,220.8798,OUT027,Medium,Tier 3,Supermarket Type3,8.727718976,Food
NCT18,14.6,Non-Edible,0.059741172,Household,179.6976,OUT017,Small,Tier 2,Supermarket Type1,8.531437813,Non-Consumable
FDL32,15.7,Regular,0.214423791,Fruits and Vegetables,111.6544,OUT019,Small,Tier 1,Grocery Store,5.818785947,Food
FDK46,9.6,Low Fat,0.051677051,Snack Foods,258.062,OUT018,Medium,Tier 3,Supermarket Type2,7.957626102,Food
FDI22,12.6,Low Fat,0.168455549,Snack Foods,211.0612,OUT019,Small,Tier 1,Grocery Store,6.038163001,Food
FDF21,10.3,Regular,0.066772979,Fruits and Vegetables,189.053,OUT045,Small,Tier 2,Supermarket Type1,8.578115933,Food
FDR34,17,Regular,0.016055615,Snack Foods,228.4352,OUT017,Small,Tier 2,Supermarket Type1,9.017515916,Food
FDJ50,8.645,Low Fat,0.021619564,Canned,50.6982,OUT049,Medium,Tier 1,Supermarket Type1,6.603096311,Food
FDC34,16,Regular,0.173027688,Snack Foods,155.2972,OUT049,Medium,Tier 1,Supermarket Type1,8.184328408,Food
FDW51,6.155,Regular,0.095045476,Meat,213.456,OUT018,Medium,Tier 3,Supermarket Type2,7.846852749,Food
FDR28,13.85,Regular,0.025891588,Frozen Foods,165.121,OUT035,Small,Tier 2,Supermarket Type1,7.985204535,Food
FDV60,20.2,Regular,0.205484395,Baking Goods,198.011,OUT019,Small,Tier 1,Grocery Store,5.975899031,Food
FDI45,13.1,Low Fat,0.037793818,Fruits and Vegetables,173.8054,OUT017,Small,Tier 2,Supermarket Type1,7.938333665,Food
NCB30,14.6,Non-Edible,0.045002624,Household,196.5084,OUT019,Small,Tier 1,Grocery Store,5.295354983,Non-Consumable
DRO59,11.8,Low Fat,0.054460571,Hard Drinks,77.0012,OUT017,Small,Tier 2,Supermarket Type1,7.731068947,Drinks
FDU12,15.5,Regular,0.075736746,Baking Goods,265.5568,OUT035,Small,Tier 2,Supermarket Type1,8.408084683,Food
NCX18,14.15,Non-Edible,0.014719325,Household,196.911,OUT010,Small,Tier 3,Grocery Store,5.975899031,Non-Consumable
NCH30,17.1,Non-Edible,0.066828857,Household,114.186,OUT027,Medium,Tier 3,Supermarket Type3,7.562765399,Non-Consumable
FDE11,17.7,Regular,0.23653561,Starchy Foods,184.1924,OUT019,Small,Tier 1,Grocery Store,5.226243325,Food
FDE32,20.7,Low Fat,0.04903471,Fruits and Vegetables,39.9506,OUT017,Small,Tier 2,Supermarket Type1,6.772924528,Food
FDP25,15.2,Low Fat,0.035497039,Canned,216.7824,OUT010,Small,Tier 3,Grocery Store,6.08168178,Food
NCM29,11.5,Non-Edible,0.017638893,Health and Hygiene,132.7626,OUT035,Small,Tier 2,Supermarket Type1,7.967826719,Non-Consumable
FDQ21,21.25,Low Fat,0.01945343,Snack Foods,120.8756,OUT049,Medium,Tier 1,Supermarket Type1,7.282834854,Food
FDN24,14.1,Low Fat,0.11326743,Baking Goods,54.5956,OUT046,Small,Tier 1,Supermarket Type1,6.945355834,Food
DRY23,9.395,Regular,0.109713464,Soft Drinks,41.3112,OUT017,Small,Tier 2,Supermarket Type1,5.547780304,Drinks
FDW04,8.985,Regular,0.057885739,Frozen Foods,130.531,OUT027,Medium,Tier 3,Supermarket Type3,8.627612828,Food
FDM01,7.895,Regular,0.094952408,Breakfast,101.1332,OUT018,Medium,Tier 3,Supermarket Type2,7.195885951,Food
NCW29,14,Non-Edible,0.029026218,Health and Hygiene,131.331,OUT017,Small,Tier 2,Supermarket Type1,8.19871316,Non-Consumable
FDG33,5.365,Regular,0.140123575,Seafood,172.0764,OUT013,High,Tier 3,Supermarket Type1,7.919146132,Food
FDV51,16.35,Low Fat,0.03272295,Meat,165.7842,OUT017,Small,Tier 2,Supermarket Type1,7.509130423,Food
NCQ18,15.75,Non-Edible,0.135836828,Household,100.37,OUT017,Small,Tier 2,Supermarket Type1,7.169588633,Non-Consumable
NCL53,7.5,Non-Edible,0.036382524,Health and Hygiene,177.9028,OUT018,Medium,Tier 3,Supermarket Type2,7.256877452,Non-Consumable
FDQ39,14.8,Low Fat,0.088873349,Meat,189.3846,OUT013,High,Tier 3,Supermarket Type1,8.471801396,Food
FDF46,7.07,Low Fat,0.094201018,Snack Foods,115.8834,OUT017,Small,Tier 2,Supermarket Type1,6.944714398,Food
NCA06,20.5,Non-Edible,0.143506376,Household,34.719,OUT049,Medium,Tier 1,Supermarket Type1,6.646389216,Non-Consumable
FDV26,20.25,Regular,0.133347119,Dairy,193.0794,OUT019,Small,Tier 1,Grocery Store,6.883869266,Food
FDJ04,18,Low Fat,0.124428516,Frozen Foods,119.9124,OUT035,Small,Tier 2,Supermarket Type1,6.855513324,Food
FDE28,9.5,Regular,0.221856492,Frozen Foods,231.8668,OUT010,Small,Tier 3,Grocery Store,5.44400433,Food
NCZ29,15,Non-Edible,0.071312064,Health and Hygiene,125.7362,OUT013,High,Tier 3,Supermarket Type1,8.013365955,Non-Consumable
FDW43,20.1,Regular,0.022425236,Fruits and Vegetables,226.3036,OUT046,Small,Tier 1,Supermarket Type1,6.815436461,Food
FDZ49,11,Regular,0.133352623,Canned,219.7798,OUT049,Medium,Tier 1,Supermarket Type1,7.880637135,Food
NCJ05,18.7,Non-Edible,0.046079558,Health and Hygiene,151.5682,OUT035,Small,Tier 2,Supermarket Type1,7.592409799,Non-Consumable
NCP29,8.42,Non-Edible,0.127469076,Health and Hygiene,64.2168,OUT027,Medium,Tier 3,Supermarket Type3,7.154096472,Non-Consumable
FDS16,15.15,Regular,0.066446521,Frozen Foods,147.976,OUT018,Medium,Tier 3,Supermarket Type2,6.597663985,Food
FDZ45,14.1,Low Fat,0.066979957,Snack Foods,196.7084,OUT049,Medium,Tier 1,Supermarket Type1,8.063231212,Food
NCP29,8.42,Non-Edible,0.187918654,Health and Hygiene,65.4168,OUT010,Small,Tier 3,Grocery Store,4.858521649,Non-Consumable
FDZ58,17.85,Low Fat,0.051924192,Snack Foods,121.0072,OUT027,Medium,Tier 3,Supermarket Type3,7.986563692,Food
FDV55,17.75,Low Fat,0.054806734,Fruits and Vegetables,145.1444,OUT027,Medium,Tier 3,Supermarket Type3,8.273821116,Food
NCV53,8.27,Non-Edible,0.018813601,Health and Hygiene,237.988,OUT046,Small,Tier 1,Supermarket Type1,8.880674519,Non-Consumable
FDV47,17.1,Low Fat,0.094910421,Breads,84.5566,OUT019,Small,Tier 1,Grocery Store,5.539967804,Food
FDD45,8.615,Low Fat,0.116722514,Fruits and Vegetables,95.4436,OUT018,Medium,Tier 3,Supermarket Type2,6.342581876,Food
FDP26,7.785,Low Fat,0.244338986,Dairy,105.9306,OUT019,Small,Tier 1,Grocery Store,5.347398917,Food
DRD37,9.8,Low Fat,0.013863257,Soft Drinks,45.106,OUT049,Medium,Tier 1,Supermarket Type1,7.24364163,Drinks
FDT09,15.15,Regular,0.021471456,Snack Foods,131.0284,OUT019,Small,Tier 1,Grocery Store,4.88905807,Food
FDM03,12.65,Low Fat,0.123422073,Meat,109.1938,OUT027,Medium,Tier 3,Supermarket Type3,7.619568264,Food
FDW09,13.65,Regular,0.026067434,Snack Foods,78.8302,OUT017,Small,Tier 2,Supermarket Type1,6.570983518,Food
FDX10,6.385,Regular,0.123710526,Snack Foods,37.1874,OUT046,Small,Tier 1,Supermarket Type1,5.513476326,Food
FDZ60,20.5,Low Fat,0.119547387,Baking Goods,108.9596,OUT049,Medium,Tier 1,Supermarket Type1,6.292120839,Food
FDM58,16.85,Regular,0.079690403,Snack Foods,113.4544,OUT046,Small,Tier 1,Supermarket Type1,7.975638358,Food
FDV32,7.785,Low Fat,0.088691614,Fruits and Vegetables,61.851,OUT035,Small,Tier 2,Supermarket Type1,7.28329231,Food
FDU07,11.1,Low Fat,0.104784329,Fruits and Vegetables,150.4366,OUT019,Small,Tier 1,Grocery Store,5.024778801,Food
FDS51,13.35,Low Fat,0.032024659,Meat,62.7194,OUT027,Medium,Tier 3,Supermarket Type3,7.52756911,Food
NCT17,10.8,Non-Edible,0.041950753,Health and Hygiene,190.0214,OUT045,Small,Tier 2,Supermarket Type1,7.804038468,Non-Consumable
FDA01,15,Regular,0.091018048,Canned,60.2904,OUT010,Small,Tier 3,Grocery Store,4.772215655,Food
FDW25,5.175,Low Fat,0.037398953,Canned,84.2224,OUT046,Small,Tier 1,Supermarket Type1,6.749022116,Food
FDS01,11.6,Low Fat,0.017845372,Canned,179.0686,OUT017,Small,Tier 2,Supermarket Type1,8.646394382,Food
NCV18,6.775,Non-Edible,0.105459307,Household,84.625,OUT045,Small,Tier 2,Supermarket Type1,7.823145606,Non-Consumable
FDZ04,9.31,Low Fat,0.038032068,Frozen Foods,61.351,OUT045,Small,Tier 2,Supermarket Type1,6.713275712,Food
DRN59,15,Low Fat,0.064504433,Hard Drinks,47.306,OUT017,Small,Tier 2,Supermarket Type1,6.482318049,Drinks
FDD36,13.3,Low Fat,0.021306635,Baking Goods,119.8124,OUT049,Medium,Tier 1,Supermarket Type1,7.548133551,Food
FDT56,16,Regular,0.116063284,Fruits and Vegetables,59.1246,OUT018,Medium,Tier 3,Supermarket Type2,6.625418628,Food
FDP09,19.75,Low Fat,0.059336763,Snack Foods,212.1902,OUT019,Small,Tier 1,Grocery Store,6.05392372,Food
FDA33,6.48,Low Fat,0.034091649,Snack Foods,146.2076,OUT017,Small,Tier 2,Supermarket Type1,7.768922908,Food
FDH14,17.1,Regular,0.081955735,Canned,142.0838,OUT019,Small,Tier 1,Grocery Store,5.641792171,Food
NCF18,18.35,Non-Edible,0.088551694,Household,191.5504,OUT027,Medium,Tier 3,Supermarket Type3,8.690349946,Non-Consumable
FDF59,12.5,Low Fat,0.071230537,Starchy Foods,128.102,OUT035,Small,Tier 2,Supermarket Type1,6.787296918,Food
FDC29,8.39,Regular,0.024185517,Frozen Foods,115.7176,OUT013,High,Tier 3,Supermarket Type1,7.226362598,Food
FDD32,17.7,Regular,0.041163522,Fruits and Vegetables,80.8276,OUT017,Small,Tier 2,Supermarket Type1,7.533284428,Food
FDZ08,12.5,Regular,0.110054254,Fruits and Vegetables,80.8592,OUT010,Small,Tier 3,Grocery Store,4.425555363,Food
FDT21,7.42,Low Fat,0.020427652,Snack Foods,248.8092,OUT027,Medium,Tier 3,Supermarket Type3,8.775740828,Food
FDM33,15.6,Low Fat,0.087719692,Snack Foods,218.5798,OUT046,Small,Tier 1,Supermarket Type1,8.39131155,Food
NCK07,10.65,Non-Edible,0.048677482,Others,166.1526,OUT035,Small,Tier 2,Supermarket Type1,7.811077887,Non-Consumable
NCL41,12.35,Non-Edible,0.041907648,Health and Hygiene,36.2216,OUT018,Medium,Tier 3,Supermarket Type2,5.849947065,Non-Consumable
FDZ36,6.035,Regular,0.065783783,Baking Goods,188.224,OUT046,Small,Tier 1,Supermarket Type1,8.662183875,Food
FDW51,6.155,Regular,0.094807042,Meat,213.356,OUT049,Medium,Tier 1,Supermarket Type1,8.252187522,Food
FDS47,16.75,Low Fat,0.128778474,Breads,89.1856,OUT013,High,Tier 3,Supermarket Type1,7.367039662,Food
FDV02,16.75,Low Fat,0.060668416,Dairy,172.4106,OUT045,Small,Tier 2,Supermarket Type1,7.975867191,Food
NCU18,15.1,Non-Edible,0.056067524,Household,139.8496,OUT018,Medium,Tier 3,Supermarket Type2,7.147831775,Non-Consumable
NCX17,21.25,Non-Edible,0.114066204,Health and Hygiene,233.03,OUT018,Medium,Tier 3,Supermarket Type2,8.629399819,Non-Consumable
FDI12,9.395,Regular,0.10039894,Baking Goods,89.6856,OUT046,Small,Tier 1,Supermarket Type1,6.779758258,Food
DRH51,17.6,Low Fat,0.097135675,Dairy,89.3856,OUT013,High,Tier 3,Supermarket Type1,7.184844444,Drinks
NCP30,20.5,Non-Edible,0.032610007,Household,37.4822,OUT027,Medium,Tier 3,Supermarket Type3,6.849885459,Non-Consumable
FDG08,13.15,Regular,0.165616415,Fruits and Vegetables,172.6764,OUT049,Medium,Tier 1,Supermarket Type1,7.63158529,Food
FDX35,5.035,Regular,0.09504806,Breads,228.2036,OUT046,Small,Tier 1,Supermarket Type1,8.472776326,Food
FDY26,20.6,Regular,0.030362777,Dairy,210.5244,OUT027,Medium,Tier 3,Supermarket Type3,8.821168918,Food
NCM43,14.5,Non-Edible,0.03409886,Others,162.621,OUT019,Small,Tier 1,Grocery Store,6.705155502,Non-Consumable
NCZ54,14.65,Non-Edible,0.145951533,Household,160.9552,OUT019,Small,Tier 1,Grocery Store,5.096538947,Non-Consumable
FDO16,5.48,Low Fat,0.015138834,Frozen Foods,81.925,OUT045,Small,Tier 2,Supermarket Type1,8.03279039,Food
FDR22,19.35,Regular,0.031069993,Snack Foods,112.0544,OUT010,Small,Tier 3,Grocery Store,5.414805342,Food
FDJ16,9.195,Low Fat,0.115535487,Frozen Foods,59.5246,OUT017,Small,Tier 2,Supermarket Type1,6.699431865,Food
FDT47,5.26,Regular,0.02454694,Breads,95.7068,OUT049,Medium,Tier 1,Supermarket Type1,7.062604229,Food
FDZ23,17.75,Regular,0.067175915,Baking Goods,187.124,OUT027,Medium,Tier 3,Supermarket Type3,8.224024093,Food
NCB31,6.235,Non-Edible,0.118674359,Household,261.691,OUT046,Small,Tier 1,Supermarket Type1,8.057343278,Non-Consumable
FDM15,11.8,Regular,0.057421582,Meat,149.9366,OUT046,Small,Tier 1,Supermarket Type1,7.416680658,Food
FDX27,20.7,Regular,0.114022125,Dairy,92.9436,OUT013,High,Tier 3,Supermarket Type1,7.685015089,Food
NCS54,13.6,Non-Edible,0.010033871,Household,177.937,OUT018,Medium,Tier 3,Supermarket Type2,7.738349115,Non-Consumable
NCJ30,5.82,Non-Edible,0.080765853,Household,169.179,OUT049,Medium,Tier 1,Supermarket Type1,7.619894955,Non-Consumable
FDD58,7.76,Low Fat,0.05930285,Snack Foods,98.77,OUT013,High,Tier 3,Supermarket Type1,7.437671512,Food
DRJ23,18.35,Low Fat,0.041753387,Hard Drinks,187.6872,OUT045,Small,Tier 2,Supermarket Type1,7.950610994,Drinks
FDS14,7.285,Low Fat,0.050065211,Dairy,157.4288,OUT045,Small,Tier 2,Supermarket Type1,7.622504643,Food
FDR27,15.1,Regular,0.096020459,Meat,133.7942,OUT013,High,Tier 3,Supermarket Type1,7.777329846,Food
FDT49,7,Low Fat,0.15202235,Canned,106.628,OUT018,Medium,Tier 3,Supermarket Type2,6.461730642,Food
FDX26,17.7,Low Fat,0.087383304,Dairy,180.4292,OUT027,Medium,Tier 3,Supermarket Type3,8.297653738,Food
NCW53,18.35,Non-Edible,0.03066757,Health and Hygiene,193.4162,OUT017,Small,Tier 2,Supermarket Type1,7.658028356,Non-Consumable
FDS19,13.8,Regular,0.07148394,Fruits and Vegetables,74.3012,OUT045,Small,Tier 2,Supermarket Type1,7.421073633,Food
DRF15,18.35,Low Fat,0.03321399,Dairy,154.934,OUT046,Small,Tier 1,Supermarket Type1,7.111570842,Drinks
DRH01,17.5,Low Fat,0.097429924,Soft Drinks,172.8738,OUT027,Medium,Tier 3,Supermarket Type3,8.202550883,Drinks
FDJ12,8.895,Regular,0.039120291,Baking Goods,206.8296,OUT045,Small,Tier 2,Supermarket Type1,8.332210176,Food
NCE42,21.1,Non-Edible,0.01055095,Household,234.9958,OUT027,Medium,Tier 3,Supermarket Type3,9.479448369,Non-Consumable
DRL37,15.5,Low Fat,0.053480419,Soft Drinks,42.377,OUT045,Small,Tier 2,Supermarket Type1,7.100650735,Drinks
FDJ36,14.5,Regular,0.128520186,Baking Goods,101.4332,OUT045,Small,Tier 2,Supermarket Type1,7.575138809,Food
NCH18,9.3,Non-Edible,0.044444956,Household,245.2802,OUT027,Medium,Tier 3,Supermarket Type3,9.217702028,Non-Consumable
DRI11,8.26,Low Fat,0.034544435,Hard Drinks,116.0834,OUT018,Medium,Tier 3,Supermarket Type2,7.145209857,Drinks
NCO17,10,Non-Edible,0.073678663,Health and Hygiene,120.944,OUT018,Medium,Tier 3,Supermarket Type2,7.619894955,Non-Consumable
FDS49,9,Low Fat,0.079668739,Canned,79.6644,OUT018,Medium,Tier 3,Supermarket Type2,7.360287162,Food
FDX43,5.655,Low Fat,0.085447928,Fruits and Vegetables,165.85,OUT045,Small,Tier 2,Supermarket Type1,7.513136252,Food
NCS17,18.6,Non-Edible,0.080434451,Health and Hygiene,93.4436,OUT013,High,Tier 3,Supermarket Type1,7.440020307,Non-Consumable
NCC42,15,Non-Edible,0.044978225,Health and Hygiene,140.8838,OUT049,Medium,Tier 1,Supermarket Type1,7.718125694,Non-Consumable
NCM26,20.5,Non-Edible,0.023190134,Others,153.434,OUT045,Small,Tier 2,Supermarket Type1,8.289661024,Non-Consumable
FDU32,8.785,Low Fat,0.025967624,Fruits and Vegetables,119.9414,OUT046,Small,Tier 1,Supermarket Type1,7.288310564,Food
FDU19,8.77,Regular,0.046962004,Fruits and Vegetables,173.8422,OUT018,Medium,Tier 3,Supermarket Type2,8.146084292,Food
NCM53,18.75,Non-Edible,0.05233528,Health and Hygiene,108.128,OUT017,Small,Tier 2,Supermarket Type1,6.971931234,Non-Consumable
FDG32,19.85,Low Fat,0.17635245,Fruits and Vegetables,220.8772,OUT045,Small,Tier 2,Supermarket Type1,8.349050667,Food
FDF04,17.5,Low Fat,0.013692598,Frozen Foods,259.7304,OUT018,Medium,Tier 3,Supermarket Type2,8.193573178,Food
NCN55,14.6,Non-Edible,0.0596885,Others,242.3538,OUT035,Small,Tier 2,Supermarket Type1,8.573343555,Non-Consumable
FDJ34,11.8,Regular,0.093655728,Snack Foods,127.1704,OUT046,Small,Tier 1,Supermarket Type1,8.008062663,Food
FDT51,11.65,Regular,0.018275816,Meat,110.8544,OUT010,Small,Tier 3,Grocery Store,4.726098492,Food
FDT01,13.65,Regular,0.184167712,Canned,213.7902,OUT046,Small,Tier 1,Supermarket Type1,7.15096903,Food
FDV28,16.1,Regular,0.158954903,Frozen Foods,34.9558,OUT027,Medium,Tier 3,Supermarket Type3,7.022459268,Food
FDD02,16.6,Low Fat,0.050392993,Canned,118.4124,OUT045,Small,Tier 2,Supermarket Type1,8.07116693,Food
FDW48,18,Low Fat,0.008558144,Baking Goods,79.0618,OUT045,Small,Tier 2,Supermarket Type1,7.097901973,Food
FDF44,7.17,Regular,0.059820884,Fruits and Vegetables,130.3968,OUT049,Medium,Tier 1,Supermarket Type1,8.167469347,Food
FDY14,10.3,Low Fat,0.070149088,Dairy,264.5226,OUT049,Medium,Tier 1,Supermarket Type1,8.142410662,Food
FDU59,5.78,Low Fat,0.095919472,Breads,162.6552,OUT027,Medium,Tier 3,Supermarket Type3,8.64592619,Food
FDQ10,12.85,Low Fat,0.058092551,Snack Foods,172.0422,OUT019,Small,Tier 1,Grocery Store,6.250605546,Food
FDV21,11.5,Low Fat,0.286357776,Snack Foods,123.9704,OUT010,Small,Tier 3,Grocery Store,5.930947794,Food
FDQ36,7.855,Regular,0.161798604,Baking Goods,37.2848,OUT049,Medium,Tier 1,Supermarket Type1,6.615658141,Food
FDH12,9.6,Low Fat,0.148742896,Baking Goods,107.128,OUT019,Small,Tier 1,Grocery Store,5.770144333,Food
FDV40,17.35,Low Fat,0.014695482,Frozen Foods,72.2038,OUT017,Small,Tier 2,Supermarket Type1,6.788797854,Food
NCF07,9,Non-Edible,0.032022535,Household,101.8016,OUT046,Small,Tier 1,Supermarket Type1,7.450908993,Non-Consumable
FDA08,11.85,Regular,0.049842613,Fruits and Vegetables,164.2526,OUT027,Medium,Tier 3,Supermarket Type3,8.280929547,Food
FDP33,18.7,Low Fat,0.156304192,Snack Foods,256.3672,OUT019,Small,Tier 1,Grocery Store,5.547780304,Food
FDS27,10.195,Regular,0.012458143,Meat,196.311,OUT046,Small,Tier 1,Supermarket Type1,6.380517374,Food
DRD60,15.7,Low Fat,0.037201127,Soft Drinks,181.7634,OUT013,High,Tier 3,Supermarket Type1,7.842156069,Drinks
FDM28,15.7,Low Fat,0.045274134,Frozen Foods,177.966,OUT049,Medium,Tier 1,Supermarket Type1,8.13638772,Food
NCU54,8.88,Non-Edible,0.098603729,Household,210.727,OUT035,Small,Tier 2,Supermarket Type1,8.341777335,Non-Consumable
NCX05,15.2,Non-Edible,0.097457483,Health and Hygiene,114.4492,OUT018,Medium,Tier 3,Supermarket Type2,6.363452152,Non-Consumable
FDX59,10.195,Low Fat,0.051661272,Breads,33.3558,OUT046,Small,Tier 1,Supermarket Type1,6.745112812,Food
FDE10,6.67,Regular,0.102193845,Snack Foods,133.0626,OUT049,Medium,Tier 1,Supermarket Type1,7.361979567,Food
FDW16,17.35,Regular,0.041273391,Frozen Foods,91.6804,OUT027,Medium,Tier 3,Supermarket Type3,8.258416452,Food
FDW07,18,Regular,0.141997869,Fruits and Vegetables,90.5514,OUT027,Medium,Tier 3,Supermarket Type3,7.619568264,Food
FDG38,8.975,Regular,0.057831509,Canned,84.9224,OUT018,Medium,Tier 3,Supermarket Type2,7.154096472,Food
DRC27,13.8,Low Fat,0.058339153,Dairy,246.2802,OUT018,Medium,Tier 3,Supermarket Type2,7.114282338,Drinks
FDT43,16.35,Low Fat,0.020544065,Fruits and Vegetables,49.9324,OUT035,Small,Tier 2,Supermarket Type1,5.563224549,Food
FDR44,6.11,Regular,0.103503049,Fruits and Vegetables,129.6968,OUT017,Small,Tier 2,Supermarket Type1,7.069424367,Food
FDP26,7.785,Low Fat,0.140342195,Dairy,105.6306,OUT017,Small,Tier 2,Supermarket Type1,6.44283248,Food
NCE55,8.92,Non-Edible,0.12929931,Household,178.237,OUT027,Medium,Tier 3,Supermarket Type3,8.979752304,Non-Consumable
FDU39,18.85,Low Fat,0.036031137,Meat,60.4562,OUT035,Small,Tier 2,Supermarket Type1,7.027197205,Food
FDK27,11,Low Fat,0.008903212,Meat,120.9756,OUT027,Medium,Tier 3,Supermarket Type3,7.933093689,Food
FDP32,6.65,Low Fat,0.087669485,Fruits and Vegetables,127.2678,OUT046,Small,Tier 1,Supermarket Type1,7.790360243,Food
NCW54,7.5,Non-Edible,0.096540272,Household,59.2588,OUT049,Medium,Tier 1,Supermarket Type1,6.821261005,Non-Consumable
FDA36,5.985,Low Fat,0.005661669,Baking Goods,186.5924,OUT013,High,Tier 3,Supermarket Type1,7.860298323,Food
FDU24,6.78,Regular,0.166502643,Baking Goods,95.012,OUT049,Medium,Tier 1,Supermarket Type1,7.62640645,Food
FDX34,6.195,Low Fat,0.07198553,Snack Foods,122.2098,OUT046,Small,Tier 1,Supermarket Type1,7.095145634,Food
FDU27,18.6,Regular,0.17133418,Meat,48.8376,OUT013,High,Tier 3,Supermarket Type1,5.665130346,Food
FDQ25,8.63,Regular,0.047329385,Canned,174.1422,OUT010,Small,Tier 3,Grocery Store,6.250605546,Food
FDY01,11.8,Regular,0.170977155,Canned,117.0834,OUT018,Medium,Tier 3,Supermarket Type2,7.519656829,Food
FDH27,7.075,Low Fat,0.058298384,Dairy,145.8128,OUT013,High,Tier 3,Supermarket Type1,7.453998393,Food
FDL10,8.395,Low Fat,0.039715591,Snack Foods,100.1042,OUT017,Small,Tier 2,Supermarket Type1,7.162904811,Food
FDL15,17.85,Low Fat,0.046824729,Meat,153.6682,OUT018,Medium,Tier 3,Supermarket Type2,7.512409112,Food
FDT24,12.35,Regular,0.311090379,Baking Goods,79.2328,OUT010,Small,Tier 3,Grocery Store,5.046424485,Food
NCN55,14.6,Non-Edible,0.059611153,Others,238.3538,OUT045,Small,Tier 2,Supermarket Type1,7.679798756,Non-Consumable
FDZ59,6.63,Regular,0.103517853,Baking Goods,164.95,OUT027,Medium,Tier 3,Supermarket Type3,8.333811072,Food
FDM57,11.65,Regular,0.075834825,Snack Foods,82.9908,OUT035,Small,Tier 2,Supermarket Type1,7.138360523,Food
FDD14,20.7,Low Fat,0.170072462,Canned,183.8266,OUT049,Medium,Tier 1,Supermarket Type1,7.52037872,Food
FDU19,8.77,Regular,0.046826808,Fruits and Vegetables,173.6422,OUT013,High,Tier 3,Supermarket Type1,6.250605546,Food
DRJ39,20.25,Low Fat,0.036399734,Dairy,219.3482,OUT045,Small,Tier 2,Supermarket Type1,9.026998086,Drinks
FDI04,13.65,Regular,0.072912432,Frozen Foods,198.4426,OUT046,Small,Tier 1,Supermarket Type1,8.619351289,Food
NCQ54,17.7,Non-Edible,0.012567811,Household,168.4474,OUT045,Small,Tier 2,Supermarket Type1,7.766104815,Non-Consumable
FDW12,8.315,Regular,0.035773394,Baking Goods,144.3444,OUT017,Small,Tier 2,Supermarket Type1,8.156069969,Food
FDQ32,17.85,Regular,0.046382793,Fruits and Vegetables,122.8388,OUT027,Medium,Tier 3,Supermarket Type3,7.997370953,Food
DRG49,7.81,Low Fat,0.067836851,Soft Drinks,246.1486,OUT017,Small,Tier 2,Supermarket Type1,8.589824354,Drinks
FDP58,11.1,Low Fat,0.169241992,Snack Foods,220.7482,OUT049,Medium,Tier 1,Supermarket Type1,8.385252305,Food
FDD57,18.1,Low Fat,0.022434418,Fruits and Vegetables,96.2094,OUT049,Medium,Tier 1,Supermarket Type1,6.859713535,Food
DRG23,8.88,Low Fat,0.086764795,Hard Drinks,153.8682,OUT035,Small,Tier 2,Supermarket Type1,7.512409112,Drinks
NCZ17,12.15,Non-Edible,0.090155774,Health and Hygiene,39.1506,OUT017,Small,Tier 2,Supermarket Type1,7.300522374,Non-Consumable
DRJ11,9.5,Low Fat,0.085437778,Hard Drinks,188.4872,OUT018,Medium,Tier 3,Supermarket Type2,8.18692557,Drinks
FDG16,15.25,Low Fat,0.089998959,Frozen Foods,215.1192,OUT045,Small,Tier 2,Supermarket Type1,7.677026113,Food
FDZ51,11.3,Regular,0.054288646,Meat,96.6094,OUT027,Medium,Tier 3,Supermarket Type3,7.692029447,Food
NCN43,12.15,Non-Edible,0.008680247,Others,123.773,OUT046,Small,Tier 1,Supermarket Type1,8.109727383,Non-Consumable
NCN30,16.35,Non-Edible,0.016993204,Household,95.741,OUT046,Small,Tier 1,Supermarket Type1,6.873588175,Non-Consumable
FDP39,12.65,Low Fat,0.06908877,Meat,52.3324,OUT027,Medium,Tier 3,Supermarket Type3,7.169588633,Food
FDP34,12.85,Low Fat,0.137441201,Snack Foods,157.663,OUT049,Medium,Tier 1,Supermarket Type1,7.886408792,Food
FDM44,12.5,Low Fat,0.051970788,Fruits and Vegetables,103.699,OUT010,Small,Tier 3,Grocery Store,6.025373099,Food
FDC28,7.905,Low Fat,0.054935332,Frozen Foods,109.1254,OUT017,Small,Tier 2,Supermarket Type1,7.395648555,Food
DRC24,17.85,Low Fat,0.02492239,Soft Drinks,153.4998,OUT018,Medium,Tier 3,Supermarket Type2,7.980432886,Drinks
FDN46,7.21,Regular,0.144924795,Snack Foods,100.8332,OUT045,Small,Tier 2,Supermarket Type1,7.338886834,Food
NCN53,5.175,Non-Edible,0.030349723,Health and Hygiene,37.0874,OUT035,Small,Tier 2,Supermarket Type1,6.050791386,Non-Consumable
FDY32,7.605,Low Fat,0.226284381,Fruits and Vegetables,163.221,OUT019,Small,Tier 1,Grocery Store,5.790699958,Food
NCW06,16.2,Non-Edible,0.050625182,Household,193.1162,OUT017,Small,Tier 2,Supermarket Type1,7.825009786,Non-Consumable
FDY48,14,Low Fat,0.02371512,Baking Goods,103.8332,OUT013,High,Tier 3,Supermarket Type1,7.46397353,Food
NCP29,8.42,Non-Edible,0.112177581,Health and Hygiene,65.9168,OUT013,High,Tier 3,Supermarket Type1,6.866674918,Non-Consumable
FDB60,9.3,Low Fat,0.04774013,Baking Goods,195.0136,OUT010,Small,Tier 3,Grocery Store,5.275118338,Food
DRE60,9.395,Low Fat,0.159304333,Soft Drinks,226.172,OUT035,Small,Tier 2,Supermarket Type1,8.255652827,Drinks
FDN51,17.85,Regular,0.020989308,Meat,260.7936,OUT045,Small,Tier 2,Supermarket Type1,8.455080483,Food
DRE15,13.35,Low Fat,0.01769927,Dairy,74.2012,OUT027,Medium,Tier 3,Supermarket Type3,7.16342054,Drinks
DRG15,6.13,Low Fat,0.076874796,Dairy,60.1536,OUT013,High,Tier 3,Supermarket Type1,7.006300946,Drinks
FDX55,15.1,Low Fat,0.096658404,Fruits and Vegetables,216.9166,OUT019,Small,Tier 1,Grocery Store,5.387776828,Food
FDC57,20.1,Regular,0.054816926,Fruits and Vegetables,194.282,OUT018,Medium,Tier 3,Supermarket Type2,7.343203695,Food
FDA25,16.5,Regular,0.068511103,Canned,103.699,OUT017,Small,Tier 2,Supermarket Type1,7.409853328,Food
NCK29,5.615,Non-Edible,0.12574524,Health and Hygiene,122.473,OUT035,Small,Tier 2,Supermarket Type1,7.212222932,Non-Consumable
FDP48,7.52,Regular,0.044023213,Baking Goods,183.095,OUT046,Small,Tier 1,Supermarket Type1,8.611384564,Food
FDP49,9,Regular,0.068754395,Breakfast,54.5614,OUT027,Medium,Tier 3,Supermarket Type3,7.446645424,Food
FDL38,13.8,Regular,0.024660202,Canned,87.4172,OUT010,Small,Tier 3,Grocery Store,5.189809682,Food
FDZ21,17.6,Regular,0.039214444,Snack Foods,98.241,OUT035,Small,Tier 2,Supermarket Type1,7.566217843,Food
FDQ44,20.5,Low Fat,0.036344721,Fruits and Vegetables,122.3756,OUT017,Small,Tier 2,Supermarket Type1,7.842156069,Food
NCB42,11.8,Non-Edible,0.008554052,Health and Hygiene,116.9492,OUT013,High,Tier 3,Supermarket Type1,7.58601032,Non-Consumable
FDY15,18.25,Regular,0.170000805,Dairy,155.963,OUT027,Medium,Tier 3,Supermarket Type3,8.420335755,Food
NCW05,20.25,Non-Edible,0.148302815,Health and Hygiene,108.3938,OUT049,Medium,Tier 1,Supermarket Type1,7.933093689,Non-Consumable
FDR23,15.85,Low Fat,0.081914677,Breads,177.637,OUT049,Medium,Tier 1,Supermarket Type1,8.117701109,Food
FDO34,17.7,Low Fat,0.029914022,Snack Foods,166.2816,OUT013,High,Tier 3,Supermarket Type1,7.831110598,Food
FDZ36,6.035,Regular,0.065771344,Baking Goods,185.324,OUT035,Small,Tier 2,Supermarket Type1,8.224024093,Food
FDX58,13.15,Low Fat,0.043551753,Snack Foods,184.495,OUT027,Medium,Tier 3,Supermarket Type3,8.971332266,Food
NCJ18,12.35,Non-Edible,0.163941937,Household,117.0124,OUT046,Small,Tier 1,Supermarket Type1,7.340615815,Non-Consumable
FDP22,14.65,Regular,0.099692906,Snack Foods,50.9666,OUT017,Small,Tier 2,Supermarket Type1,6.577489105,Food
FDH57,10.895,Low Fat,0.059834024,Fruits and Vegetables,133.5284,OUT010,Small,Tier 3,Grocery Store,5.578433892,Food
DRF51,15.75,Low Fat,0.166174549,Dairy,37.4506,OUT045,Small,Tier 2,Supermarket Type1,6.969430455,Drinks
FDD51,11.15,Low Fat,0.119930029,Dairy,44.2744,OUT035,Small,Tier 2,Supermarket Type1,6.379388708,Food
FDW04,8.985,Regular,0.057944376,Frozen Foods,131.531,OUT045,Small,Tier 2,Supermarket Type1,7.264828843,Food
FDZ21,17.6,Regular,0.065649353,Snack Foods,94.841,OUT010,Small,Tier 3,Grocery Store,5.26828075,Food
NCJ30,5.82,Non-Edible,0.080249973,Household,168.679,OUT027,Medium,Tier 3,Supermarket Type3,8.501996504,Non-Consumable
FDO45,13.15,Regular,0.037952777,Snack Foods,89.5856,OUT046,Small,Tier 1,Supermarket Type1,7.309918408,Food
FDE41,9.195,Regular,0.064113698,Frozen Foods,86.5566,OUT049,Medium,Tier 1,Supermarket Type1,7.077322848,Food
DRD13,15,Low Fat,0.048841794,Soft Drinks,64.7168,OUT027,Medium,Tier 3,Supermarket Type3,8.02910914,Drinks
NCC07,19.6,Non-Edible,0.02394662,Household,106.9964,OUT035,Small,Tier 2,Supermarket Type1,7.489601445,Non-Consumable
FDE51,5.925,Regular,0.096000183,Dairy,43.7086,OUT027,Medium,Tier 3,Supermarket Type3,7.165995204,Food
NCG43,20.2,Non-Edible,0.074177667,Household,93.2462,OUT013,High,Tier 3,Supermarket Type1,6.92658508,Non-Consumable
FDS59,14.8,Regular,0.04368089,Breads,110.157,OUT027,Medium,Tier 3,Supermarket Type3,7.744135328,Food
FDV16,7.75,Regular,0.083268523,Frozen Foods,32.9558,OUT018,Medium,Tier 3,Supermarket Type2,4.63344078,Food
FDC03,8.575,Regular,0.071832909,Dairy,194.1794,OUT035,Small,Tier 2,Supermarket Type1,8.10692149,Food
FDV60,20.2,Regular,0.138382804,Baking Goods,197.211,OUT013,High,Tier 3,Supermarket Type1,8.170863974,Food
FDJ60,19.35,Regular,0.062625641,Baking Goods,165.3184,OUT049,Medium,Tier 1,Supermarket Type1,7.409853328,Food
FDX20,7.365,Low Fat,0.042646566,Fruits and Vegetables,225.172,OUT045,Small,Tier 2,Supermarket Type1,6.117533162,Food
FDD17,7.5,Low Fat,0.036336647,Frozen Foods,237.7906,OUT035,Small,Tier 2,Supermarket Type1,7.081248817,Food
FDD08,8.3,Low Fat,0.03555434,Fruits and Vegetables,37.4506,OUT017,Small,Tier 2,Supermarket Type1,6.682061729,Food
FDX45,16.75,Low Fat,0.105068444,Snack Foods,156.663,OUT045,Small,Tier 2,Supermarket Type1,7.943546327,Food
FDM25,10.695,Regular,0.060912865,Breakfast,173.8712,OUT018,Medium,Tier 3,Supermarket Type2,8.427498479,Food
NCT42,5.88,Non-Edible,0.02488732,Household,147.5392,OUT046,Small,Tier 1,Supermarket Type1,7.895624295,Non-Consumable
FDT02,12.6,Low Fat,0.024194731,Dairy,36.1874,OUT046,Small,Tier 1,Supermarket Type1,6.050791386,Food
FDV34,10.695,Regular,0.01141595,Snack Foods,74.0038,OUT013,High,Tier 3,Supermarket Type1,6.942787618,Food
NCR41,17.85,Non-Edible,0.018023997,Health and Hygiene,95.9094,OUT046,Small,Tier 1,Supermarket Type1,7.734570043,Non-Consumable
FDT31,19.75,Low Fat,0.012499004,Fruits and Vegetables,188.0872,OUT018,Medium,Tier 3,Supermarket Type2,7.807564372,Food
FDF33,7.97,Low Fat,0.036045991,Seafood,107.5596,OUT010,Small,Tier 3,Grocery Store,6.069439888,Food
NCU29,7.685,Non-Edible,0.044607722,Health and Hygiene,145.976,OUT019,Small,Tier 1,Grocery Store,6.374861263,Non-Consumable
NCB55,15.7,Non-Edible,0.16098885,Household,57.8562,OUT045,Small,Tier 2,Supermarket Type1,6.481298683,Non-Consumable
NCU18,15.1,Non-Edible,0.055793586,Household,139.7496,OUT013,High,Tier 3,Supermarket Type1,8.282277823,Non-Consumable
FDZ59,6.63,Regular,0.104445322,Baking Goods,167.25,OUT018,Medium,Tier 3,Supermarket Type2,7.513136252,Food
NCI29,8.6,Non-Edible,0.032687702,Health and Hygiene,140.9154,OUT045,Small,Tier 2,Supermarket Type1,7.034848793,Non-Consumable
FDL03,19.25,Regular,0.026949463,Meat,197.711,OUT027,Medium,Tier 3,Supermarket Type3,8.499288861,Food
NCQ06,13,Non-Edible,0.041909345,Household,255.0014,OUT045,Small,Tier 2,Supermarket Type1,8.676933739,Non-Consumable
FDY31,5.98,Low Fat,0.04363058,Fruits and Vegetables,148.2418,OUT049,Medium,Tier 1,Supermarket Type1,7.389909663,Food
DRI03,6.03,Low Fat,0.025577904,Dairy,175.1028,OUT049,Medium,Tier 1,Supermarket Type1,7.374582118,Drinks
FDL38,13.8,Regular,0.014793124,Canned,88.5172,OUT018,Medium,Tier 3,Supermarket Type2,7.787325759,Food
FDR37,16.5,Regular,0.065928735,Breakfast,183.0292,OUT027,Medium,Tier 3,Supermarket Type3,9.013146448,Food
FDT59,13.65,Low Fat,0.01583438,Breads,228.5668,OUT027,Medium,Tier 3,Supermarket Type3,8.079040167,Food
FDV28,16.1,Regular,0.159728395,Frozen Foods,34.3558,OUT046,Small,Tier 1,Supermarket Type1,5.608175718,Food
NCX53,20.1,Non-Edible,0.014925407,Health and Hygiene,143.4154,OUT013,High,Tier 3,Supermarket Type1,8.173684054,Non-Consumable
FDZ12,9.17,Low Fat,0.102893121,Baking Goods,141.947,OUT013,High,Tier 3,Supermarket Type1,8.296326047,Food
NCT05,10.895,Non-Edible,0.020951848,Health and Hygiene,255.3672,OUT046,Small,Tier 1,Supermarket Type1,6.643791816,Non-Consumable
FDW38,5.325,Regular,0.15750393,Dairy,55.8298,OUT035,Small,Tier 2,Supermarket Type1,6.18696595,Food
FDD33,12.85,Low Fat,0.108102606,Fruits and Vegetables,233.3642,OUT013,High,Tier 3,Supermarket Type1,8.281772433,Food
FDV39,11.3,Low Fat,0.007292916,Meat,196.8426,OUT019,Small,Tier 1,Grocery Store,6.387262748,Food
DRE25,15.35,Low Fat,0.073697713,Soft Drinks,91.912,OUT017,Small,Tier 2,Supermarket Type1,6.32842238,Drinks
FDC59,16.7,Regular,0.091437584,Starchy Foods,64.3168,OUT010,Small,Tier 3,Grocery Store,4.858521649,Food
FDF58,13.3,Low Fat,0.009581155,Snack Foods,64.951,OUT046,Small,Tier 1,Supermarket Type1,7.405815369,Food
NCP50,17.35,Non-Edible,0.035997636,Others,78.6618,OUT019,Small,Tier 1,Grocery Store,4.401361015,Non-Consumable
FDS33,6.67,Regular,0.12332588,Snack Foods,90.2514,OUT013,High,Tier 3,Supermarket Type1,6.882504546,Food
FDP08,20.5,Regular,0.112584813,Fruits and Vegetables,192.0478,OUT049,Medium,Tier 1,Supermarket Type1,7.346643816,Food
FDF29,15.1,Regular,0.019930418,Frozen Foods,131.531,OUT035,Small,Tier 2,Supermarket Type1,7.957626102,Food
NCF30,17,Non-Edible,0.126244059,Household,124.6362,OUT046,Small,Tier 1,Supermarket Type1,8.269224582,Non-Consumable
FDI50,8.42,Regular,0.030905215,Canned,227.6352,OUT045,Small,Tier 2,Supermarket Type1,7.919146132,Food
FDD56,15.2,Regular,0.104365283,Fruits and Vegetables,177.1054,OUT017,Small,Tier 2,Supermarket Type1,8.056077055,Food
NCN41,17,Non-Edible,0.087387669,Health and Hygiene,125.073,OUT010,Small,Tier 3,Grocery Store,5.914904725,Non-Consumable
FDE23,17.6,Regular,0.053481818,Starchy Foods,47.806,OUT017,Small,Tier 2,Supermarket Type1,6.978155959,Food
FDL26,18,Low Fat,0.073306615,Canned,155.0972,OUT049,Medium,Tier 1,Supermarket Type1,8.267687697,Food
NCB30,14.6,Non-Edible,0.043021542,Household,196.9084,OUT010,Small,Tier 3,Grocery Store,6.390618448,Non-Consumable
FDY50,5.8,Low Fat,0.13169655,Dairy,89.4172,OUT017,Small,Tier 2,Supermarket Type1,7.823678583,Food
NCK19,9.8,Non-Edible,0.090834158,Others,192.2478,OUT018,Medium,Tier 3,Supermarket Type2,8.311325499,Non-Consumable
NCR38,17.25,Non-Edible,0.19875618,Household,250.7724,OUT019,Small,Tier 1,Grocery Store,5.532093788,Non-Consumable
FDI28,14.3,Low Fat,0.026321701,Frozen Foods,77.6302,OUT046,Small,Tier 1,Supermarket Type1,6.858315424,Food
FDO24,11.1,Low Fat,0.176215665,Baking Goods,158.8604,OUT046,Small,Tier 1,Supermarket Type1,7.899089214,Food
FDC45,17,Low Fat,0.136008489,Fruits and Vegetables,171.7106,OUT045,Small,Tier 2,Supermarket Type1,7.445479471,Food
FDU27,18.6,Regular,0.17174348,Meat,48.8376,OUT049,Medium,Tier 1,Supermarket Type1,7.166509342,Food
FDS09,8.895,Regular,0.08154715,Snack Foods,49.8008,OUT017,Small,Tier 2,Supermarket Type1,6.633334223,Food
DRE13,6.28,Low Fat,0.027570939,Soft Drinks,86.6198,OUT027,Medium,Tier 3,Supermarket Type3,7.836122476,Drinks
FDV15,10.3,Low Fat,0.146767897,Meat,102.3648,OUT018,Medium,Tier 3,Supermarket Type2,7.351781909,Food
FDH26,19.25,Regular,0.03467086,Canned,141.8496,OUT013,High,Tier 3,Supermarket Type1,7.783450324,Food
FDI22,12.6,Low Fat,0.09619424,Snack Foods,210.8612,OUT035,Small,Tier 2,Supermarket Type1,7.135183398,Food
FDJ26,15.3,Regular,0.08511049,Canned,215.7218,OUT018,Medium,Tier 3,Supermarket Type2,7.562419498,Food
FDD26,8.71,Regular,0.1263349,Canned,184.0924,OUT019,Small,Tier 1,Grocery Store,6.321266731,Food
NCI55,18.6,Non-Edible,0.012592289,Household,123.3414,OUT027,Medium,Tier 3,Supermarket Type3,8.466492269,Non-Consumable
FDA35,14.85,Regular,0.05357685,Baking Goods,122.2072,OUT027,Medium,Tier 3,Supermarket Type3,8.17574707,Food
FDN21,18.6,Low Fat,0.077168705,Snack Foods,160.6236,OUT018,Medium,Tier 3,Supermarket Type2,7.385377314,Food
NCM43,14.5,Non-Edible,0.032597778,Others,163.621,OUT010,Small,Tier 3,Grocery Store,6.705155502,Non-Consumable
FDD09,13.5,Low Fat,0.021583971,Fruits and Vegetables,179.5976,OUT018,Medium,Tier 3,Supermarket Type2,7.684402813,Food
FDI24,10.3,Low Fat,0.078903499,Baking Goods,177.637,OUT045,Small,Tier 2,Supermarket Type1,8.351253831,Food
NCN41,17,Non-Edible,0.091411749,Health and Hygiene,121.373,OUT019,Small,Tier 1,Grocery Store,5.914904725,Non-Consumable
NCT53,5.4,Non-Edible,0.084245356,Health and Hygiene,164.6526,OUT019,Small,Tier 1,Grocery Store,6.490435784,Non-Consumable
FDQ47,7.155,Regular,0.281509514,Breads,33.8874,OUT010,Small,Tier 3,Grocery Store,3.591470574,Food
NCD42,16.5,Non-Edible,0.012689327,Health and Hygiene,39.7506,OUT018,Medium,Tier 3,Supermarket Type2,5.432426842,Non-Consumable
FDI21,5.59,Regular,0.094741514,Snack Foods,63.1168,OUT010,Small,Tier 3,Grocery Store,5.261396088,Food
FDS48,15.15,Low Fat,0.046496777,Baking Goods,149.6708,OUT010,Small,Tier 3,Grocery Store,5.710233621,Food
FDW50,13.1,Low Fat,0.076005548,Dairy,166.1158,OUT017,Small,Tier 2,Supermarket Type1,7.065451608,Food
FDO37,8.06,Low Fat,0.023444629,Breakfast,232.7326,OUT018,Medium,Tier 3,Supermarket Type2,8.215418036,Food
FDS04,10.195,Regular,0.163295937,Frozen Foods,139.5838,OUT018,Medium,Tier 3,Supermarket Type2,8.411050503,Food
FDP38,10.1,Low Fat,0.053732324,Canned,49.8008,OUT010,Small,Tier 3,Grocery Store,5.719015199,Food
NCF06,6.235,Non-Edible,0.033807904,Household,258.9962,OUT010,Small,Tier 3,Grocery Store,5.560667016,Non-Consumable
FDR35,12.5,Low Fat,0.020782036,Breads,198.3742,OUT018,Medium,Tier 3,Supermarket Type2,7.859013306,Food
FDB04,11.35,Regular,0.063173691,Dairy,86.1856,OUT013,High,Tier 3,Supermarket Type1,7.309918408,Food
FDK16,9.065,Low Fat,0.115563679,Frozen Foods,96.0094,OUT045,Small,Tier 2,Supermarket Type1,7.447033773,Food
FDM57,11.65,Regular,0.076278201,Snack Foods,85.1908,OUT017,Small,Tier 2,Supermarket Type1,6.510446418,Food
FDF45,18.2,Regular,0.012223687,Fruits and Vegetables,57.1904,OUT049,Medium,Tier 1,Supermarket Type1,7.403384744,Food
FDH04,6.115,Regular,0.011419301,Frozen Foods,91.0488,OUT018,Medium,Tier 3,Supermarket Type2,7.396874044,Food
FDL25,6.92,Regular,0.131458247,Breakfast,90.5804,OUT018,Medium,Tier 3,Supermarket Type2,5.219062015,Food
FDK40,7.035,Low Fat,0.021883368,Frozen Foods,263.791,OUT049,Medium,Tier 1,Supermarket Type1,8.516758897,Food
FDV46,18.2,Low Fat,0.012607876,Snack Foods,139.818,OUT046,Small,Tier 1,Supermarket Type1,7.24364163,Food
FDU31,10.5,Regular,0.025041738,Fruits and Vegetables,218.7508,OUT045,Small,Tier 2,Supermarket Type1,8.088488729,Food
NCQ53,17.6,Non-Edible,0.018934719,Health and Hygiene,237.759,OUT049,Medium,Tier 1,Supermarket Type1,8.173684054,Non-Consumable
FDD09,13.5,Low Fat,0.021392306,Fruits and Vegetables,182.0976,OUT027,Medium,Tier 3,Supermarket Type3,8.725559032,Food
FDY19,19.75,Low Fat,0.041448824,Fruits and Vegetables,116.5466,OUT045,Small,Tier 2,Supermarket Type1,7.947791114,Food
FDI33,16.5,Low Fat,0.028395167,Snack Foods,91.7146,OUT013,High,Tier 3,Supermarket Type1,7.809457798,Food
FDG08,13.15,Regular,0.165221717,Fruits and Vegetables,172.0764,OUT013,High,Tier 3,Supermarket Type1,8.404514049,Food
FDE39,7.89,Low Fat,0.036127671,Dairy,117.4782,OUT035,Small,Tier 2,Supermarket Type1,7.614326651,Food
FDH53,20.5,Regular,0.019277945,Frozen Foods,82.8592,OUT018,Medium,Tier 3,Supermarket Type2,7.45861467,Food
FDB09,16.25,Low Fat,0.057629899,Fruits and Vegetables,123.9046,OUT018,Medium,Tier 3,Supermarket Type2,7.022459268,Food
FDI22,12.6,Low Fat,0.096212432,Snack Foods,207.2612,OUT046,Small,Tier 1,Supermarket Type1,8.387377219,Food
FDX24,8.355,Low Fat,0.024387984,Baking Goods,92.4462,OUT019,Small,Tier 1,Grocery Store,5.226243325,Food
FDE09,8.775,Low Fat,0.021647195,Fruits and Vegetables,109.5228,OUT045,Small,Tier 2,Supermarket Type1,6.90345123,Food
FDJ57,7.42,Regular,0.021573645,Seafood,184.6582,OUT046,Small,Tier 1,Supermarket Type1,8.520482057,Food
DRC49,8.67,Low Fat,0.065424208,Soft Drinks,145.8128,OUT035,Small,Tier 2,Supermarket Type1,7.802134743,Drinks
FDU19,8.77,Regular,0.046866331,Fruits and Vegetables,170.5422,OUT045,Small,Tier 2,Supermarket Type1,7.347930816,Food
FDU43,19.35,Regular,0.057762301,Fruits and Vegetables,238.6564,OUT013,High,Tier 3,Supermarket Type1,8.182096888,Food
FDA50,16.25,Low Fat,0.087102593,Dairy,96.041,OUT013,High,Tier 3,Supermarket Type1,6.768342626,Food
NCM29,11.5,Non-Edible,0.01774202,Health and Hygiene,129.6626,OUT017,Small,Tier 2,Supermarket Type1,7.516039537,Non-Consumable
FDQ13,11.1,Low Fat,0.010632752,Canned,82.5908,OUT013,High,Tier 3,Supermarket Type1,7.320549728,Food
FDB26,14,Regular,0.031116081,Canned,55.264,OUT027,Medium,Tier 3,Supermarket Type3,7.343203695,Food
FDI21,5.59,Regular,0.05671761,Snack Foods,62.9168,OUT045,Small,Tier 2,Supermarket Type1,7.24933559,Food
FDV25,5.905,Low Fat,0.079931185,Canned,219.7456,OUT019,Small,Tier 1,Grocery Store,6.785793725,Food
FDQ23,6.55,Low Fat,0.024505418,Breads,102.9332,OUT013,High,Tier 3,Supermarket Type1,7.52110009,Food
FDJ41,6.85,Low Fat,0.03830192,Frozen Foods,261.2594,OUT010,Small,Tier 3,Grocery Store,6.954293004,Food
NCO42,21.25,Non-Edible,0.024693927,Household,144.1102,OUT049,Medium,Tier 1,Supermarket Type1,7.467783782,Non-Consumable
FDQ13,11.1,Low Fat,0.010590075,Canned,84.6908,OUT027,Medium,Tier 3,Supermarket Type3,8.213976465,Food
FDU47,12.8,Regular,0.190569038,Breads,138.7838,OUT010,Small,Tier 3,Grocery Store,5.641792171,Food
FDW57,8.31,Regular,0.116062371,Snack Foods,177.4028,OUT046,Small,Tier 1,Supermarket Type1,8.268029432,Food
DRN47,12.1,Low Fat,0.016826748,Hard Drinks,179.166,OUT046,Small,Tier 1,Supermarket Type1,8.025196518,Drinks
FDW28,18.25,Low Fat,0.088394115,Frozen Foods,194.7452,OUT027,Medium,Tier 3,Supermarket Type3,8.67818147,Food
NCN42,20.25,Non-Edible,0.014227094,Household,145.6418,OUT013,High,Tier 3,Supermarket Type1,8.127186405,Non-Consumable
FDR60,14.3,Low Fat,0.129783577,Baking Goods,78.2328,OUT027,Medium,Tier 3,Supermarket Type3,6.912769089,Food
FDO09,13.5,Regular,0.12522226,Snack Foods,262.891,OUT019,Small,Tier 1,Grocery Store,6.671998768,Food
FDX45,16.75,Low Fat,0.116217802,Snack Foods,156.163,OUT046,Small,Tier 1,Supermarket Type1,7.943546327,Food
FDH27,7.075,Low Fat,0.058465268,Dairy,145.3128,OUT045,Small,Tier 2,Supermarket Type1,7.533996552,Food
FDO08,11.1,Regular,0.053765212,Fruits and Vegetables,163.1526,OUT035,Small,Tier 2,Supermarket Type1,7.501070301,Food
FDG10,6.63,Regular,0.01098386,Snack Foods,55.4588,OUT018,Medium,Tier 3,Supermarket Type2,5.842247344,Food
FDZ40,8.935,Low Fat,0.040245222,Frozen Foods,54.9298,OUT049,Medium,Tier 1,Supermarket Type1,7.207300456,Food
FDZ27,7.935,Low Fat,0.017253305,Dairy,51.435,OUT017,Small,Tier 2,Supermarket Type1,6.215307854,Food
FDZ46,7.485,Low Fat,0.069231189,Snack Foods,112.1228,OUT049,Medium,Tier 1,Supermarket Type1,7.103939306,Food
FDI46,9.5,Low Fat,0.074648119,Snack Foods,253.3724,OUT018,Medium,Tier 3,Supermarket Type2,6.628064127,Food
NCW53,18.35,Non-Edible,0.030542489,Health and Hygiene,193.1162,OUT049,Medium,Tier 1,Supermarket Type1,7.899089214,Non-Consumable
FDY52,6.365,Low Fat,0.007359711,Frozen Foods,60.1536,OUT049,Medium,Tier 1,Supermarket Type1,6.196502782,Food
FDU07,11.1,Low Fat,0.059940022,Fruits and Vegetables,149.1366,OUT049,Medium,Tier 1,Supermarket Type1,8.350624851,Food
NCQ05,11.395,Non-Edible,0.027777042,Health and Hygiene,149.2708,OUT017,Small,Tier 2,Supermarket Type1,7.786773044,Non-Consumable
FDT16,9.895,Regular,0.048860587,Frozen Foods,260.2278,OUT018,Medium,Tier 3,Supermarket Type2,8.334770381,Food
NCJ17,7.68,Non-Edible,0.153419412,Health and Hygiene,86.4224,OUT017,Small,Tier 2,Supermarket Type1,6.238977537,Non-Consumable
NCY29,13.65,Non-Edible,0.077219509,Health and Hygiene,56.493,OUT035,Small,Tier 2,Supermarket Type1,6.235071292,Non-Consumable
NCQ18,15.75,Non-Edible,0.13504726,Household,98.57,OUT035,Small,Tier 2,Supermarket Type1,7.823145606,Non-Consumable
FDS02,10.195,Regular,0.146094132,Dairy,196.1794,OUT049,Medium,Tier 1,Supermarket Type1,7.981798539,Food
NCK31,10.895,Non-Edible,0.027157955,Others,50.2666,OUT018,Medium,Tier 3,Supermarket Type2,6.710846565,Non-Consumable
FDH60,19.7,Regular,0.080346058,Baking Goods,195.711,OUT027,Medium,Tier 3,Supermarket Type3,8.612595731,Food
FDO19,17.7,Regular,0.016596645,Fruits and Vegetables,48.3034,OUT046,Small,Tier 1,Supermarket Type1,6.657567302,Food
DRF37,17.25,Low Fat,0.084316691,Soft Drinks,263.391,OUT035,Small,Tier 2,Supermarket Type1,8.750332063,Drinks
FDN21,18.6,Low Fat,0.076791671,Snack Foods,161.0236,OUT013,High,Tier 3,Supermarket Type1,8.217935796,Food
FDM14,13.8,Low Fat,0.01326146,Canned,108.0254,OUT035,Small,Tier 2,Supermarket Type1,6.634209878,Food
FDO08,11.1,Regular,0.069147622,Fruits and Vegetables,165.5526,OUT018,Medium,Tier 3,Supermarket Type2,7.588035636,Food
FDS27,10.195,Regular,0.012528611,Meat,195.111,OUT017,Small,Tier 2,Supermarket Type1,8.224916312,Food
DRM59,5.88,Low Fat,0.003597678,Hard Drinks,153.8998,OUT049,Medium,Tier 1,Supermarket Type1,7.980432886,Drinks
NCO29,11.15,Non-Edible,0.032438645,Health and Hygiene,163.0526,OUT017,Small,Tier 2,Supermarket Type1,7.742113959,Non-Consumable
FDC32,18.35,Low Fat,0.173527068,Fruits and Vegetables,92.0462,OUT019,Small,Tier 1,Grocery Store,5.629915602,Food
DRA12,11.6,Low Fat,0.041112694,Soft Drinks,142.0154,OUT018,Medium,Tier 3,Supermarket Type2,6.747460228,Drinks
FDI14,14.1,Low Fat,0.089243504,Canned,139.2496,OUT027,Medium,Tier 3,Supermarket Type3,7.589383571,Food
DRG51,12.1,Low Fat,0.011539622,Dairy,163.5526,OUT046,Small,Tier 1,Supermarket Type1,7.742113959,Drinks
FDR33,7.31,Low Fat,0.04690397,Snack Foods,110.657,OUT019,Small,Tier 1,Grocery Store,6.492454963,Food
FDS23,4.635,Low Fat,0.141686037,Breads,126.9994,OUT017,Small,Tier 2,Supermarket Type1,7.495537277,Food
NCF43,8.51,Non-Edible,0.052051256,Household,142.247,OUT045,Small,Tier 2,Supermarket Type1,7.603428267,Non-Consumable
DRN37,9.6,Low Fat,0.09627919,Soft Drinks,167.3158,OUT035,Small,Tier 2,Supermarket Type1,7.517126099,Drinks
FDX57,17.25,Regular,0.047533568,Snack Foods,96.9068,OUT017,Small,Tier 2,Supermarket Type1,7.285576457,Food
NCC42,15,Non-Edible,0.04499948,Health and Hygiene,140.4838,OUT045,Small,Tier 2,Supermarket Type1,7.430591842,Non-Consumable
FDS47,16.75,Low Fat,0.12888573,Breads,87.6856,OUT046,Small,Tier 1,Supermarket Type1,7.309918408,Food
DRK35,8.365,Low Fat,0.120256303,Hard Drinks,39.2506,OUT010,Small,Tier 3,Grocery Store,4.342521481,Drinks
DRF37,17.25,Low Fat,0.084516245,Soft Drinks,261.291,OUT019,Small,Tier 1,Grocery Store,6.671998768,Drinks
DRI23,18.85,Low Fat,0.137755834,Hard Drinks,161.8578,OUT018,Medium,Tier 3,Supermarket Type2,8.169356673,Drinks
FDB28,6.615,Low Fat,0.093913607,Dairy,198.7426,OUT017,Small,Tier 2,Supermarket Type1,7.079568146,Food
FDU50,5.75,Regular,0.075287081,Dairy,115.3176,OUT049,Medium,Tier 1,Supermarket Type1,6.351911369,Food
FDD22,10,Low Fat,0.100055625,Snack Foods,113.3544,OUT018,Medium,Tier 3,Supermarket Type2,8.151473582,Food
FDG04,13.1,Low Fat,0.006061565,Frozen Foods,188.9898,OUT035,Small,Tier 2,Supermarket Type1,8.367315297,Food
FDM08,10.1,Regular,0.053667516,Fruits and Vegetables,223.0088,OUT049,Medium,Tier 1,Supermarket Type1,6.510446418,Food
FDI28,14.3,Low Fat,0.026194237,Frozen Foods,79.0302,OUT027,Medium,Tier 3,Supermarket Type3,7.550937125,Food
FDM57,11.65,Regular,0.076002991,Snack Foods,83.4908,OUT045,Small,Tier 2,Supermarket Type1,6.223260161,Food
NCS17,18.6,Non-Edible,0.080111611,Health and Hygiene,94.6436,OUT027,Medium,Tier 3,Supermarket Type3,8.310507169,Non-Consumable
FDX44,9.3,Low Fat,0.043141572,Fruits and Vegetables,90.4172,OUT018,Medium,Tier 3,Supermarket Type2,7.13093147,Food
DRE03,19.6,Low Fat,0.024276035,Dairy,45.3718,OUT045,Small,Tier 2,Supermarket Type1,6.422489209,Drinks
FDT46,11.35,Low Fat,0.03093263,Snack Foods,51.5008,OUT018,Medium,Tier 3,Supermarket Type2,6.410519559,Food
FDW60,5.44,Regular,0.017096552,Baking Goods,178.137,OUT045,Small,Tier 2,Supermarket Type1,8.063650455,Food
FDE44,14.65,Low Fat,0.172357491,Fruits and Vegetables,50.8692,OUT017,Small,Tier 2,Supermarket Type1,6.671155599,Food
FDT24,12.35,Regular,0.185824165,Baking Goods,78.5328,OUT035,Small,Tier 2,Supermarket Type1,6.545486433,Food
FDO20,12.85,Regular,0.152988295,Fruits and Vegetables,253.7382,OUT017,Small,Tier 2,Supermarket Type1,7.728435058,Food
FDV47,17.1,Low Fat,0.062442539,Breads,85.5566,OUT049,Medium,Tier 1,Supermarket Type1,7.529001005,Food
FDZ26,11.6,Regular,0.143897558,Dairy,240.6222,OUT013,High,Tier 3,Supermarket Type1,7.961811666,Food
FDK48,7.445,Low Fat,0.037845086,Baking Goods,75.5354,OUT017,Small,Tier 2,Supermarket Type1,7.579229488,Food
FDX32,15.1,Regular,0.1748389,Fruits and Vegetables,142.8786,OUT019,Small,Tier 1,Grocery Store,6.074048178,Food
FDE56,17.25,Regular,0.278730642,Fruits and Vegetables,63.2194,OUT019,Small,Tier 1,Grocery Store,5.516157278,Food
DRJ01,6.135,Low Fat,0.115500999,Soft Drinks,161.1236,OUT018,Medium,Tier 3,Supermarket Type2,6.470016535,Drinks
FDC53,8.68,Low Fat,0.01478914,Frozen Foods,97.7384,OUT010,Small,Tier 3,Grocery Store,4.600543499,Food
NCN07,18.5,Non-Edible,0.033938279,Others,132.5284,OUT035,Small,Tier 2,Supermarket Type1,7.184844444,Non-Consumable
FDI28,14.3,Low Fat,0.026299797,Frozen Foods,79.4302,OUT013,High,Tier 3,Supermarket Type1,7.46397353,Food
NCO55,12.8,Non-Edible,0.159394437,Others,105.6938,OUT019,Small,Tier 1,Grocery Store,5.372439196,Non-Consumable
FDP46,15.35,Low Fat,0.093265779,Snack Foods,88.283,OUT046,Small,Tier 1,Supermarket Type1,7.494797222,Food
FDX26,17.7,Low Fat,0.108696978,Dairy,182.5292,OUT013,High,Tier 3,Supermarket Type1,7.914777725,Food
FDD56,15.2,Regular,0.10377827,Fruits and Vegetables,175.6054,OUT046,Small,Tier 1,Supermarket Type1,7.804853242,Food
FDP12,9.8,Regular,0.045522854,Baking Goods,35.0874,OUT017,Small,Tier 2,Supermarket Type1,5.868940918,Food
FDT40,5.985,Low Fat,0.095331433,Frozen Foods,125.5678,OUT027,Medium,Tier 3,Supermarket Type3,7.841632852,Food
FDV57,15.25,Regular,0.065916805,Snack Foods,179.766,OUT018,Medium,Tier 3,Supermarket Type2,8.025196518,Food
FDZ09,17.6,Low Fat,0.105472205,Snack Foods,165.6868,OUT017,Small,Tier 2,Supermarket Type1,8.043325852,Food
FDA07,7.55,Regular,0.030938774,Fruits and Vegetables,121.0072,OUT035,Small,Tier 2,Supermarket Type1,7.641863196,Food
FDV36,18.7,Low Fat,0.026174636,Baking Goods,127.102,OUT027,Medium,Tier 3,Supermarket Type3,8.13638772,Food
FDQ01,19.7,Regular,0.160671255,Canned,254.7014,OUT035,Small,Tier 2,Supermarket Type1,8.180606436,Food
FDW46,13,Regular,0.070243155,Snack Foods,65.7484,OUT013,High,Tier 3,Supermarket Type1,5.972512078,Food
FDW19,12.35,Regular,0.038313981,Fruits and Vegetables,109.957,OUT027,Medium,Tier 3,Supermarket Type3,8.41297358,Food
FDY01,11.8,Regular,0.170548238,Canned,113.8834,OUT049,Medium,Tier 1,Supermarket Type1,7.232155513,Food
FDG60,20.35,Low Fat,0.060794097,Baking Goods,233.6616,OUT049,Medium,Tier 1,Supermarket Type1,7.85514832,Food
FDL22,16.85,Low Fat,0.036446751,Snack Foods,90.3488,OUT049,Medium,Tier 1,Supermarket Type1,6.90478768,Food
DRK01,7.63,Low Fat,0.061188147,Soft Drinks,94.0436,OUT045,Small,Tier 2,Supermarket Type1,7.034848793,Drinks
FDO12,15.75,Low Fat,0.054884821,Baking Goods,195.3452,OUT013,High,Tier 3,Supermarket Type1,7.474605861,Food
FDX12,18.2,Regular,0.026064486,Baking Goods,241.8196,OUT046,Small,Tier 1,Supermarket Type1,8.318335633,Food
FDR28,13.85,Regular,0.025936747,Frozen Foods,164.921,OUT049,Medium,Tier 1,Supermarket Type1,7.867464057,Food
FDH57,10.895,Low Fat,0.035949725,Fruits and Vegetables,132.9284,OUT017,Small,Tier 2,Supermarket Type1,8.10068028,Food
FDC04,15.6,Low Fat,0.045168898,Dairy,242.9854,OUT018,Medium,Tier 3,Supermarket Type2,7.685321087,Food
NCI06,11.3,Non-Edible,0.04767798,Household,181.466,OUT013,High,Tier 3,Supermarket Type1,8.236443302,Non-Consumable
NCY53,20,Non-Edible,0.058812134,Health and Hygiene,111.6544,OUT017,Small,Tier 2,Supermarket Type1,7.356893737,Non-Consumable
FDR22,19.35,Regular,0.018667601,Snack Foods,112.9544,OUT017,Small,Tier 2,Supermarket Type1,7.975638358,Food
FDM33,15.6,Low Fat,0.087646694,Snack Foods,221.5798,OUT013,High,Tier 3,Supermarket Type1,8.614409735,Food
FDO57,20.75,Low Fat,0.19033746,Snack Foods,159.4578,OUT019,Small,Tier 1,Grocery Store,5.084243808,Food
FDO56,10.195,Regular,0.045165796,Fruits and Vegetables,118.4808,OUT018,Medium,Tier 3,Supermarket Type2,7.403384744,Food
FDO58,19.6,Low Fat,0.039385518,Snack Foods,164.8526,OUT027,Medium,Tier 3,Supermarket Type3,7.875591082,Food
FDQ45,9.5,Regular,0.010914988,Snack Foods,183.8608,OUT035,Small,Tier 2,Supermarket Type1,7.85308087,Food
FDO60,20,Low Fat,0.034203092,Baking Goods,43.3086,OUT027,Medium,Tier 3,Supermarket Type3,6.438583943,Food
FDI34,10.65,Regular,0.085268317,Snack Foods,229.7668,OUT049,Medium,Tier 1,Supermarket Type1,8.27314148,Food
FDJ26,15.3,Regular,0.084354713,Canned,215.5218,OUT027,Medium,Tier 3,Supermarket Type3,8.500372798,Food
FDV08,7.35,Low Fat,0.028571132,Fruits and Vegetables,40.8454,OUT013,High,Tier 3,Supermarket Type1,6.377127548,Food
DRD60,15.7,Low Fat,0.037383778,Soft Drinks,179.7634,OUT018,Medium,Tier 3,Supermarket Type2,7.505840949,Drinks
FDX20,7.365,Low Fat,0.042354152,Fruits and Vegetables,227.272,OUT027,Medium,Tier 3,Supermarket Type3,8.856309358,Food
FDG59,15.85,Low Fat,0.043410693,Starchy Foods,39.4164,OUT018,Medium,Tier 3,Supermarket Type2,5.046424485,Food
FDN58,13.8,Regular,0.056872392,Snack Foods,231.1984,OUT046,Small,Tier 1,Supermarket Type1,8.53667514,Food
FDV48,9.195,Regular,0.051573903,Baking Goods,79.8644,OUT013,High,Tier 3,Supermarket Type1,6.667775795,Food
FDA15,9.3,Low Fat,0.016113019,Dairy,248.8092,OUT017,Small,Tier 2,Supermarket Type1,8.69571099,Food
FDI19,15.1,Low Fat,0.052295514,Meat,242.9512,OUT013,High,Tier 3,Supermarket Type1,8.486326478,Food
FDX19,19.1,Low Fat,0.097127867,Fruits and Vegetables,234.4958,OUT018,Medium,Tier 3,Supermarket Type2,7.400541527,Food
FDO52,11.6,Regular,0.077284566,Frozen Foods,172.4106,OUT049,Medium,Tier 1,Supermarket Type1,8.361419696,Food
NCO05,7.27,Non-Edible,0.046653872,Health and Hygiene,98.6384,OUT045,Small,Tier 2,Supermarket Type1,7.586685881,Non-Consumable
NCP17,19.35,Non-Edible,0.02775746,Health and Hygiene,62.5168,OUT049,Medium,Tier 1,Supermarket Type1,7.336287745,Non-Consumable
FDK56,9.695,Low Fat,0.130075742,Fruits and Vegetables,186.7898,OUT010,Small,Tier 3,Grocery Store,6.331981094,Food
NCG43,20.2,Non-Edible,0.091872464,Household,94.1462,OUT046,Small,Tier 1,Supermarket Type1,6.726132438,Non-Consumable
DRM59,5.88,Low Fat,0.003574698,Hard Drinks,154.6998,OUT027,Medium,Tier 3,Supermarket Type3,8.080483764,Drinks
FDA47,10.5,Regular,0.11733375,Baking Goods,164.121,OUT017,Small,Tier 2,Supermarket Type1,7.928066149,Food
FDY20,12.5,Regular,0.081684728,Fruits and Vegetables,92.3488,OUT013,High,Tier 3,Supermarket Type1,7.071687449,Food
FDZ22,9.395,Low Fat,0.079261744,Snack Foods,81.825,OUT019,Small,Tier 1,Grocery Store,4.433491789,Food
FDB52,17.75,Low Fat,0.030410273,Dairy,256.0672,OUT013,High,Tier 3,Supermarket Type1,7.623806938,Food
NCS29,9,Non-Edible,0.069938838,Health and Hygiene,264.8884,OUT017,Small,Tier 2,Supermarket Type1,7.977924334,Non-Consumable
DRC12,17.85,Low Fat,0.037885683,Soft Drinks,190.4188,OUT049,Medium,Tier 1,Supermarket Type1,6.859713535,Drinks
FDP13,8.1,Regular,0.235183205,Canned,41.548,OUT019,Small,Tier 1,Grocery Store,4.393164379,Food
DRF23,4.61,Low Fat,0.123151947,Hard Drinks,175.2396,OUT018,Medium,Tier 3,Supermarket Type2,7.646962806,Drinks
FDB56,8.75,Regular,0.074565098,Fruits and Vegetables,186.8556,OUT013,High,Tier 3,Supermarket Type1,8.89883932,Food
FDQ47,7.155,Regular,0.169137707,Breads,35.2874,OUT017,Small,Tier 2,Supermarket Type1,5.963994168,Food
FDY39,5.305,Regular,0.06384491,Meat,182.0608,OUT027,Medium,Tier 3,Supermarket Type3,8.95143409,Food
FDY36,12.3,Low Fat,0.009429612,Baking Goods,71.338,OUT045,Small,Tier 2,Supermarket Type1,7.002674473,Food
NCM17,7.93,Non-Edible,0.071076672,Health and Hygiene,44.9086,OUT013,High,Tier 3,Supermarket Type1,6.689543049,Non-Consumable
DRN35,8.01,Low Fat,0.070234306,Hard Drinks,34.9532,OUT035,Small,Tier 2,Supermarket Type1,6.292120839,Drinks
FDK22,9.8,Low Fat,0.043663452,Snack Foods,217.185,OUT010,Small,Tier 3,Grocery Store,6.07251444,Food
FDI07,12.35,Regular,0.059110912,Meat,199.3426,OUT019,Small,Tier 1,Grocery Store,5.982638714,Food
DRK37,5,Low Fat,0.054947587,Soft Drinks,190.453,OUT010,Small,Tier 3,Grocery Store,5.941501946,Drinks
NCP05,19.6,Non-Edible,0.042324556,Health and Hygiene,150.9024,OUT010,Small,Tier 3,Grocery Store,5.719015199,Non-Consumable
NCD42,16.5,Non-Edible,0.012657494,Health and Hygiene,36.3506,OUT049,Medium,Tier 1,Supermarket Type1,6.772924528,Non-Consumable
FDW11,12.6,Low Fat,0.048857925,Breads,61.0194,OUT049,Medium,Tier 1,Supermarket Type1,6.959996434,Food
FDI14,14.1,Low Fat,0.090185027,Canned,140.2496,OUT017,Small,Tier 2,Supermarket Type1,7.894632108,Food
NCY42,6.38,Non-Edible,0.015186146,Household,144.947,OUT049,Medium,Tier 1,Supermarket Type1,8.142216938,Non-Consumable
FDV26,20.25,Regular,0.084332563,Dairy,194.2794,OUT049,Medium,Tier 1,Supermarket Type1,8.364682087,Food
FDX15,17.2,Low Fat,0.155541973,Meat,159.7578,OUT027,Medium,Tier 3,Supermarket Type3,6.46588217,Food
NCG07,12.3,Non-Edible,0.052502049,Household,190.853,OUT046,Small,Tier 1,Supermarket Type1,8.381446547,Non-Consumable
FDC44,15.6,Low Fat,0.172596885,Fruits and Vegetables,114.8518,OUT046,Small,Tier 1,Supermarket Type1,7.679798756,Food
FDC47,15,Low Fat,0.118868155,Snack Foods,229.4694,OUT035,Small,Tier 2,Supermarket Type1,8.689229435,Food
NCK53,11.6,Non-Edible,0.037639672,Health and Hygiene,98.4042,OUT049,Medium,Tier 1,Supermarket Type1,7.236957438,Non-Consumable
FDY49,17.2,Regular,0.021031586,Canned,164.7184,OUT019,Small,Tier 1,Grocery Store,6.207291799,Food
NCM07,9.395,Non-Edible,0.069968018,Others,83.9908,OUT019,Small,Tier 1,Grocery Store,5.128605571,Non-Consumable
FDR47,17.85,Low Fat,0.087963415,Breads,193.3794,OUT017,Small,Tier 2,Supermarket Type1,8.364682087,Food
FDS59,14.8,Regular,0.043885147,Breads,108.757,OUT035,Small,Tier 2,Supermarket Type1,7.532928176,Food
DRK47,7.905,Low Fat,0.064163983,Hard Drinks,229.9694,OUT049,Medium,Tier 1,Supermarket Type1,8.426915686,Drinks
FDZ27,7.935,Low Fat,0.01719232,Dairy,51.235,OUT019,Small,Tier 1,Grocery Store,3.93055031,Food
FDE36,5.26,Regular,0.041882027,Baking Goods,165.5868,OUT027,Medium,Tier 3,Supermarket Type3,8.595258142,Food
FDM51,11.8,Regular,0.02592132,Meat,101.9674,OUT035,Small,Tier 2,Supermarket Type1,7.457462597,Food
FDY48,14,Low Fat,0.023734872,Baking Goods,103.2332,OUT046,Small,Tier 1,Supermarket Type1,7.52110009,Food
FDA35,14.85,Regular,0.053921264,Baking Goods,123.0072,OUT049,Medium,Tier 1,Supermarket Type1,7.58126857,Food
NCL31,7.39,Non-Edible,0.120770963,Others,143.447,OUT018,Medium,Tier 3,Supermarket Type2,7.736897315,Non-Consumable
FDC47,15,Low Fat,0.118791698,Snack Foods,229.9694,OUT013,High,Tier 3,Supermarket Type1,8.375633913,Food
FDI26,5.94,Low Fat,0.034717799,Canned,179.4344,OUT027,Medium,Tier 3,Supermarket Type3,8.71074637,Food
FDQ16,19.7,Low Fat,0.041823046,Frozen Foods,108.0912,OUT045,Small,Tier 2,Supermarket Type1,7.583980894,Food
FDK15,10.8,Low Fat,0.164724567,Meat,98.4042,OUT010,Small,Tier 3,Grocery Store,4.607210104,Food
NCO53,16.2,Non-Edible,0.174336148,Health and Hygiene,184.0608,OUT027,Medium,Tier 3,Supermarket Type3,8.769138443,Non-Consumable
FDG12,6.635,Regular,0.006295472,Baking Goods,122.4098,OUT027,Medium,Tier 3,Supermarket Type3,8.225985926,Food
FDU28,19.2,Regular,0.093463546,Frozen Foods,189.1214,OUT027,Medium,Tier 3,Supermarket Type3,7.724029767,Food
FDI20,19.1,Low Fat,0.067520165,Fruits and Vegetables,211.3586,OUT019,Small,Tier 1,Grocery Store,6.047649209,Food
DRN37,9.6,Low Fat,0.161182103,Soft Drinks,165.3158,OUT010,Small,Tier 3,Grocery Store,5.814821636,Drinks
FDD28,10.695,Low Fat,0.053296868,Frozen Foods,59.6904,OUT046,Small,Tier 1,Supermarket Type1,6.844225742,Food
FDP31,21.1,Regular,0.161474419,Fruits and Vegetables,62.9168,OUT035,Small,Tier 2,Supermarket Type1,6.991715473,Food
DRD27,18.75,Low Fat,0.041740624,Dairy,98.3042,OUT019,Small,Tier 1,Grocery Store,5.295354983,Drinks
DRF01,5.655,Low Fat,0.306542848,Soft Drinks,147.3102,OUT019,Small,Tier 1,Grocery Store,5.678876206,Drinks
DRD25,6.135,Low Fat,0.079293753,Soft Drinks,111.286,OUT018,Medium,Tier 3,Supermarket Type2,7.72520641,Drinks
FDD53,16.2,Low Fat,0.044472637,Frozen Foods,43.3454,OUT017,Small,Tier 2,Supermarket Type1,6.828494299,Food
FDQ24,15.7,Low Fat,0.073816097,Baking Goods,253.4724,OUT045,Small,Tier 2,Supermarket Type1,7.608066338,Food
FDY49,17.2,Regular,0.012080016,Canned,164.4184,OUT017,Small,Tier 2,Supermarket Type1,7.879629959,Food
NCP18,12.15,Non-Edible,0.02859825,Household,150.4708,OUT046,Small,Tier 1,Supermarket Type1,7.722262202,Non-Consumable
FDT07,5.82,Regular,0.076944658,Fruits and Vegetables,257.133,OUT027,Medium,Tier 3,Supermarket Type3,8.913907725,Food
FDG46,8.63,Regular,0.055084019,Snack Foods,114.7518,OUT010,Small,Tier 3,Grocery Store,6.123385393,Food
FDH50,15,Regular,0.162093059,Canned,182.5266,OUT018,Medium,Tier 3,Supermarket Type2,7.163936003,Food
FDS40,15.35,Low Fat,0.024546148,Frozen Foods,34.619,OUT019,Small,Tier 1,Grocery Store,3.627509242,Food
FDZ60,20.5,Low Fat,0.118783796,Baking Goods,108.5596,OUT027,Medium,Tier 3,Supermarket Type3,7.453998393,Food
FDG38,8.975,Regular,0.052836076,Canned,86.6224,OUT045,Small,Tier 2,Supermarket Type1,7.390320678,Food
FDG31,12.15,Low Fat,0.037889224,Meat,64.7826,OUT035,Small,Tier 2,Supermarket Type1,6.808107746,Food
FDS39,6.895,Low Fat,0.022587621,Meat,143.7812,OUT017,Small,Tier 2,Supermarket Type1,7.598768584,Food
FDL22,16.85,Low Fat,0.036213953,Snack Foods,92.5488,OUT027,Medium,Tier 3,Supermarket Type3,7.873565509,Food
FDQ20,8.325,Low Fat,0.029779207,Fruits and Vegetables,39.3138,OUT035,Small,Tier 2,Supermarket Type1,6.883187139,Food
DRB24,8.785,Low Fat,0.020693619,Soft Drinks,153.1656,OUT017,Small,Tier 2,Supermarket Type1,7.525417417,Drinks
DRI51,17.25,Low Fat,0.042037073,Dairy,172.6764,OUT027,Medium,Tier 3,Supermarket Type3,8.729874265,Drinks
FDJ60,19.35,Regular,0.062516602,Baking Goods,163.9184,OUT035,Small,Tier 2,Supermarket Type1,8.051420471,Food
FDB40,17.5,Regular,0.012620221,Dairy,144.8102,OUT010,Small,Tier 3,Grocery Store,5.678876206,Food
FDO15,16.75,Regular,0.008615,Meat,72.4038,OUT017,Small,Tier 2,Supermarket Type1,6.606701536,Food
FDI53,8.895,Regular,0.137618927,Frozen Foods,161.5236,OUT035,Small,Tier 2,Supermarket Type1,7.480631106,Food
FDZ14,7.71,Regular,0.047588696,Dairy,122.4756,OUT046,Small,Tier 1,Supermarket Type1,6.408327782,Food
NCD54,21.1,Non-Edible,0.050790917,Household,142.7786,OUT019,Small,Tier 1,Grocery Store,4.980028997,Non-Consumable
FDF28,15.7,Regular,0.037864721,Frozen Foods,124.1046,OUT046,Small,Tier 1,Supermarket Type1,7.022459268,Food
FDD39,16.7,Low Fat,0.070551723,Dairy,217.685,OUT017,Small,Tier 2,Supermarket Type1,7.680106354,Food
NCN54,20.35,Non-Edible,0.021326471,Household,76.1328,OUT046,Small,Tier 1,Supermarket Type1,6.650703279,Non-Consumable
NCO41,12.5,Non-Edible,0.018955479,Health and Hygiene,100.1384,OUT017,Small,Tier 2,Supermarket Type1,7.681949955,Non-Consumable
FDH45,15.1,Regular,0.105666833,Fruits and Vegetables,41.6796,OUT046,Small,Tier 1,Supermarket Type1,6.207291799,Food
NCD55,14,Non-Edible,0.040725405,Household,43.4454,OUT010,Small,Tier 3,Grocery Store,3.759929541,Non-Consumable
DRK35,8.365,Low Fat,0.072252888,Hard Drinks,39.6506,OUT017,Small,Tier 2,Supermarket Type1,6.72852478,Drinks
FDM25,10.695,Regular,0.061008889,Breakfast,177.5712,OUT017,Small,Tier 2,Supermarket Type1,7.877612559,Food
NCW30,5.21,Non-Edible,0.011007815,Household,259.5962,OUT035,Small,Tier 2,Supermarket Type1,7.955059606,Non-Consumable
FDU15,13.65,Regular,0.031087983,Meat,37.9532,OUT045,Small,Tier 2,Supermarket Type1,6.356543677,Food
DRN35,8.01,Low Fat,0.070247589,Hard Drinks,37.5532,OUT046,Small,Tier 1,Supermarket Type1,7.22053593,Drinks
FDN28,5.88,Regular,0.030294931,Frozen Foods,104.099,OUT049,Medium,Tier 1,Supermarket Type1,6.025373099,Food
NCK29,5.615,Non-Edible,0.210511558,Health and Hygiene,121.373,OUT010,Small,Tier 3,Grocery Store,4.821675755,Non-Consumable
FDA49,19.7,Low Fat,0.0650227,Canned,87.0198,OUT049,Medium,Tier 1,Supermarket Type1,6.549305046,Food
FDE40,15.6,Regular,0.173587926,Dairy,60.0194,OUT019,Small,Tier 1,Grocery Store,4.827023305,Food
FDD52,18.25,Regular,0.183579854,Dairy,110.857,OUT049,Medium,Tier 1,Supermarket Type1,7.590056858,Food
FDZ31,15.35,Regular,0.113678422,Fruits and Vegetables,189.7504,OUT018,Medium,Tier 3,Supermarket Type2,7.821544966,Food
FDA13,15.85,Low Fat,0.078174543,Canned,39.9506,OUT027,Medium,Tier 3,Supermarket Type3,6.582110177,Food
FDU08,10.3,Low Fat,0.027292686,Fruits and Vegetables,101.2042,OUT013,High,Tier 3,Supermarket Type1,5.985991598,Food
FDU15,13.65,Regular,0.026602089,Meat,35.1532,OUT046,Small,Tier 1,Supermarket Type1,6.674524017,Food
FDD45,8.615,Low Fat,0.116226984,Fruits and Vegetables,95.9436,OUT035,Small,Tier 2,Supermarket Type1,7.916721596,Food
FDY50,5.8,Low Fat,0.131221393,Dairy,87.8172,OUT045,Small,Tier 2,Supermarket Type1,6.97691411,Food
FDD08,8.3,Low Fat,0.035409328,Fruits and Vegetables,36.2506,OUT049,Medium,Tier 1,Supermarket Type1,6.72852478,Food
NCE30,16,Non-Edible,0.114034286,Household,210.4902,OUT045,Small,Tier 2,Supermarket Type1,8.191915414,Non-Consumable
FDB05,5.155,Low Fat,0.083327693,Frozen Foods,247.2776,OUT049,Medium,Tier 1,Supermarket Type1,8.690349946,Food
FDS09,8.895,Regular,0.08125293,Snack Foods,49.8008,OUT045,Small,Tier 2,Supermarket Type1,6.969430455,Food
FDZ07,15.1,Regular,0.138527892,Fruits and Vegetables,63.7194,OUT018,Medium,Tier 3,Supermarket Type2,7.217609816,Food
FDS57,15.5,Low Fat,0.103422709,Snack Foods,144.847,OUT035,Small,Tier 2,Supermarket Type1,7.449360707,Food
FDX28,6.325,Low Fat,0.125688044,Frozen Foods,100.9042,OUT018,Medium,Tier 3,Supermarket Type2,7.642182685,Food
FDN56,5.46,Regular,0.187443314,Fruits and Vegetables,145.8786,OUT019,Small,Tier 1,Grocery Store,5.669733326,Food
FDX44,9.3,Low Fat,0.04295842,Fruits and Vegetables,89.3172,OUT035,Small,Tier 2,Supermarket Type1,7.627055274,Food
NCF19,13,Non-Edible,0.034938717,Household,49.0034,OUT027,Medium,Tier 3,Supermarket Type3,6.718116376,Non-Consumable
NCA17,20.6,Non-Edible,0.045603215,Health and Hygiene,149.2392,OUT018,Medium,Tier 3,Supermarket Type2,8.300965272,Non-Consumable
FDY40,15.5,Regular,0.085834992,Frozen Foods,49.6692,OUT046,Small,Tier 1,Supermarket Type1,6.671155599,Food
NCX54,9.195,Non-Edible,0.048050783,Household,105.6622,OUT035,Small,Tier 2,Supermarket Type1,7.435317187,Non-Consumable
FDK28,5.695,Low Fat,0.065589906,Frozen Foods,258.2646,OUT046,Small,Tier 1,Supermarket Type1,8.59636597,Food
FDI32,17.7,Low Fat,0.173529036,Fruits and Vegetables,113.2834,OUT027,Medium,Tier 3,Supermarket Type3,8.384340243,Food
FDT11,5.94,Regular,0.029492018,Breads,188.0556,OUT018,Medium,Tier 3,Supermarket Type2,6.845643677,Food
FDO32,6.36,Low Fat,0.121225455,Fruits and Vegetables,45.906,OUT017,Small,Tier 2,Supermarket Type1,7.020676739,Food
DRJ01,6.135,Low Fat,0.114475357,Soft Drinks,160.9236,OUT027,Medium,Tier 3,Supermarket Type3,7.721672319,Drinks
FDW02,4.805,Regular,0.043348831,Dairy,123.9704,OUT045,Small,Tier 2,Supermarket Type1,7.720491508,Food
NCK30,14.85,Non-Edible,0.060927824,Household,254.8698,OUT013,High,Tier 3,Supermarket Type1,8.48067986,Non-Consumable
NCM43,14.5,Non-Edible,0.019459164,Others,161.621,OUT013,High,Tier 3,Supermarket Type1,7.659913074,Non-Consumable
FDJ14,10.3,Regular,0.050070476,Canned,77.896,OUT046,Small,Tier 1,Supermarket Type1,7.154096472,Food
FDE59,12.15,Low Fat,0.06227604,Starchy Foods,37.9532,OUT035,Small,Tier 2,Supermarket Type1,6.984342176,Food
FDN10,11.5,Low Fat,0.046217345,Snack Foods,120.3124,OUT045,Small,Tier 2,Supermarket Type1,6.16341922,Food
NCC18,19.1,Non-Edible,0.177270016,Household,174.0422,OUT046,Small,Tier 1,Supermarket Type1,7.453226937,Non-Consumable
FDN34,15.6,Regular,0.080127283,Snack Foods,168.7132,OUT019,Small,Tier 1,Grocery Store,5.826667731,Food
FDU12,15.5,Regular,0.076059648,Baking Goods,265.1568,OUT018,Medium,Tier 3,Supermarket Type2,7.654563788,Food
FDR33,7.31,Low Fat,0.026788937,Snack Foods,110.357,OUT046,Small,Tier 1,Supermarket Type1,8.066789188,Food
FDP33,18.7,Low Fat,0.089197963,Snack Foods,257.3672,OUT013,High,Tier 3,Supermarket Type1,7.623806938,Food
FDT49,7,Low Fat,0.151279591,Canned,107.028,OUT013,High,Tier 3,Supermarket Type1,7.964592341,Food
FDK02,12.5,Low Fat,0.112203445,Canned,121.144,OUT035,Small,Tier 2,Supermarket Type1,7.271792654,Food
NCM07,9.395,Non-Edible,0.039961837,Others,84.0908,OUT046,Small,Tier 1,Supermarket Type1,6.04133508,Non-Consumable
FDX38,10.5,Regular,0.048207017,Dairy,45.9376,OUT046,Small,Tier 1,Supermarket Type1,6.356543677,Food
FDS56,5.785,Regular,0.064871045,Fruits and Vegetables,262.1252,OUT010,Small,Tier 3,Grocery Store,6.669467125,Food
FDU26,16.7,Regular,0.042685217,Dairy,120.7782,OUT049,Medium,Tier 1,Supermarket Type1,6.978776306,Food
FDR16,5.845,Regular,0.105181277,Frozen Foods,214.4218,OUT049,Medium,Tier 1,Supermarket Type1,8.583738136,Food
FDA58,9.395,Low Fat,0.103751236,Snack Foods,235.8932,OUT046,Small,Tier 1,Supermarket Type1,6.849885459,Food
FDI26,5.94,Low Fat,0.035028853,Canned,179.8344,OUT018,Medium,Tier 3,Supermarket Type2,7.13093147,Food
FDU36,6.15,Low Fat,0.046262201,Baking Goods,97.8384,OUT035,Small,Tier 2,Supermarket Type1,7.635451895,Food
FDG60,20.35,Low Fat,0.060688248,Baking Goods,234.2616,OUT035,Small,Tier 2,Supermarket Type1,8.452810818,Food
FDH14,17.1,Regular,0.078347922,Canned,141.8838,OUT010,Small,Tier 3,Grocery Store,5.641792171,Food
FDQ37,20.75,Low Fat,0.088828418,Breakfast,192.2478,OUT027,Medium,Tier 3,Supermarket Type3,8.980255259,Food
FDW23,5.765,Low Fat,0.081944045,Baking Goods,36.7164,OUT013,High,Tier 3,Supermarket Type1,6.745895897,Food
FDM03,12.65,Low Fat,0.123726711,Meat,107.7938,OUT017,Small,Tier 2,Supermarket Type1,7.719604983,Food
FDB58,10.5,Regular,0.013485235,Snack Foods,140.0154,OUT013,High,Tier 3,Supermarket Type1,8.045889133,Food
FDR09,18.25,Low Fat,0.077659918,Snack Foods,260.2962,OUT013,High,Tier 3,Supermarket Type1,6.94407255,Food
FDR48,11.65,Low Fat,0.146350166,Baking Goods,149.8024,OUT018,Medium,Tier 3,Supermarket Type2,7.508035134,Food
FDZ52,19.2,Low Fat,0.100074524,Frozen Foods,110.2886,OUT046,Small,Tier 1,Supermarket Type1,6.658422001,Food
DRD60,15.7,Low Fat,0.037289996,Soft Drinks,182.7634,OUT049,Medium,Tier 1,Supermarket Type1,8.14743434,Drinks
FDJ14,10.3,Regular,0.050028809,Canned,80.096,OUT013,High,Tier 3,Supermarket Type1,5.483501489,Food
NCY29,13.65,Non-Edible,0.077234113,Health and Hygiene,56.893,OUT046,Small,Tier 1,Supermarket Type1,7.081248817,Non-Consumable
NCP41,16.6,Non-Edible,0.016197216,Health and Hygiene,108.8596,OUT013,High,Tier 3,Supermarket Type1,6.879084574,Non-Consumable
FDK46,9.6,Low Fat,0.051571772,Snack Foods,258.462,OUT045,Small,Tier 2,Supermarket Type1,8.449966474,Food
FDI48,11.85,Regular,0.055672032,Baking Goods,50.5666,OUT013,High,Tier 3,Supermarket Type1,6.828494299,Food
FDX48,17.75,Regular,0.066336811,Baking Goods,154.1656,OUT019,Small,Tier 1,Grocery Store,6.427882954,Food
NCI29,8.6,Non-Edible,0.032672263,Health and Hygiene,141.2154,OUT049,Medium,Tier 1,Supermarket Type1,6.565373415,Non-Consumable
FDL51,20.7,Regular,0.047491371,Dairy,213.9876,OUT046,Small,Tier 1,Supermarket Type1,7.670837021,Food
FDU21,11.8,Regular,0.077154417,Snack Foods,35.7558,OUT017,Small,Tier 2,Supermarket Type1,6.36000388,Food
FDA08,11.85,Regular,0.087692636,Fruits and Vegetables,162.5526,OUT019,Small,Tier 1,Grocery Store,5.79880534,Food
FDK03,12.6,Regular,0.074221559,Dairy,255.9356,OUT018,Medium,Tier 3,Supermarket Type2,8.48330055,Food
DRH39,20.7,Low Fat,0.092834313,Dairy,77.667,OUT049,Medium,Tier 1,Supermarket Type1,7.705912264,Drinks
NCR18,15.85,Non-Edible,0.020571083,Household,41.6112,OUT018,Medium,Tier 3,Supermarket Type2,5.547780304,Non-Consumable
NCX42,6.36,Non-Edible,0.005978595,Household,163.6526,OUT046,Small,Tier 1,Supermarket Type1,7.049400838,Non-Consumable
FDR15,9.3,Regular,0.033489979,Meat,156.6314,OUT049,Medium,Tier 1,Supermarket Type1,7.124519485,Food
FDN60,15.1,Low Fat,0.166609517,Baking Goods,157.6604,OUT019,Small,Tier 1,Grocery Store,5.761802295,Food
FDH24,20.7,Low Fat,0.021552357,Baking Goods,157.0288,OUT017,Small,Tier 2,Supermarket Type1,8.001839732,Food
FDY50,5.8,Low Fat,0.130321652,Dairy,88.7172,OUT027,Medium,Tier 3,Supermarket Type3,8.102294648,Food
FDT26,18.85,Regular,0.068059156,Dairy,120.344,OUT049,Medium,Tier 1,Supermarket Type1,7.494797222,Food
NCC30,16.6,Non-Edible,0.027573983,Household,176.6344,OUT035,Small,Tier 2,Supermarket Type1,7.892644778,Non-Consumable
NCE43,12.5,Non-Edible,0.103442268,Household,170.8448,OUT046,Small,Tier 1,Supermarket Type1,8.505909611,Non-Consumable
DRK39,7.02,Low Fat,0.049814038,Dairy,83.825,OUT017,Small,Tier 2,Supermarket Type1,7.255467679,Drinks
FDL16,12.85,Low Fat,0.168312678,Frozen Foods,45.906,OUT013,High,Tier 3,Supermarket Type1,6.787296918,Food
FDQ36,7.855,Regular,0.162205516,Baking Goods,36.2848,OUT018,Medium,Tier 3,Supermarket Type2,7.053437747,Food
FDS34,19.35,Regular,0.076744561,Snack Foods,113.4518,OUT035,Small,Tier 2,Supermarket Type1,7.374582118,Food
FDN32,17.5,Low Fat,0.015591925,Fruits and Vegetables,184.8266,OUT045,Small,Tier 2,Supermarket Type1,7.925663169,Food
FDZ23,17.75,Regular,0.067639698,Baking Goods,187.624,OUT045,Small,Tier 2,Supermarket Type1,7.308135481,Food
DRL49,13.15,Low Fat,0.056516756,Soft Drinks,143.4812,OUT049,Medium,Tier 1,Supermarket Type1,6.752138592,Drinks
FDG33,5.365,Regular,0.140213762,Seafood,173.7764,OUT035,Small,Tier 2,Supermarket Type1,8.442246086,Food
FDG04,13.1,Low Fat,0.006075007,Frozen Foods,187.5898,OUT045,Small,Tier 2,Supermarket Type1,7.796949144,Food
FDR04,7.075,Low Fat,0.022612742,Frozen Foods,97.0068,OUT045,Small,Tier 2,Supermarket Type1,7.573087176,Food
FDF52,9.3,Low Fat,0.066770664,Frozen Foods,180.5292,OUT035,Small,Tier 2,Supermarket Type1,7.691725496,Food
FDT36,12.3,Low Fat,0.186250852,Baking Goods,37.2874,OUT010,Small,Tier 3,Grocery Store,5.178615616,Food
FDH17,16.2,Regular,0.016639482,Frozen Foods,95.8726,OUT013,High,Tier 3,Supermarket Type1,6.982490326,Food
NCL42,18.85,Non-Edible,0.040599963,Household,244.0144,OUT017,Small,Tier 2,Supermarket Type1,8.636988636,Non-Consumable
DRN35,8.01,Low Fat,0.070533748,Hard Drinks,34.2532,OUT018,Medium,Tier 3,Supermarket Type2,6.149304698,Drinks
FDL21,15.85,Regular,0.01251245,Snack Foods,38.748,OUT019,Small,Tier 1,Grocery Store,4.393164379,Food
FDX07,19.2,Regular,0.022807826,Fruits and Vegetables,183.495,OUT027,Medium,Tier 3,Supermarket Type3,8.429099411,Food
FDW16,17.35,Regular,0.041474232,Frozen Foods,93.0804,OUT046,Small,Tier 1,Supermarket Type1,6.71892088,Food
FDS11,7.05,Regular,0.055289464,Breads,222.5088,OUT027,Medium,Tier 3,Supermarket Type3,8.87622079,Food
NCZ54,14.65,Non-Edible,0.083698962,Household,163.4552,OUT018,Medium,Tier 3,Supermarket Type2,7.863375641,Non-Consumable
FDH32,12.8,Low Fat,0.076045655,Fruits and Vegetables,96.541,OUT035,Small,Tier 2,Supermarket Type1,8.233794997,Food
NCQ17,10.3,Non-Edible,0.116366304,Health and Hygiene,158.363,OUT027,Medium,Tier 3,Supermarket Type3,8.311161887,Non-Consumable
FDK38,6.65,Low Fat,0.053279839,Canned,147.7734,OUT035,Small,Tier 2,Supermarket Type1,7.639944118,Food
NCF55,6.675,Non-Edible,0.021648305,Household,35.6874,OUT013,High,Tier 3,Supermarket Type1,6.860411858,Non-Consumable
FDW39,6.69,Regular,0.037060755,Meat,176.837,OUT018,Medium,Tier 3,Supermarket Type2,7.253113631,Food
FDX36,9.695,Regular,0.224607399,Baking Goods,223.1404,OUT019,Small,Tier 1,Grocery Store,6.111646481,Food
FDD47,7.6,Regular,0.142699588,Starchy Foods,171.7448,OUT045,Small,Tier 2,Supermarket Type1,8.396733657,Food
FDQ46,7.51,Low Fat,0.103726639,Snack Foods,110.6544,OUT013,High,Tier 3,Supermarket Type1,7.550937125,Food
FDE56,17.25,Regular,0.158424516,Fruits and Vegetables,62.4194,OUT027,Medium,Tier 3,Supermarket Type3,7.737187844,Food
FDY39,5.305,Regular,0.08234117,Meat,185.7608,OUT019,Small,Tier 1,Grocery Store,7.293756454,Food
FDG05,11,Regular,0.087847141,Frozen Foods,156.863,OUT046,Small,Tier 1,Supermarket Type1,7.997594866,Food
NCR54,16.35,Non-Edible,0.158562708,Household,194.711,OUT019,Small,Tier 1,Grocery Store,5.28528785,Non-Consumable
FDX57,17.25,Regular,0.047458754,Snack Foods,95.8068,OUT018,Medium,Tier 3,Supermarket Type2,7.142581047,Food
FDC17,12.15,Low Fat,0.015385857,Frozen Foods,208.9928,OUT027,Medium,Tier 3,Supermarket Type3,9.177720977,Food
DRL60,8.52,Low Fat,0.047377447,Soft Drinks,150.6682,OUT019,Small,Tier 1,Grocery Store,6.1277522,Drinks
FDO32,6.36,Low Fat,0.120443298,Fruits and Vegetables,45.406,OUT013,High,Tier 3,Supermarket Type1,7.020676739,Food
NCO29,11.15,Non-Edible,0.032229348,Health and Hygiene,163.2526,OUT013,High,Tier 3,Supermarket Type1,7.300522374,Non-Consumable
FDJ36,14.5,Regular,0.127638966,Baking Goods,104.5332,OUT027,Medium,Tier 3,Supermarket Type3,7.849452515,Food
NCF54,18,Non-Edible,0.047473135,Household,170.5422,OUT045,Small,Tier 2,Supermarket Type1,8.040755983,Non-Consumable
FDV04,7.825,Regular,0.149986868,Frozen Foods,158.8288,OUT035,Small,Tier 2,Supermarket Type1,7.254997313,Food
NCK30,14.85,Non-Edible,0.102065622,Household,254.2698,OUT010,Small,Tier 3,Grocery Store,7.482506574,Non-Consumable
FDX09,9,Low Fat,0.114243048,Snack Foods,174.937,OUT019,Small,Tier 1,Grocery Store,5.178615616,Food
FDH53,20.5,Regular,0.019183756,Frozen Foods,83.7592,OUT013,High,Tier 3,Supermarket Type1,7.247441203,Food
FDT22,10.395,Low Fat,0.112324552,Snack Foods,60.622,OUT045,Small,Tier 2,Supermarket Type1,6.659275971,Food
DRF25,9,Low Fat,0.068153091,Soft Drinks,36.019,OUT019,Small,Tier 1,Grocery Store,4.307276148,Drinks
FDG56,13.3,Regular,0.071597469,Fruits and Vegetables,60.8536,OUT045,Small,Tier 2,Supermarket Type1,6.824160604,Food
FDG38,8.975,Regular,0.052473797,Canned,83.6224,OUT027,Medium,Tier 3,Supermarket Type3,8.159122531,Food
FDS34,19.35,Regular,0.076914745,Snack Foods,114.8518,OUT045,Small,Tier 2,Supermarket Type1,7.443533189,Food
FDP44,16.5,Regular,0.079837509,Fruits and Vegetables,102.1332,OUT049,Medium,Tier 1,Supermarket Type1,7.46397353,Food
FDW03,5.63,Regular,0.024520854,Meat,102.8306,OUT013,High,Tier 3,Supermarket Type1,7.594422208,Food
FDU25,12.35,Low Fat,0.02678995,Canned,58.9246,OUT018,Medium,Tier 3,Supermarket Type2,6.832809294,Food
NCR17,9.8,Non-Edible,0.024432767,Health and Hygiene,116.4492,OUT045,Small,Tier 2,Supermarket Type1,7.930702774,Non-Consumable
FDY39,5.305,Regular,0.047220268,Meat,181.9608,OUT018,Medium,Tier 3,Supermarket Type2,7.779002786,Food
FDA03,18.5,Regular,0.045534457,Dairy,146.3102,OUT049,Medium,Tier 1,Supermarket Type1,8.201455892,Food
FDG58,10.695,Regular,0.106430271,Snack Foods,156.1972,OUT046,Small,Tier 1,Supermarket Type1,7.533996552,Food
NCB19,6.525,Non-Edible,0.090806457,Household,86.4882,OUT017,Small,Tier 2,Supermarket Type1,7.398098034,Non-Consumable
FDI07,12.35,Regular,0.033813351,Meat,198.1426,OUT049,Medium,Tier 1,Supermarket Type1,8.231671291,Food
NCS06,7.935,Non-Edible,0.031730739,Household,261.091,OUT035,Small,Tier 2,Supermarket Type1,7.769766789,Non-Consumable
FDX03,15.85,Regular,0.102262138,Meat,47.1744,OUT010,Small,Tier 3,Grocery Store,4.516872163,Food
NCK29,5.615,Non-Edible,0.142873228,Health and Hygiene,121.973,OUT046,Small,Tier 1,Supermarket Type1,7.809727996,Non-Consumable
FDH16,10.5,Low Fat,0.052511611,Frozen Foods,90.783,OUT013,High,Tier 3,Supermarket Type1,7.138360523,Food
FDA55,17.2,Regular,0.056713056,Fruits and Vegetables,223.8088,OUT027,Medium,Tier 3,Supermarket Type3,8.629399819,Food
FDS20,8.85,Low Fat,0.053950661,Fruits and Vegetables,182.7292,OUT049,Medium,Tier 1,Supermarket Type1,8.502402019,Food
FDS31,13.1,Regular,0.044192372,Fruits and Vegetables,180.3318,OUT046,Small,Tier 1,Supermarket Type1,7.760728461,Food
FDA23,9.8,Low Fat,0.046958533,Baking Goods,101.3016,OUT027,Medium,Tier 3,Supermarket Type3,7.753038311,Food
NCU18,15.1,Non-Edible,0.055829496,Household,140.2496,OUT035,Small,Tier 2,Supermarket Type1,7.894632108,Non-Consumable
FDE11,17.7,Regular,0.13498355,Starchy Foods,184.4924,OUT013,High,Tier 3,Supermarket Type1,8.05438626,Food
FDE44,14.65,Low Fat,0.171586653,Fruits and Vegetables,49.7692,OUT045,Small,Tier 2,Supermarket Type1,6.731705692,Food
FDV51,16.35,Low Fat,0.032538896,Meat,165.7842,OUT046,Small,Tier 1,Supermarket Type1,7.88365259,Food
FDK51,19.85,Low Fat,0.005264755,Dairy,264.5884,OUT017,Small,Tier 2,Supermarket Type1,8.670900024,Food
FDR36,6.715,Regular,0.121832956,Baking Goods,43.5454,OUT045,Small,Tier 2,Supermarket Type1,6.733292362,Food
FDU40,20.85,Low Fat,0.037403973,Frozen Foods,192.5478,OUT046,Small,Tier 1,Supermarket Type1,7.974951545,Food
FDU37,9.5,Regular,0.10400212,Canned,79.796,OUT027,Medium,Tier 3,Supermarket Type3,8.312796809,Food
FDV47,17.1,Low Fat,0.054162439,Breads,85.3566,OUT013,High,Tier 3,Supermarket Type1,7.482506574,Food
FDF04,17.5,Low Fat,0.023876708,Frozen Foods,258.6304,OUT019,Small,Tier 1,Grocery Store,6.249320202,Food
FDX16,17.85,Low Fat,0.065797601,Frozen Foods,147.805,OUT035,Small,Tier 2,Supermarket Type1,7.574797162,Food
NCL05,19.6,Non-Edible,0.047857804,Health and Hygiene,45.077,OUT013,High,Tier 3,Supermarket Type1,6.408327782,Non-Consumable
NCL30,18.1,Non-Edible,0.048703432,Household,125.9336,OUT027,Medium,Tier 3,Supermarket Type3,8.87622079,Non-Consumable
NCR06,12.5,Non-Edible,0.006765149,Household,41.7112,OUT046,Small,Tier 1,Supermarket Type1,5.95194587,Non-Consumable
FDX03,15.85,Regular,0.06121988,Meat,45.6744,OUT045,Small,Tier 2,Supermarket Type1,6.453375519,Food
FDR32,6.78,Regular,0.101837403,Fruits and Vegetables,227.4694,OUT046,Small,Tier 1,Supermarket Type1,8.07033455,Food
FDX04,19.6,Regular,0.041563696,Frozen Foods,47.6376,OUT035,Small,Tier 2,Supermarket Type1,5.818785947,Food
DRH01,17.5,Low Fat,0.098457814,Soft Drinks,171.7738,OUT017,Small,Tier 2,Supermarket Type1,7.797222742,Drinks
FDO57,20.75,Low Fat,0.108930629,Snack Foods,160.9578,OUT045,Small,Tier 2,Supermarket Type1,7.27594778,Food
FDD11,12.85,Low Fat,0.03046847,Starchy Foods,254.704,OUT027,Medium,Tier 3,Supermarket Type3,8.01864127,Food
DRM47,9.3,Low Fat,0.073288275,Hard Drinks,189.1846,OUT010,Small,Tier 3,Grocery Store,5.948476667,Drinks
NCC54,17.75,Non-Edible,0.097692448,Health and Hygiene,242.4196,OUT035,Small,Tier 2,Supermarket Type1,8.620552851,Non-Consumable
FDC45,17,Low Fat,0.135944247,Fruits and Vegetables,171.5106,OUT049,Medium,Tier 1,Supermarket Type1,7.34018385,Food
FDW46,13,Regular,0.123089128,Snack Foods,63.6484,OUT019,Small,Tier 1,Grocery Store,4.193411314,Food
FDP40,4.555,Regular,0.034328578,Frozen Foods,110.1544,OUT013,High,Tier 3,Supermarket Type1,7.115905713,Food
FDM08,10.1,Regular,0.089688978,Fruits and Vegetables,225.5088,OUT010,Small,Tier 3,Grocery Store,7.202849414,Food
FDV52,20.7,Regular,0.121709653,Frozen Foods,119.7466,OUT049,Medium,Tier 1,Supermarket Type1,7.603096152,Food
DRB24,8.785,Low Fat,0.020618957,Soft Drinks,153.0656,OUT045,Small,Tier 2,Supermarket Type1,8.33604803,Drinks
NCC54,17.75,Non-Edible,0.163548055,Health and Hygiene,239.3196,OUT010,Small,Tier 3,Grocery Store,6.584872605,Non-Consumable
FDV38,19.25,Low Fat,0.178192864,Dairy,54.9956,OUT019,Small,Tier 1,Grocery Store,4.702217039,Food
FDB36,5.465,Regular,0.048625599,Baking Goods,129.2626,OUT045,Small,Tier 2,Supermarket Type1,7.17978499,Food
DRH51,17.6,Low Fat,0.170213676,Dairy,89.5856,OUT019,Small,Tier 1,Grocery Store,5.174856241,Drinks
FDV45,16.75,Low Fat,0.044829295,Snack Foods,187.4556,OUT027,Medium,Tier 3,Supermarket Type3,8.924153714,Food
NCL29,9.695,Non-Edible,0.113387677,Health and Hygiene,156.9604,OUT027,Medium,Tier 3,Supermarket Type3,7.368720686,Non-Consumable
FDU14,17.75,Low Fat,0.058168807,Dairy,249.575,OUT010,Small,Tier 3,Grocery Store,6.215307854,Food
FDH17,16.2,Regular,0.016650191,Frozen Foods,97.4726,OUT035,Small,Tier 2,Supermarket Type1,7.069424367,Food
FDQ15,20.35,Regular,0.151044881,Meat,79.2276,OUT035,Small,Tier 2,Supermarket Type1,6.478234335,Food
FDZ44,8.185,Low Fat,0.038948125,Fruits and Vegetables,115.4808,OUT017,Small,Tier 2,Supermarket Type1,6.710846565,Food
FDM32,20.5,Low Fat,0.020688969,Fruits and Vegetables,88.183,OUT018,Medium,Tier 3,Supermarket Type2,6.579340097,Food
NCP29,8.42,Non-Edible,0.112249781,Health and Hygiene,64.3168,OUT035,Small,Tier 2,Supermarket Type1,6.556898803,Non-Consumable
FDG53,10,Low Fat,0.046116319,Frozen Foods,141.818,OUT017,Small,Tier 2,Supermarket Type1,6.733292362,Food
FDT25,7.5,Low Fat,0.050957715,Canned,122.4072,OUT018,Medium,Tier 3,Supermarket Type2,7.85308087,Food
FDM39,6.42,Low Fat,0.053211728,Dairy,177.6002,OUT027,Medium,Tier 3,Supermarket Type3,9.038211818,Food
FDW35,10.6,Low Fat,0.011111714,Breads,43.8454,OUT045,Small,Tier 2,Supermarket Type1,6.510446418,Food
FDD10,20.6,Regular,0.077029195,Snack Foods,177.2344,OUT010,Small,Tier 3,Grocery Store,6.794779172,Food
FDH08,7.51,Low Fat,0.017344679,Fruits and Vegetables,230.801,OUT027,Medium,Tier 3,Supermarket Type3,8.572461943,Food
DRG37,16.2,Low Fat,0.019457372,Soft Drinks,153.9972,OUT018,Medium,Tier 3,Supermarket Type2,7.128798707,Drinks
FDU01,20.25,Regular,0.012063121,Canned,183.5924,OUT017,Small,Tier 2,Supermarket Type1,7.786220024,Food
NCZ17,12.15,Non-Edible,0.079755214,Health and Hygiene,36.6506,OUT018,Medium,Tier 3,Supermarket Type2,6.203259547,Non-Consumable
FDU34,18.25,Low Fat,0.074830794,Snack Foods,125.9046,OUT027,Medium,Tier 3,Supermarket Type3,8.408084683,Food
FDB16,8.21,Low Fat,0.044917289,Dairy,88.5198,OUT035,Small,Tier 2,Supermarket Type1,7.034262283,Food
FDG10,6.63,Regular,0.018310142,Snack Foods,57.7588,OUT010,Small,Tier 3,Grocery Store,4.064895154,Food
FDH46,6.935,Regular,0.041247932,Snack Foods,101.8332,OUT013,High,Tier 3,Supermarket Type1,7.721672319,Food
FDC16,11.5,Regular,0.0204702,Dairy,88.254,OUT027,Medium,Tier 3,Supermarket Type3,7.828462643,Food
FDH50,15,Regular,0.161404914,Canned,185.8266,OUT035,Small,Tier 2,Supermarket Type1,7.52037872,Food
NCZ18,7.825,Non-Edible,0.186067862,Household,255.4698,OUT046,Small,Tier 1,Supermarket Type1,8.531962782,Non-Consumable
FDJ32,10.695,Low Fat,0.057792343,Fruits and Vegetables,61.4536,OUT046,Small,Tier 1,Supermarket Type1,6.063262281,Food
DRI23,18.85,Low Fat,0.137429368,Hard Drinks,162.0578,OUT035,Small,Tier 2,Supermarket Type1,8.074074813,Drinks
DRD01,12.1,Regular,0.061270647,Soft Drinks,53.2614,OUT049,Medium,Tier 1,Supermarket Type1,5.960566584,Drinks
FDY02,8.945,Regular,0.087823675,Dairy,261.091,OUT045,Small,Tier 2,Supermarket Type1,8.137361619,Food
FDG38,8.975,Regular,0.05281112,Canned,86.6224,OUT049,Medium,Tier 1,Supermarket Type1,7.441583112,Food
NCG30,20.2,Non-Edible,0.112495847,Household,124.4046,OUT049,Medium,Tier 1,Supermarket Type1,7.022459268,Non-Consumable
FDO31,6.76,Regular,0.029100745,Fruits and Vegetables,80.696,OUT018,Medium,Tier 3,Supermarket Type2,6.32842238,Food
NCU42,9,Non-Edible,0.019546214,Household,168.1474,OUT045,Small,Tier 2,Supermarket Type1,8.345736794,Non-Consumable
NCG30,20.2,Non-Edible,0.112549008,Household,123.1046,OUT045,Small,Tier 2,Supermarket Type1,7.022459268,Non-Consumable
NCA30,19,Non-Edible,0.151137087,Household,189.1872,OUT046,Small,Tier 1,Supermarket Type1,6.342581876,Non-Consumable
FDF29,15.1,Regular,0.019917598,Frozen Foods,129.431,OUT013,High,Tier 3,Supermarket Type1,8.162355701,Food
FDI14,14.1,Low Fat,0.089817198,Canned,142.7496,OUT049,Medium,Tier 1,Supermarket Type1,8.168979493,Food
FDY57,20.2,Regular,0.121442754,Snack Foods,94.9752,OUT049,Medium,Tier 1,Supermarket Type1,7.202849414,Food
FDT27,11.395,Regular,0.069250192,Meat,232.9616,OUT027,Medium,Tier 3,Supermarket Type3,8.165199843,Food
FDM46,7.365,Low Fat,0.159193194,Snack Foods,92.712,OUT027,Medium,Tier 3,Supermarket Type3,8.19871316,Food
NCD30,19.7,Non-Edible,0.026865317,Household,98.1726,OUT027,Medium,Tier 3,Supermarket Type3,6.887272941,Non-Consumable
FDJ15,11.35,Regular,0.023209537,Dairy,183.3608,OUT027,Medium,Tier 3,Supermarket Type3,8.710307365,Food
NCW05,20.25,Non-Edible,0.148372897,Health and Hygiene,108.8938,OUT045,Small,Tier 2,Supermarket Type1,8.201273277,Non-Consumable
FDT13,14.85,Low Fat,0.022083252,Canned,187.7214,OUT010,Small,Tier 3,Grocery Store,5.243974163,Food
NCP06,20.7,Non-Edible,0.065689432,Household,149.7366,OUT010,Small,Tier 3,Grocery Store,5.024778801,Non-Consumable
FDP03,5.15,Regular,0.061301149,Meat,122.1388,OUT045,Small,Tier 2,Supermarket Type1,7.763844609,Food
NCM30,19.1,Non-Edible,0.117825569,Household,43.2796,OUT019,Small,Tier 1,Grocery Store,3.7443047,Non-Consumable
FDK20,12.6,Regular,0.04152307,Fruits and Vegetables,124.3072,OUT013,High,Tier 3,Supermarket Type1,8.521940943,Food
FDX01,10.1,Low Fat,0.024201905,Canned,114.915,OUT049,Medium,Tier 1,Supermarket Type1,7.936431394,Food
FDV57,15.25,Regular,0.066269294,Snack Foods,179.666,OUT017,Small,Tier 2,Supermarket Type1,8.775329454,Food
FDY34,10.5,Regular,0.01100413,Snack Foods,167.1842,OUT045,Small,Tier 2,Supermarket Type1,8.001393752,Food
FDP37,15.6,Low Fat,0.250560049,Breakfast,126.9994,OUT019,Small,Tier 1,Grocery Store,5.957127211,Food
FDP22,14.65,Regular,0.099113429,Snack Foods,52.8666,OUT035,Small,Tier 2,Supermarket Type1,6.13642902,Food
FDS25,6.885,Regular,0.140008554,Canned,108.7228,OUT046,Small,Tier 1,Supermarket Type1,7.84110936,Food
NCY18,7.285,Non-Edible,0.031278532,Household,176.0054,OUT018,Medium,Tier 3,Supermarket Type2,7.87381893,Non-Consumable
FDO08,11.1,Regular,0.05373063,Fruits and Vegetables,165.1526,OUT013,High,Tier 3,Supermarket Type1,7.300522374,Food
NCI43,19.85,Non-Edible,0.025842951,Household,48.6376,OUT027,Medium,Tier 3,Supermarket Type3,7.425844062,Non-Consumable
FDH16,10.5,Low Fat,0.052555346,Frozen Foods,89.683,OUT046,Small,Tier 1,Supermarket Type1,6.897415002,Food
NCZ05,8.485,Non-Edible,0.10178199,Health and Hygiene,104.699,OUT019,Small,Tier 1,Grocery Store,4.646302532,Non-Consumable
DRE49,20.75,Low Fat,0.021293097,Soft Drinks,151.9024,OUT045,Small,Tier 2,Supermarket Type1,7.913317339,Drinks
FDO09,13.5,Regular,0.124668026,Snack Foods,261.091,OUT027,Medium,Tier 3,Supermarket Type3,8.6168233,Food
FDA08,11.85,Regular,0.050043472,Fruits and Vegetables,164.6526,OUT013,High,Tier 3,Supermarket Type1,7.668039383,Food
NCD55,14,Non-Edible,0.024468806,Household,41.1454,OUT017,Small,Tier 2,Supermarket Type1,6.223260161,Non-Consumable
NCR50,20.2,Non-Edible,0.01181025,Household,154.634,OUT013,High,Tier 3,Supermarket Type1,8.363751061,Non-Consumable
NCC06,19,Non-Edible,0.027028323,Household,127.0336,OUT049,Medium,Tier 1,Supermarket Type1,8.284968935,Non-Consumable
FDC34,16,Regular,0.172615327,Snack Foods,154.5972,OUT013,High,Tier 3,Supermarket Type1,7.533996552,Food
FDQ49,20.2,Regular,0.06871772,Breakfast,155.563,OUT019,Small,Tier 1,Grocery Store,6.153560012,Food
FDS60,20.85,Low Fat,0.032421521,Baking Goods,181.666,OUT013,High,Tier 3,Supermarket Type1,7.271792654,Food
FDP10,19,Low Fat,0.127983545,Snack Foods,107.6622,OUT013,High,Tier 3,Supermarket Type1,7.147831775,Food
FDW46,13,Regular,0.070288365,Snack Foods,64.3484,OUT035,Small,Tier 2,Supermarket Type1,7.705012714,Food
FDG53,10,Low Fat,0.076755106,Frozen Foods,141.618,OUT010,Small,Tier 3,Grocery Store,4.947468276,Food
FDP57,17.5,Low Fat,0.052434201,Snack Foods,103.999,OUT035,Small,Tier 2,Supermarket Type1,7.52756911,Food
NCP43,17.75,Non-Edible,0.053413906,Others,181.766,OUT019,Small,Tier 1,Grocery Store,5.197203377,Non-Consumable
FDW49,19.5,Low Fat,0.083019163,Canned,180.2002,OUT017,Small,Tier 2,Supermarket Type1,8.555433771,Food
FDA28,16.1,Regular,0.080010553,Frozen Foods,124.2362,OUT010,Small,Tier 3,Grocery Store,5.936238794,Food
NCS42,8.6,Non-Edible,0.069403341,Household,91.2146,OUT035,Small,Tier 2,Supermarket Type1,7.845810947,Non-Consumable
FDP21,7.42,Regular,0.025616191,Snack Foods,188.1872,OUT027,Medium,Tier 3,Supermarket Type3,8.738876093,Food
DRJ39,20.25,Low Fat,0.036326064,Dairy,220.1482,OUT046,Small,Tier 1,Supermarket Type1,8.028675159,Drinks
FDH12,9.6,Low Fat,0.085434195,Baking Goods,105.028,OUT017,Small,Tier 2,Supermarket Type1,7.846852749,Food
FDQ13,11.1,Low Fat,0.010658153,Canned,83.0908,OUT049,Medium,Tier 1,Supermarket Type1,7.374582118,Food
NCQ06,13,Non-Edible,0.041994899,Household,254.7014,OUT018,Medium,Tier 3,Supermarket Type2,8.537197367,Non-Consumable
FDL40,17.7,Low Fat,0.011556919,Frozen Foods,94.741,OUT027,Medium,Tier 3,Supermarket Type3,7.403790258,Food
NCE54,20.7,Non-Edible,0.029792327,Household,74.3354,OUT018,Medium,Tier 3,Supermarket Type2,7.540029213,Non-Consumable
FDL58,5.78,Regular,0.124110349,Snack Foods,262.3568,OUT010,Small,Tier 3,Grocery Store,6.674524017,Food
FDW38,5.325,Regular,0.139244918,Dairy,53.0298,OUT018,Medium,Tier 3,Supermarket Type2,5.936238794,Food
FDD17,7.5,Low Fat,0.032599801,Frozen Foods,238.1906,OUT013,High,Tier 3,Supermarket Type1,8.110327623,Food
FDK25,11.6,Regular,0.157075658,Breakfast,166.6474,OUT049,Medium,Tier 1,Supermarket Type1,8.345736794,Food
FDR22,19.35,Regular,0.018472714,Snack Foods,109.9544,OUT027,Medium,Tier 3,Supermarket Type3,8.567535826,Food
FDU35,6.44,Low Fat,0.105711023,Breads,99.87,OUT045,Small,Tier 2,Supermarket Type1,7.312586853,Food
FDR35,12.5,Low Fat,0.020739698,Breads,198.9742,OUT045,Small,Tier 2,Supermarket Type1,6.904119678,Food
NCZ18,7.825,Non-Edible,0.186825823,Household,253.5698,OUT018,Medium,Tier 3,Supermarket Type2,8.244346397,Non-Consumable
FDF22,6.865,Low Fat,0.09512291,Snack Foods,212.3218,OUT010,Small,Tier 3,Grocery Store,6.060159107,Food
FDD17,7.5,Low Fat,0.03269312,Frozen Foods,238.7906,OUT045,Small,Tier 2,Supermarket Type1,8.304430621,Food
DRD37,9.8,Low Fat,0.013841737,Soft Drinks,45.206,OUT046,Small,Tier 1,Supermarket Type1,7.100650735,Drinks
FDC08,19,Regular,0.103449993,Fruits and Vegetables,225.472,OUT046,Small,Tier 1,Supermarket Type1,8.06155248,Food
FDU57,8.27,Regular,0.089554186,Snack Foods,150.8708,OUT046,Small,Tier 1,Supermarket Type1,7.786773044,Food
FDZ58,17.85,Low Fat,0.052257982,Snack Foods,121.8072,OUT049,Medium,Tier 1,Supermarket Type1,7.804310133,Food
FDY01,11.8,Regular,0.170251293,Canned,116.4834,OUT035,Small,Tier 2,Supermarket Type1,7.580249549,Food
FDG09,20.6,Regular,0.048131556,Fruits and Vegetables,187.1556,OUT018,Medium,Tier 3,Supermarket Type2,8.454229962,Food
NCE54,20.7,Non-Edible,0.026899856,Household,73.9354,OUT046,Small,Tier 1,Supermarket Type1,6.519322199,Non-Consumable
FDB34,15.25,Low Fat,0.026663778,Snack Foods,87.0198,OUT045,Small,Tier 2,Supermarket Type1,7.80104527,Food
FDT24,12.35,Regular,0.206936685,Baking Goods,76.2328,OUT046,Small,Tier 1,Supermarket Type1,7.343203695,Food
FDZ08,12.5,Regular,0.109900843,Fruits and Vegetables,83.0592,OUT013,High,Tier 3,Supermarket Type1,6.61208512,Food
NCI54,15.2,Non-Edible,0.033651278,Household,108.9912,OUT049,Medium,Tier 1,Supermarket Type1,7.583980894,Non-Consumable
FDU34,18.25,Low Fat,0.075311837,Snack Foods,122.6046,OUT049,Medium,Tier 1,Supermarket Type1,8.002731097,Food
FDP23,6.71,Low Fat,0.035596378,Breads,218.9166,OUT013,High,Tier 3,Supermarket Type1,7.78150696,Food
NCV29,11.8,Non-Edible,0.039996021,Health and Hygiene,176.7686,OUT019,Small,Tier 1,Grocery Store,6.791045043,Non-Consumable
FDG10,6.63,Regular,0.010886324,Snack Foods,57.2588,OUT027,Medium,Tier 3,Supermarket Type3,6.687885363,Food
FDZ56,16.25,Low Fat,0.04506213,Fruits and Vegetables,167.5474,OUT019,Small,Tier 1,Grocery Store,6.919371944,Food
NCL41,12.35,Non-Edible,0.041729735,Health and Hygiene,36.3216,OUT035,Small,Tier 2,Supermarket Type1,5.627523267,Non-Consumable
FDM39,6.42,Low Fat,0.053426165,Dairy,178.7002,OUT013,High,Tier 3,Supermarket Type1,8.407044564,Food
NCZ54,14.65,Non-Edible,0.083488992,Household,161.3552,OUT049,Medium,Tier 1,Supermarket Type1,8.874731794,Non-Consumable
FDT59,13.65,Low Fat,0.015932838,Breads,229.4668,OUT049,Medium,Tier 1,Supermarket Type1,8.484401947,Food
FDV20,20.2,Regular,0.060045008,Fruits and Vegetables,128.3678,OUT018,Medium,Tier 3,Supermarket Type2,7.244117367,Food
NCE43,12.5,Non-Edible,0.10402738,Household,172.2448,OUT017,Small,Tier 2,Supermarket Type1,7.536839985,Non-Consumable
FDP15,15.2,Low Fat,0.083536071,Meat,255.433,OUT027,Medium,Tier 3,Supermarket Type3,9.130104679,Food
FDO16,5.48,Low Fat,0.015169739,Frozen Foods,82.225,OUT018,Medium,Tier 3,Supermarket Type2,7.717829573,Food
NCP41,16.6,Non-Edible,0.028382853,Health and Hygiene,109.4596,OUT019,Small,Tier 1,Grocery Store,6.474133877,Non-Consumable
DRD01,12.1,Regular,0.061299601,Soft Drinks,56.2614,OUT045,Small,Tier 2,Supermarket Type1,6.316467693,Drinks
FDM56,16.7,Low Fat,0.070588621,Fruits and Vegetables,107.9912,OUT017,Small,Tier 2,Supermarket Type1,7.258754064,Food
FDS22,16.85,Regular,0.023201357,Snack Foods,45.9428,OUT045,Small,Tier 2,Supermarket Type1,5.732044644,Food
FDX20,7.365,Low Fat,0.042626422,Fruits and Vegetables,227.072,OUT049,Medium,Tier 1,Supermarket Type1,8.312796809,Food
FDE34,9.195,Low Fat,0.108501676,Snack Foods,183.6634,OUT017,Small,Tier 2,Supermarket Type1,7.768078314,Food
FDV50,14.3,Low Fat,0.122571209,Dairy,122.373,OUT046,Small,Tier 1,Supermarket Type1,6.894045731,Food
NCU17,5.32,Non-Edible,0.093408695,Health and Hygiene,101.2674,OUT017,Small,Tier 2,Supermarket Type1,7.715160534,Non-Consumable
NCP53,14.75,Non-Edible,0.032731074,Health and Hygiene,235.6906,OUT027,Medium,Tier 3,Supermarket Type3,8.649198941,Non-Consumable
FDW09,13.65,Regular,0.043386131,Snack Foods,80.2302,OUT010,Small,Tier 3,Grocery Store,4.384900003,Food
FDW55,12.6,Regular,0.021969896,Fruits and Vegetables,248.6092,OUT046,Small,Tier 1,Supermarket Type1,8.08274807,Food
NCE31,7.67,Non-Edible,0.183948465,Household,33.6216,OUT027,Medium,Tier 3,Supermarket Type3,6.841383826,Non-Consumable
FDO49,10.6,Regular,0.033052168,Breakfast,49.7008,OUT046,Small,Tier 1,Supermarket Type1,6.869445958,Food
FDH34,8.63,Low Fat,0.054443762,Snack Foods,184.6582,OUT019,Small,Tier 1,Grocery Store,5.229814732,Food
FDJ38,8.6,Regular,0.040172077,Canned,188.553,OUT013,High,Tier 3,Supermarket Type1,8.241718966,Food
FDG32,19.85,Low Fat,0.175995526,Fruits and Vegetables,224.0772,OUT046,Small,Tier 1,Supermarket Type1,7.350927391,Food
DRQ35,9.3,Low Fat,0.042530668,Hard Drinks,125.5388,OUT017,Small,Tier 2,Supermarket Type1,7.954825962,Drinks
FDK25,11.6,Regular,0.274592283,Breakfast,167.8474,OUT019,Small,Tier 1,Grocery Store,5.822734604,Food
FDD58,7.76,Low Fat,0.059594017,Snack Foods,99.67,OUT018,Medium,Tier 3,Supermarket Type2,7.548835181,Food
FDB15,10.895,Low Fat,0.136784873,Dairy,265.2568,OUT035,Small,Tier 2,Supermarket Type1,8.347474002,Food
DRF60,10.8,Low Fat,0.052229079,Soft Drinks,238.1564,OUT018,Medium,Tier 3,Supermarket Type2,8.565000168,Drinks
FDH04,6.115,Regular,0.019912606,Frozen Foods,91.0488,OUT019,Small,Tier 1,Grocery Store,5.608175718,Food
FDM04,9.195,Regular,0.04719387,Frozen Foods,52.8666,OUT049,Medium,Tier 1,Supermarket Type1,7.233598513,Food
FDO58,19.6,Low Fat,0.039638705,Snack Foods,166.0526,OUT049,Medium,Tier 1,Supermarket Type1,8.047381352,Food
FDQ24,15.7,Low Fat,0.074083388,Baking Goods,253.3724,OUT017,Small,Tier 2,Supermarket Type1,8.824112261,Food
DRP35,18.85,Low Fat,0.091051579,Hard Drinks,127.4336,OUT045,Small,Tier 2,Supermarket Type1,6.797756467,Drinks
DRI47,14.7,Low Fat,0.02090277,Hard Drinks,144.5128,OUT013,High,Tier 3,Supermarket Type1,8.104308949,Drinks
FDF35,15,Low Fat,0.153861181,Starchy Foods,108.5938,OUT013,High,Tier 3,Supermarket Type1,7.240305119,Food
FDP31,21.1,Regular,0.161504957,Fruits and Vegetables,65.0168,OUT046,Small,Tier 1,Supermarket Type1,6.461730642,Food
FDQ52,17,Low Fat,0.119871307,Frozen Foods,248.3434,OUT018,Medium,Tier 3,Supermarket Type2,8.733849345,Food
FDM12,16.7,Regular,0.069903773,Baking Goods,188.6214,OUT035,Small,Tier 2,Supermarket Type1,6.339060754,Food
NCS42,8.6,Non-Edible,0.069416467,Household,92.5146,OUT046,Small,Tier 1,Supermarket Type1,7.604755627,Non-Consumable
FDO31,6.76,Regular,0.02914662,Fruits and Vegetables,79.296,OUT017,Small,Tier 2,Supermarket Type1,7.020676739,Food
FDU19,8.77,Regular,0.046771477,Fruits and Vegetables,173.9422,OUT046,Small,Tier 1,Supermarket Type1,8.040755983,Food
NCE19,8.97,Non-Edible,0.092564193,Household,53.4956,OUT027,Medium,Tier 3,Supermarket Type3,7.663984483,Non-Consumable
FDR16,5.845,Regular,0.104998144,Frozen Foods,213.2218,OUT035,Small,Tier 2,Supermarket Type1,8.891173301,Food
FDF56,16.7,Regular,0.119704498,Fruits and Vegetables,181.9976,OUT045,Small,Tier 2,Supermarket Type1,8.60041754,Food
DRJ59,11.65,Low Fat,0.03242518,Hard Drinks,38.8164,OUT010,Small,Tier 3,Grocery Store,4.359688997,Drinks
FDH16,10.5,Low Fat,0.052300844,Frozen Foods,88.283,OUT027,Medium,Tier 3,Supermarket Type3,7.677026113,Food
FDI28,14.3,Low Fat,0.026362624,Frozen Foods,78.3302,OUT049,Medium,Tier 1,Supermarket Type1,7.145734791,Food
FDC58,10.195,Low Fat,0.042033634,Snack Foods,45.7428,OUT027,Medium,Tier 3,Supermarket Type3,6.423570288,Food
FDU13,8.355,Low Fat,0.187558629,Canned,148.0418,OUT046,Small,Tier 1,Supermarket Type1,7.294661226,Food
FDX58,13.15,Low Fat,0.04376368,Snack Foods,183.095,OUT046,Small,Tier 1,Supermarket Type1,7.513136252,Food
FDU16,19.25,Regular,0.058296158,Frozen Foods,82.5908,OUT045,Small,Tier 2,Supermarket Type1,6.828494299,Food
FDX35,5.035,Regular,0.080072603,Breads,228.2036,OUT045,Small,Tier 2,Supermarket Type1,7.826339219,Food
FDL21,15.85,Regular,0.007146415,Snack Foods,41.048,OUT046,Small,Tier 1,Supermarket Type1,6.684561726,Food
DRM37,15.35,Low Fat,0.096317593,Soft Drinks,197.3768,OUT013,High,Tier 3,Supermarket Type1,8.11710528,Drinks
FDR35,12.5,Low Fat,0.020729902,Breads,197.2742,OUT049,Medium,Tier 1,Supermarket Type1,8.238380945,Food
FDW32,18.35,Regular,0.15783357,Fruits and Vegetables,87.5882,OUT010,Small,Tier 3,Grocery Store,5.151998273,Food
FDY34,10.5,Regular,0.010928678,Snack Foods,167.0842,OUT027,Medium,Tier 3,Supermarket Type3,8.774403242,Food
FDQ44,20.5,Low Fat,0.036110222,Fruits and Vegetables,120.1756,OUT013,High,Tier 3,Supermarket Type1,7.6309394,Food
DRD24,13.85,Low Fat,0.030842963,Soft Drinks,143.1154,OUT049,Medium,Tier 1,Supermarket Type1,7.845289639,Drinks
DRE12,4.59,Low Fat,0.070719558,Soft Drinks,111.186,OUT045,Small,Tier 2,Supermarket Type1,7.127730617,Drinks
NCX29,10,Non-Edible,0.089078338,Health and Hygiene,147.1102,OUT013,High,Tier 3,Supermarket Type1,7.978380902,Non-Consumable
FDS07,12.35,Low Fat,0.100164204,Fruits and Vegetables,113.6518,OUT018,Medium,Tier 3,Supermarket Type2,7.374582118,Food
FDI27,8.71,Regular,0.045763623,Dairy,43.8744,OUT027,Medium,Tier 3,Supermarket Type3,7.10939634,Food
FDL02,20,Regular,0.10399676,Canned,107.4622,OUT013,High,Tier 3,Supermarket Type1,7.370818001,Food
FDN58,13.8,Regular,0.057104066,Snack Foods,232.6984,OUT018,Medium,Tier 3,Supermarket Type2,7.237915062,Food
DRK12,9.5,Low Fat,0.041971264,Soft Drinks,33.39,OUT045,Small,Tier 2,Supermarket Type1,6.597663985,Drinks
FDC60,5.425,Regular,0.114472403,Baking Goods,88.3514,OUT046,Small,Tier 1,Supermarket Type1,7.949671917,Food
FDV45,16.75,Low Fat,0.045117476,Snack Foods,187.9556,OUT049,Medium,Tier 1,Supermarket Type1,7.800500089,Food
FDB23,19.2,Regular,0.006432398,Starchy Foods,223.8062,OUT045,Small,Tier 2,Supermarket Type1,8.638287184,Food
NCA29,10.5,Non-Edible,0.02727641,Household,171.3106,OUT046,Small,Tier 1,Supermarket Type1,8.187110824,Non-Consumable
FDO20,12.85,Regular,0.152747503,Fruits and Vegetables,252.0382,OUT018,Medium,Tier 3,Supermarket Type2,8.303606626,Food
NCH55,16.35,Non-Edible,0.060706749,Household,127.502,OUT019,Small,Tier 1,Grocery Store,5.941501946,Non-Consumable
FDO32,6.36,Low Fat,0.120788077,Fruits and Vegetables,45.706,OUT045,Small,Tier 2,Supermarket Type1,6.733292362,Food
FDS59,14.8,Regular,0.076851759,Breads,111.857,OUT019,Small,Tier 1,Grocery Store,4.708241082,Food
FDR59,14.5,Regular,0.063810405,Breads,263.2594,OUT013,High,Tier 3,Supermarket Type1,7.965286303,Food
FDS55,7.02,Low Fat,0.081328781,Fruits and Vegetables,150.0734,OUT045,Small,Tier 2,Supermarket Type1,8.401827681,Food
FDT21,7.42,Low Fat,0.020387989,Snack Foods,247.1092,OUT035,Small,Tier 2,Supermarket Type1,8.35093939,Food
NCR38,17.25,Non-Edible,0.113518466,Household,253.5724,OUT046,Small,Tier 1,Supermarket Type1,8.524059167,Non-Consumable
FDJ22,18.75,Low Fat,0.052917345,Snack Foods,190.6504,OUT045,Small,Tier 2,Supermarket Type1,7.202849414,Food
FDB57,20.25,Regular,0.018911474,Fruits and Vegetables,220.5772,OUT017,Small,Tier 2,Supermarket Type1,7.802679034,Food
FDR52,12.65,Regular,0.075981306,Frozen Foods,192.3846,OUT013,High,Tier 3,Supermarket Type1,7.555824546,Food
NCO41,12.5,Non-Edible,0.018848862,Health and Hygiene,96.7384,OUT046,Small,Tier 1,Supermarket Type1,7.681949955,Non-Consumable
FDG47,12.8,Low Fat,0.116527666,Starchy Foods,261.4252,OUT010,Small,Tier 3,Grocery Store,5.57338977,Food
FDB44,6.655,Low Fat,0.016943371,Fruits and Vegetables,212.4586,OUT017,Small,Tier 2,Supermarket Type1,7.917449574,Food
FDY14,10.3,Low Fat,0.070040195,Dairy,263.0226,OUT046,Small,Tier 1,Supermarket Type1,8.349995475,Food
NCN55,14.6,Non-Edible,0.059827007,Others,239.2538,OUT017,Small,Tier 2,Supermarket Type1,8.190439536,Non-Consumable
FDV48,9.195,Regular,0.051827123,Baking Goods,77.4644,OUT018,Medium,Tier 3,Supermarket Type2,7.254997313,Food
FDA21,13.65,Low Fat,0.03595391,Snack Foods,185.2924,OUT035,Small,Tier 2,Supermarket Type1,8.05438626,Food
FDZ27,7.935,Low Fat,0.017182935,Dairy,51.235,OUT049,Medium,Tier 1,Supermarket Type1,6.745112812,Food
FDW58,20.75,Low Fat,0.007546808,Snack Foods,104.1622,OUT013,High,Tier 3,Supermarket Type1,7.435317187,Food
FDH45,15.1,Regular,0.105831117,Fruits and Vegetables,41.6796,OUT049,Medium,Tier 1,Supermarket Type1,6.6660816,Food
FDH38,6.425,Low Fat,0.018275994,Canned,115.2808,OUT019,Small,Tier 1,Grocery Store,4.772215655,Food
FDL43,10.1,Low Fat,0.027064381,Meat,76.367,OUT046,Small,Tier 1,Supermarket Type1,6.642056461,Food
FDD38,16.75,Regular,0.009658953,Canned,100.3674,OUT027,Medium,Tier 3,Supermarket Type3,7.514588948,Food
FDV02,16.75,Low Fat,0.06063976,Dairy,173.0106,OUT049,Medium,Tier 1,Supermarket Type1,8.187110824,Food
NCF31,9.13,Non-Edible,0.051847425,Household,152.8024,OUT046,Small,Tier 1,Supermarket Type1,7.102844317,Non-Consumable
NCN05,8.235,Non-Edible,0.014518575,Health and Hygiene,182.195,OUT018,Medium,Tier 3,Supermarket Type2,7.77537454,Non-Consumable
FDZ16,16.85,Regular,0.159722816,Frozen Foods,194.1478,OUT013,High,Tier 3,Supermarket Type1,8.667926725,Food
NCT18,14.6,Non-Edible,0.05911748,Household,181.5976,OUT027,Medium,Tier 3,Supermarket Type3,8.334770381,Non-Consumable
NCP50,17.35,Non-Edible,0.020555958,Others,79.4618,OUT035,Small,Tier 2,Supermarket Type1,7.480631106,Non-Consumable
FDW13,8.5,Low Fat,0.171383506,Canned,50.5324,OUT019,Small,Tier 1,Grocery Store,5.341039634,Food
NCS53,14.5,Non-Edible,0.090286009,Health and Hygiene,159.9604,OUT017,Small,Tier 2,Supermarket Type1,7.705012714,Non-Consumable
DRG03,14.5,Low Fat,0.061986574,Dairy,153.0998,OUT046,Small,Tier 1,Supermarket Type1,8.501590825,Drinks
DRE60,9.395,Low Fat,0.160235723,Soft Drinks,227.872,OUT017,Small,Tier 2,Supermarket Type1,7.368720686,Drinks
FDK21,7.905,Low Fat,0.010032624,Snack Foods,248.3408,OUT045,Small,Tier 2,Supermarket Type1,6.622766111,Food
FDF52,9.3,Low Fat,0.116928924,Frozen Foods,183.3292,OUT019,Small,Tier 1,Grocery Store,5.902246373,Food
NCN43,12.15,Non-Edible,0.011835436,Others,121.373,OUT019,Small,Tier 1,Grocery Store,5.510788166,Non-Consumable
FDW13,8.5,Low Fat,0.097884718,Canned,52.5324,OUT046,Small,Tier 1,Supermarket Type1,7.086273947,Food
FDW14,8.3,Regular,0.038204311,Dairy,87.7198,OUT035,Small,Tier 2,Supermarket Type1,7.513499624,Food
FDG24,7.975,Low Fat,0.014631149,Baking Goods,84.525,OUT046,Small,Tier 1,Supermarket Type1,6.033385937,Food
FDR19,13.5,Regular,0.160044589,Fruits and Vegetables,145.4102,OUT045,Small,Tier 2,Supermarket Type1,8.160645325,Food
NCG06,16.35,Non-Edible,0.02930277,Household,256.1646,OUT027,Medium,Tier 3,Supermarket Type3,8.687321681,Non-Consumable
FDK10,5.785,Regular,0.040351229,Snack Foods,181.366,OUT035,Small,Tier 2,Supermarket Type1,7.590056858,Food
DRK12,9.5,Low Fat,0.042123243,Soft Drinks,32.09,OUT017,Small,Tier 2,Supermarket Type1,6.07251444,Drinks
FDY55,16.75,Low Fat,0.081485126,Fruits and Vegetables,258.0988,OUT045,Small,Tier 2,Supermarket Type1,9.104530644,Food
FDV04,7.825,Regular,0.149288779,Frozen Foods,158.4288,OUT027,Medium,Tier 3,Supermarket Type3,8.001839732,Food
FDE23,17.6,Regular,0.053334817,Starchy Foods,46.006,OUT046,Small,Tier 1,Supermarket Type1,5.790699958,Food
FDI08,18.2,Regular,0.066567121,Fruits and Vegetables,250.2092,OUT018,Medium,Tier 3,Supermarket Type2,8.002731097,Food
DRA12,11.6,Low Fat,0.068535039,Soft Drinks,143.0154,OUT010,Small,Tier 3,Grocery Store,5.651192902,Drinks
FDF22,6.865,Low Fat,0.057062186,Snack Foods,212.0218,OUT018,Medium,Tier 3,Supermarket Type2,7.762995713,Food
FDQ57,7.275,Low Fat,0.027991093,Snack Foods,145.976,OUT049,Medium,Tier 1,Supermarket Type1,8.165199843,Food
FDP07,18.2,Low Fat,0.089901774,Fruits and Vegetables,197.511,OUT046,Small,Tier 1,Supermarket Type1,5.975899031,Food
DRE37,13.5,Low Fat,0.112038855,Soft Drinks,189.1872,OUT035,Small,Tier 2,Supermarket Type1,7.545322094,Drinks
DRF25,9,Low Fat,0.038892859,Soft Drinks,36.119,OUT013,High,Tier 3,Supermarket Type1,7.002674473,Drinks
DRF03,19.1,Low Fat,0.045270426,Dairy,38.8138,OUT013,High,Tier 3,Supermarket Type1,6.595846632,Drinks
FDN51,17.85,Regular,0.020942867,Meat,260.2936,OUT035,Small,Tier 2,Supermarket Type1,8.337324049,Food
FDD21,10.3,Regular,0.030693756,Fruits and Vegetables,114.2176,OUT018,Medium,Tier 3,Supermarket Type2,7.68562699,Food
NCY42,6.38,Non-Edible,0.015162573,Household,145.147,OUT046,Small,Tier 1,Supermarket Type1,8.008727115,Non-Consumable
FDH28,15.85,Regular,0.122040009,Frozen Foods,37.0506,OUT027,Medium,Tier 3,Supermarket Type3,6.895394802,Food
NCZ29,15,Non-Edible,0.119461188,Health and Hygiene,126.3362,OUT010,Small,Tier 3,Grocery Store,6.223260161,Non-Consumable
FDN60,15.1,Low Fat,0.095158081,Baking Goods,159.2604,OUT046,Small,Tier 1,Supermarket Type1,7.956227012,Food
NCW06,16.2,Non-Edible,0.050545502,Household,191.6162,OUT018,Medium,Tier 3,Supermarket Type2,7.457462597,Non-Consumable
NCS30,5.945,Non-Edible,0.093405156,Household,129.3652,OUT018,Medium,Tier 3,Supermarket Type2,8.38768041,Non-Consumable
FDW26,11.8,Regular,0.179191782,Dairy,224.2772,OUT010,Small,Tier 3,Grocery Store,6.50448516,Food
FDQ01,19.7,Regular,0.160951491,Canned,256.1014,OUT049,Medium,Tier 1,Supermarket Type1,8.026502427,Food
FDH27,7.075,Low Fat,0.102157958,Dairy,145.0128,OUT019,Small,Tier 1,Grocery Store,4.975441874,Food
NCX41,19,Non-Edible,0.017791458,Health and Hygiene,211.9244,OUT018,Medium,Tier 3,Supermarket Type2,7.658342723,Non-Consumable
FDH58,12.3,Low Fat,0.036997104,Snack Foods,115.9834,OUT049,Medium,Tier 1,Supermarket Type1,7.637379605,Food
DRB25,12.3,Low Fat,0.116261335,Soft Drinks,107.0938,OUT010,Small,Tier 3,Grocery Store,5.372439196,Drinks
FDG45,8.1,Low Fat,0.12829573,Fruits and Vegetables,210.4902,OUT045,Small,Tier 2,Supermarket Type1,8.577489289,Food
FDP11,15.85,Low Fat,0.069100548,Breads,216.6166,OUT046,Small,Tier 1,Supermarket Type1,8.327874911,Food
FDV19,14.85,Regular,0.035257037,Fruits and Vegetables,161.2578,OUT046,Small,Tier 1,Supermarket Type1,8.336367188,Food
FDT32,19,Regular,0.065633934,Fruits and Vegetables,186.5214,OUT046,Small,Tier 1,Supermarket Type1,7.724029767,Food
NCU53,5.485,Non-Edible,0.042743728,Health and Hygiene,166.2842,OUT035,Small,Tier 2,Supermarket Type1,7.596096128,Non-Consumable
NCA30,19,Non-Edible,0.129309277,Household,188.8872,OUT035,Small,Tier 2,Supermarket Type1,8.18692557,Non-Consumable
FDH20,16.1,Regular,0.024982221,Fruits and Vegetables,98.441,OUT017,Small,Tier 2,Supermarket Type1,6.768342626,Food
DRD25,6.135,Low Fat,0.09507435,Soft Drinks,114.286,OUT046,Small,Tier 1,Supermarket Type1,7.773975547,Drinks
FDK25,11.6,Regular,0.156802171,Breakfast,168.0474,OUT035,Small,Tier 2,Supermarket Type1,8.384948377,Food
FDF02,16.2,Low Fat,0.103634038,Canned,101.399,OUT049,Medium,Tier 1,Supermarket Type1,6.940212789,Food
FDC04,15.6,Low Fat,0.045055587,Dairy,242.3854,OUT049,Medium,Tier 1,Supermarket Type1,7.790635649,Food
FDH21,10.395,Low Fat,0.031199028,Seafood,159.4604,OUT013,High,Tier 3,Supermarket Type1,5.761802295,Food
DRG03,14.5,Low Fat,0.062239081,Dairy,154.2998,OUT018,Medium,Tier 3,Supermarket Type2,7.434137942,Drinks
NCY06,15.25,Non-Edible,0.06153089,Household,132.2968,OUT017,Small,Tier 2,Supermarket Type1,7.436887353,Non-Consumable
FDM08,10.1,Regular,0.053692878,Fruits and Vegetables,222.9088,OUT045,Small,Tier 2,Supermarket Type1,8.546033755,Food
NCD31,12.1,Non-Edible,0.01545846,Household,166.0526,OUT049,Medium,Tier 1,Supermarket Type1,8.193941197,Non-Consumable
FDU09,7.71,Regular,0.06627464,Snack Foods,54.1956,OUT027,Medium,Tier 3,Supermarket Type3,8.00761945,Food
FDB49,8.3,Regular,0.030274175,Baking Goods,98.5384,OUT018,Medium,Tier 3,Supermarket Type2,7.535419279,Food
FDQ58,7.315,Low Fat,0.015332872,Snack Foods,154.034,OUT045,Small,Tier 2,Supermarket Type1,6.419238942,Food
FDJ58,15.6,Regular,0.10589167,Snack Foods,172.6764,OUT017,Small,Tier 2,Supermarket Type1,7.979749359,Food
NCN30,16.35,Non-Edible,0.016910914,Household,96.641,OUT027,Medium,Tier 3,Supermarket Type3,7.343203695,Non-Consumable
FDA52,16.2,Regular,0.128621941,Frozen Foods,175.537,OUT049,Medium,Tier 1,Supermarket Type1,8.168979493,Food
NCN42,20.25,Non-Edible,0.014153743,Household,145.6418,OUT027,Medium,Tier 3,Supermarket Type3,8.249754643,Non-Consumable
FDF04,17.5,Low Fat,0.013637046,Frozen Foods,258.5304,OUT046,Small,Tier 1,Supermarket Type1,8.732454495,Food
FDY15,18.25,Regular,0.171523928,Dairy,155.863,OUT018,Medium,Tier 3,Supermarket Type2,7.761295756,Food
FDT03,21.25,Low Fat,0.009950343,Meat,185.5608,OUT027,Medium,Tier 3,Supermarket Type3,8.104308949,Food
DRL59,16.75,Low Fat,0.037160705,Hard Drinks,54.2298,OUT019,Small,Tier 1,Grocery Store,5.092457341,Drinks
FDW08,12.1,Low Fat,0.148986013,Fruits and Vegetables,106.528,OUT018,Medium,Tier 3,Supermarket Type2,7.067156152,Food
FDO50,16.25,Low Fat,0.078103689,Canned,91.1804,OUT013,High,Tier 3,Supermarket Type1,7.565528307,Food
FDP26,7.785,Low Fat,0.140121306,Dairy,102.5306,OUT018,Medium,Tier 3,Supermarket Type2,7.215164829,Food
FDX01,10.1,Low Fat,0.040446145,Canned,118.115,OUT010,Small,Tier 3,Grocery Store,4.766565985,Food
FDU22,12.35,Low Fat,0.093824276,Snack Foods,119.9124,OUT017,Small,Tier 2,Supermarket Type1,7.608727167,Food
FDQ08,15.7,Regular,0.018926773,Fruits and Vegetables,60.2536,OUT035,Small,Tier 2,Supermarket Type1,7.060320474,Food
NCN54,20.35,Non-Edible,0.021322439,Household,79.1328,OUT035,Small,Tier 2,Supermarket Type1,7.120221874,Non-Consumable
FDR01,5.405,Regular,0.05336162,Canned,200.1742,OUT027,Medium,Tier 3,Supermarket Type3,8.727826851,Food
FDB53,13.35,Low Fat,0.138777108,Frozen Foods,147.5392,OUT027,Medium,Tier 3,Supermarket Type3,8.560419717,Food
DRN47,12.1,Low Fat,0.016823566,Hard Drinks,178.566,OUT035,Small,Tier 2,Supermarket Type1,8.236443302,Drinks
FDR39,20.35,Low Fat,0.083799283,Meat,184.1292,OUT046,Small,Tier 1,Supermarket Type1,7.691725496,Food
NCL30,18.1,Non-Edible,0.048940428,Household,127.5336,OUT046,Small,Tier 1,Supermarket Type1,7.490345354,Non-Consumable
FDT02,12.6,Low Fat,0.02429329,Dairy,33.4874,OUT018,Medium,Tier 3,Supermarket Type2,4.671540154,Food
FDT25,7.5,Low Fat,0.050829881,Canned,122.7072,OUT049,Medium,Tier 1,Supermarket Type1,7.293756454,Food
FDH53,20.5,Regular,0.022449463,Frozen Foods,83.2592,OUT017,Small,Tier 2,Supermarket Type1,7.053437747,Food
DRB48,16.75,Regular,0.024994069,Soft Drinks,37.4822,OUT017,Small,Tier 2,Supermarket Type1,6.311645513,Drinks
FDX16,17.85,Low Fat,0.110152524,Frozen Foods,150.205,OUT010,Small,Tier 3,Grocery Store,5.015987612,Food
FDH48,13.5,Low Fat,0.060603014,Baking Goods,85.554,OUT045,Small,Tier 2,Supermarket Type1,7.457078277,Food
FDF20,12.85,Low Fat,0.033192524,Fruits and Vegetables,199.0768,OUT013,High,Tier 3,Supermarket Type1,8.056499308,Food
FDJ03,12.35,Regular,0.121174241,Dairy,47.8692,OUT010,Small,Tier 3,Grocery Store,3.917392564,Food
DRJ35,10.1,Low Fat,0.046848053,Hard Drinks,60.6878,OUT017,Small,Tier 2,Supermarket Type1,5.898600074,Drinks
NCN17,11,Non-Edible,0.05489331,Health and Hygiene,101.9358,OUT013,High,Tier 3,Supermarket Type1,7.009312993,Non-Consumable
FDN09,14.15,Low Fat,0.034868095,Snack Foods,243.7828,OUT035,Small,Tier 2,Supermarket Type1,8.791856223,Food
NCR30,20.6,Non-Edible,0.070933894,Household,74.8696,OUT013,High,Tier 3,Supermarket Type1,5.414805342,Non-Consumable
FDW23,5.765,Low Fat,0.0821398,Baking Goods,37.2164,OUT049,Medium,Tier 1,Supermarket Type1,6.363452152,Food
DRN35,8.01,Low Fat,0.117580062,Hard Drinks,36.6532,OUT010,Small,Tier 3,Grocery Store,4.289176427,Drinks
FDL08,10.8,Low Fat,0.049819857,Fruits and Vegetables,243.2144,OUT045,Small,Tier 2,Supermarket Type1,7.111570842,Food
DRL35,15.7,Low Fat,0.030877303,Hard Drinks,42.177,OUT017,Small,Tier 2,Supermarket Type1,6.60219297,Drinks
NCS42,8.6,Non-Edible,0.069524391,Household,91.8146,OUT049,Medium,Tier 1,Supermarket Type1,7.771733081,Non-Consumable
NCY29,13.65,Non-Edible,0.076860103,Health and Hygiene,55.993,OUT027,Medium,Tier 3,Supermarket Type3,7.294661226,Non-Consumable
FDO32,6.36,Low Fat,0.121034655,Fruits and Vegetables,47.506,OUT018,Medium,Tier 3,Supermarket Type2,6.978155959,Food
NCU17,5.32,Non-Edible,0.092865746,Health and Hygiene,100.6674,OUT035,Small,Tier 2,Supermarket Type1,7.882145999,Non-Consumable
FDY03,17.6,Regular,0.075753207,Meat,111.1202,OUT027,Medium,Tier 3,Supermarket Type3,8.055654624,Food
NCI30,20.25,Non-Edible,0.103188491,Household,244.346,OUT019,Small,Tier 1,Grocery Store,5.510788166,Non-Consumable
FDI04,13.65,Regular,0.072559351,Frozen Foods,199.3426,OUT027,Medium,Tier 3,Supermarket Type3,8.231671291,Food
FDC35,7.435,Low Fat,0.122735471,Starchy Foods,205.2638,OUT013,High,Tier 3,Supermarket Type1,8.166524346,Food
FDN38,6.615,Regular,0.091971856,Canned,251.6408,OUT046,Small,Tier 1,Supermarket Type1,8.701043446,Food
FDJ48,11.3,Low Fat,0.056434817,Baking Goods,247.8118,OUT046,Small,Tier 1,Supermarket Type1,7.994680067,Food
FDH57,10.895,Low Fat,0.035740763,Fruits and Vegetables,131.9284,OUT035,Small,Tier 2,Supermarket Type1,6.492454963,Food
FDI40,11.5,Regular,0.125602951,Frozen Foods,100.8358,OUT046,Small,Tier 1,Supermarket Type1,7.655509861,Food
FDF50,4.905,Low Fat,0.116762173,Canned,198.9768,OUT027,Medium,Tier 3,Supermarket Type3,8.461858732,Food
FDA07,7.55,Regular,0.030918873,Fruits and Vegetables,123.9072,OUT013,High,Tier 3,Supermarket Type1,7.006300946,Food
FDZ60,20.5,Low Fat,0.119848041,Baking Goods,109.4596,OUT018,Medium,Tier 3,Supermarket Type2,6.069439888,Food
FDW38,5.325,Regular,0.139464425,Dairy,53.2298,OUT017,Small,Tier 2,Supermarket Type1,7.123983293,Food
NCF55,6.675,Non-Edible,0.021666335,Household,33.3874,OUT046,Small,Tier 1,Supermarket Type1,7.119683372,Non-Consumable
FDR37,16.5,Regular,0.066249551,Breakfast,183.3292,OUT046,Small,Tier 1,Supermarket Type1,7.604755627,Food
FDZ33,10.195,Low Fat,0.107564024,Snack Foods,149.0076,OUT049,Medium,Tier 1,Supermarket Type1,7.076198306,Food
FDV01,19.2,Regular,0.085122855,Canned,155.4314,OUT045,Small,Tier 2,Supermarket Type1,8.180046944,Food
FDI02,15.7,Regular,0.115031783,Canned,114.1202,OUT018,Medium,Tier 3,Supermarket Type2,6.670311718,Food
DRH25,18.7,Low Fat,0.014580886,Soft Drinks,50.2324,OUT013,High,Tier 3,Supermarket Type1,6.436452887,Drinks
NCY29,13.65,Non-Edible,0.077548732,Health and Hygiene,55.093,OUT018,Medium,Tier 3,Supermarket Type2,6.117533162,Non-Consumable
FDR04,7.075,Low Fat,0.022457694,Frozen Foods,98.6068,OUT027,Medium,Tier 3,Supermarket Type3,7.796127902,Food
FDR44,6.11,Regular,0.103129612,Fruits and Vegetables,129.5968,OUT045,Small,Tier 2,Supermarket Type1,7.762146096,Food
FDJ41,6.85,Low Fat,0.023012718,Frozen Foods,262.0594,OUT017,Small,Tier 2,Supermarket Type1,7.359439885,Food
FDL43,10.1,Low Fat,0.026933321,Meat,78.467,OUT027,Medium,Tier 3,Supermarket Type3,8.099669976,Food
FDB21,7.475,Low Fat,0.149360698,Fruits and Vegetables,243.4854,OUT017,Small,Tier 2,Supermarket Type1,7.434137942,Food
NCU42,9,Non-Edible,0.019586115,Household,170.2474,OUT018,Medium,Tier 3,Supermarket Type2,8.345736794,Non-Consumable
FDY21,15.1,Low Fat,0.205924754,Snack Foods,195.211,OUT013,High,Tier 3,Supermarket Type1,8.053116284,Food
FDK58,11.35,Regular,0.050626761,Snack Foods,101.5016,OUT046,Small,Tier 1,Supermarket Type1,5.315190216,Food
DRD13,15,Low Fat,0.049155769,Soft Drinks,65.2168,OUT049,Medium,Tier 1,Supermarket Type1,6.866674918,Drinks
FDU35,6.44,Low Fat,0.105711023,Breads,98.27,OUT046,Small,Tier 1,Supermarket Type1,7.782340293,Food
FDX23,6.445,Low Fat,0.049697923,Baking Goods,95.0436,OUT010,Small,Tier 3,Grocery Store,4.559582688,Food
FDQ39,14.8,Low Fat,0.081206491,Meat,189.2846,OUT045,Small,Tier 2,Supermarket Type1,7.450522146,Food
FDR31,6.46,Regular,0.048924811,Fruits and Vegetables,147.4102,OUT027,Medium,Tier 3,Supermarket Type3,8.073659919,Food
FDS28,8.18,Regular,0.082386011,Frozen Foods,56.6588,OUT035,Small,Tier 2,Supermarket Type1,6.533942315,Food
DRN36,15.2,Low Fat,0.050279604,Soft Drinks,94.1752,OUT045,Small,Tier 2,Supermarket Type1,7.654563788,Drinks
FDX60,14.35,Low Fat,0.080203852,Baking Goods,77.996,OUT027,Medium,Tier 3,Supermarket Type3,7.907454371,Food
NCB54,8.76,Non-Edible,0.050335829,Health and Hygiene,126.2336,OUT017,Small,Tier 2,Supermarket Type1,7.24933559,Non-Consumable
FDC15,18.1,Low Fat,0.178694026,Dairy,158.9288,OUT018,Medium,Tier 3,Supermarket Type2,7.360287162,Food
NCP17,19.35,Non-Edible,0.027580163,Health and Hygiene,62.2168,OUT027,Medium,Tier 3,Supermarket Type3,7.416280338,Non-Consumable
FDY39,5.305,Regular,0.04710181,Meat,181.8608,OUT049,Medium,Tier 1,Supermarket Type1,8.432728387,Food
FDH33,12.85,Low Fat,0.121914662,Snack Foods,43.5428,OUT049,Medium,Tier 1,Supermarket Type1,6.423570288,Food
FDG09,20.6,Regular,0.047704151,Fruits and Vegetables,187.2556,OUT027,Medium,Tier 3,Supermarket Type3,8.413416843,Food
FDO10,13.65,Regular,0.01268995,Snack Foods,56.4588,OUT027,Medium,Tier 3,Supermarket Type3,6.881821486,Food
FDD39,16.7,Low Fat,0.06981517,Dairy,214.385,OUT027,Medium,Tier 3,Supermarket Type3,8.373022545,Food
FDJ09,15,Low Fat,0.058513255,Snack Foods,46.9744,OUT045,Small,Tier 2,Supermarket Type1,6.522263372,Food
DRQ35,9.3,Low Fat,0.042357203,Hard Drinks,123.2388,OUT049,Medium,Tier 1,Supermarket Type1,7.52756911,Drinks
FDV38,19.25,Low Fat,0.101932076,Dairy,54.5956,OUT049,Medium,Tier 1,Supermarket Type1,6.640318089,Food
FDJ60,19.35,Regular,0.062476391,Baking Goods,164.5184,OUT013,High,Tier 3,Supermarket Type1,7.409853328,Food
FDJ15,11.35,Regular,0.023454399,Dairy,181.9608,OUT017,Small,Tier 2,Supermarket Type1,7.411463957,Food
FDR08,18.7,Low Fat,0.037681448,Fruits and Vegetables,111.0886,OUT049,Medium,Tier 1,Supermarket Type1,5.408861822,Food
FDZ55,6.055,Low Fat,0.025408702,Fruits and Vegetables,160.892,OUT046,Small,Tier 1,Supermarket Type1,7.782340293,Food
FDL10,8.395,Low Fat,0.039572298,Snack Foods,100.9042,OUT045,Small,Tier 2,Supermarket Type1,7.430986474,Food
FDJ34,11.8,Regular,0.093202196,Snack Foods,125.5704,OUT027,Medium,Tier 3,Supermarket Type3,6.910115691,Food
FDW60,5.44,Regular,0.016979326,Baking Goods,177.037,OUT027,Medium,Tier 3,Supermarket Type3,8.117701109,Food
FDK08,9.195,Regular,0.122304725,Fruits and Vegetables,99.2016,OUT046,Small,Tier 1,Supermarket Type1,6.697790505,Food
NCE42,21.1,Non-Edible,0.010600287,Household,233.9958,OUT035,Small,Tier 2,Supermarket Type1,7.533996552,Non-Consumable
FDR39,20.35,Low Fat,0.084273286,Meat,181.7292,OUT017,Small,Tier 2,Supermarket Type1,8.297653738,Food
NCN17,11,Non-Edible,0.055162827,Health and Hygiene,100.3358,OUT018,Medium,Tier 3,Supermarket Type2,6.80884304,Non-Consumable
NCR05,10.1,Non-Edible,0.054741627,Health and Hygiene,200.2084,OUT045,Small,Tier 2,Supermarket Type1,8.063231212,Non-Consumable
FDV48,9.195,Regular,0.051366901,Baking Goods,77.0644,OUT027,Medium,Tier 3,Supermarket Type3,8.077801138,Food
DRF27,8.93,Low Fat,0.028533032,Dairy,151.434,OUT018,Medium,Tier 3,Supermarket Type2,7.111570842,Drinks
NCF07,9,Non-Edible,0.032072321,Household,102.2016,OUT049,Medium,Tier 1,Supermarket Type1,7.256877452,Non-Consumable
FDF40,20.25,Regular,0.022507877,Dairy,248.1092,OUT035,Small,Tier 2,Supermarket Type1,8.462140164,Food
FDO28,5.765,Low Fat,0.072410764,Frozen Foods,122.5098,OUT049,Medium,Tier 1,Supermarket Type1,6.989877239,Food
FDB23,19.2,Regular,0.005611367,Starchy Foods,226.2062,OUT018,Medium,Tier 3,Supermarket Type2,7.365777036,Food
FDV48,9.195,Regular,0.051697108,Baking Goods,79.2644,OUT049,Medium,Tier 1,Supermarket Type1,6.762970403,Food
FDM45,8.655,Regular,0.08819473,Snack Foods,119.6756,OUT046,Small,Tier 1,Supermarket Type1,7.793385546,Food
FDC16,11.5,Regular,0.020611526,Dairy,84.954,OUT045,Small,Tier 2,Supermarket Type1,6.764508271,Food
DRE25,15.35,Low Fat,0.072928316,Soft Drinks,94.412,OUT027,Medium,Tier 3,Supermarket Type3,7.174699807,Drinks
FDY35,17.6,Regular,0.0160526,Breads,43.9402,OUT049,Medium,Tier 1,Supermarket Type1,7.160322167,Food
FDR22,19.35,Regular,0.018600249,Snack Foods,110.2544,OUT045,Small,Tier 2,Supermarket Type1,7.975638358,Food
FDZ10,17.85,Low Fat,0.04453262,Snack Foods,127.202,OUT049,Medium,Tier 1,Supermarket Type1,7.885156914,Food
FDY15,18.25,Regular,0.299097859,Dairy,157.863,OUT019,Small,Tier 1,Grocery Store,6.153560012,Food
DRA24,19.35,Regular,0.039895009,Soft Drinks,162.4868,OUT013,High,Tier 3,Supermarket Type1,8.394628552,Drinks
FDV37,13,Regular,0.083683243,Canned,198.5426,OUT045,Small,Tier 2,Supermarket Type1,7.079568146,Food
FDO10,13.65,Regular,0.012749289,Snack Foods,58.8588,OUT035,Small,Tier 2,Supermarket Type1,6.881821486,Food
FDR59,14.5,Regular,0.063554289,Breads,263.6594,OUT027,Medium,Tier 3,Supermarket Type3,8.132286954,Food
FDR34,17,Regular,0.016030344,Snack Foods,228.0352,OUT018,Medium,Tier 3,Supermarket Type2,7.919146132,Food
FDG16,15.25,Low Fat,0.090324849,Frozen Foods,214.4192,OUT017,Small,Tier 2,Supermarket Type1,8.509673308,Food
FDO03,10.395,Regular,0.03670437,Meat,228.1352,OUT027,Medium,Tier 3,Supermarket Type3,9.147554256,Food
FDC09,15.5,Regular,0.026342897,Fruits and Vegetables,104.1332,OUT049,Medium,Tier 1,Supermarket Type1,7.115905713,Food
FDJ52,7.145,Low Fat,0.017783501,Frozen Foods,159.4578,OUT035,Small,Tier 2,Supermarket Type1,8.074074813,Food
FDL33,7.235,Low Fat,0.167316771,Snack Foods,197.5452,OUT010,Small,Tier 3,Grocery Store,5.281909491,Food
FDJ53,10.5,Low Fat,0.071660976,Frozen Foods,119.7098,OUT017,Small,Tier 2,Supermarket Type1,7.787878169,Food
FDX08,12.85,Low Fat,0.039576776,Fruits and Vegetables,179.9318,OUT019,Small,Tier 1,Grocery Store,5.891267345,Food
FDK32,16.25,Regular,0.049074897,Fruits and Vegetables,154.2682,OUT045,Small,Tier 2,Supermarket Type1,8.118296583,Food
FDM20,10,Low Fat,0.038904624,Fruits and Vegetables,245.4144,OUT017,Small,Tier 2,Supermarket Type1,8.797305002,Food
NCJ42,19.75,Non-Edible,0.01438222,Household,102.2332,OUT017,Small,Tier 2,Supermarket Type1,8.031709075,Non-Consumable
FDI50,8.42,Regular,0.030968306,Canned,227.8352,OUT018,Medium,Tier 3,Supermarket Type2,8.142216938,Food
FDZ15,13.1,Low Fat,0.020883143,Dairy,117.8782,OUT035,Small,Tier 2,Supermarket Type1,7.916478819,Food
NCK18,9.6,Non-Edible,0.00760067,Household,164.2184,OUT045,Small,Tier 2,Supermarket Type1,7.592074003,Non-Consumable
FDW33,9.395,Low Fat,0.099681254,Snack Foods,106.428,OUT017,Small,Tier 2,Supermarket Type1,7.559300995,Food
NCT05,10.895,Non-Edible,0.021037197,Health and Hygiene,255.9672,OUT018,Medium,Tier 3,Supermarket Type2,8.488521416,Non-Consumable
FDZ16,16.85,Regular,0.279886948,Frozen Foods,193.1478,OUT019,Small,Tier 1,Grocery Store,5.962281844,Food
NCV17,18.85,Non-Edible,0.016107549,Health and Hygiene,129.7626,OUT046,Small,Tier 1,Supermarket Type1,8.01226342,Non-Consumable
FDE34,9.195,Low Fat,0.108330902,Snack Foods,183.6634,OUT018,Medium,Tier 3,Supermarket Type2,7.911122752,Food
FDH44,19.1,Regular,0.025924623,Fruits and Vegetables,148.0418,OUT045,Small,Tier 2,Supermarket Type1,8.249754643,Food
NCK06,5.03,Non-Edible,0.008664064,Household,119.3756,OUT045,Small,Tier 2,Supermarket Type1,6.408327782,Non-Consumable
FDS46,17.6,Regular,0.047330801,Snack Foods,120.8782,OUT049,Medium,Tier 1,Supermarket Type1,7.872043632,Food
NCO42,21.25,Non-Edible,0.024756031,Household,146.7102,OUT018,Medium,Tier 3,Supermarket Type2,7.38082433,Non-Consumable
FDL13,13.85,Regular,0.056406129,Breakfast,231.43,OUT049,Medium,Tier 1,Supermarket Type1,8.016446603,Food
FDK14,6.98,Low Fat,0.0413383,Canned,83.3934,OUT017,Small,Tier 2,Supermarket Type1,6.199210969,Food
FDX13,7.725,Low Fat,0.047879864,Canned,250.2092,OUT045,Small,Tier 2,Supermarket Type1,8.290329529,Food
DRI47,14.7,Low Fat,0.021005399,Hard Drinks,144.5128,OUT018,Medium,Tier 3,Supermarket Type2,7.859270442,Drinks
FDG22,17.6,Regular,0.041615224,Snack Foods,37.219,OUT017,Small,Tier 2,Supermarket Type1,5.905879425,Food
FDA13,15.85,Low Fat,0.07867708,Canned,37.8506,OUT049,Medium,Tier 1,Supermarket Type1,5.836433396,Food
FDE46,18.6,Low Fat,0.015769693,Snack Foods,152.1366,OUT046,Small,Tier 1,Supermarket Type1,7.503641939,Food
FDX25,16.7,Low Fat,0.102633047,Canned,180.8292,OUT017,Small,Tier 2,Supermarket Type1,8.151089594,Food
FDC58,10.195,Low Fat,0.04217956,Snack Foods,44.2428,OUT017,Small,Tier 2,Supermarket Type1,6.556898803,Food
NCA42,6.965,Non-Edible,0.028710065,Household,158.1604,OUT017,Small,Tier 2,Supermarket Type1,7.899089214,Non-Consumable
FDV01,19.2,Regular,0.085082648,Canned,153.5314,OUT049,Medium,Tier 1,Supermarket Type1,7.683790163,Food
FDU24,6.78,Regular,0.140163038,Baking Goods,94.212,OUT046,Small,Tier 1,Supermarket Type1,6.93374656,Food
FDO51,6.785,Regular,0.042153502,Meat,44.0112,OUT018,Medium,Tier 3,Supermarket Type2,5.834487878,Food
NCN14,19.1,Non-Edible,0.15385153,Others,185.1608,OUT010,Small,Tier 3,Grocery Store,6.31405951,Non-Consumable
FDT37,14.15,Low Fat,0.061753511,Canned,253.3014,OUT019,Small,Tier 1,Grocery Store,6.23637507,Food
FDY09,15.6,Low Fat,0.042179884,Snack Foods,174.7054,OUT010,Small,Tier 3,Grocery Store,5.171082679,Food
NCG06,16.35,Non-Edible,0.029420857,Household,256.9646,OUT013,High,Tier 3,Supermarket Type1,8.442246086,Non-Consumable
FDG40,13.65,Low Fat,0.066657791,Frozen Foods,32.6558,OUT010,Small,Tier 3,Grocery Store,4.232824524,Food
FDQ47,7.155,Regular,0.168154574,Breads,33.7874,OUT035,Small,Tier 2,Supermarket Type1,6.783534692,Food
DRH59,10.8,Low Fat,0.097805615,Hard Drinks,73.938,OUT010,Small,Tier 3,Grocery Store,4.307276148,Drinks
FDH48,13.5,Low Fat,0.06082246,Baking Goods,85.154,OUT017,Small,Tier 2,Supermarket Type1,6.408327782,Food
FDE34,9.195,Low Fat,0.107870997,Snack Foods,181.2634,OUT035,Small,Tier 2,Supermarket Type1,7.768078314,Food
NCM05,6.825,Non-Edible,0.059940022,Health and Hygiene,262.4226,OUT049,Medium,Tier 1,Supermarket Type1,8.285472713,Non-Consumable
FDU55,16.2,Low Fat,0.035967107,Fruits and Vegetables,260.3278,OUT049,Medium,Tier 1,Supermarket Type1,8.929369886,Food
FDS60,20.85,Low Fat,0.032442388,Baking Goods,178.366,OUT035,Small,Tier 2,Supermarket Type1,8.449966474,Food
FDZ32,7.785,Regular,0.047754565,Fruits and Vegetables,106.4964,OUT013,High,Tier 3,Supermarket Type1,7.364512815,Food
FDP12,9.8,Regular,0.045358609,Baking Goods,36.1874,OUT045,Small,Tier 2,Supermarket Type1,6.050791386,Food
NCL31,7.39,Non-Edible,0.119698523,Others,143.047,OUT027,Medium,Tier 3,Supermarket Type3,8.183027293,Non-Consumable
FDR32,6.78,Regular,0.150238656,Fruits and Vegetables,229.3694,OUT019,Small,Tier 1,Grocery Store,5.435333804,Food
FDL08,10.8,Low Fat,0.049478259,Fruits and Vegetables,245.4144,OUT027,Medium,Tier 3,Supermarket Type3,8.209639241,Food
FDY34,10.5,Regular,0.010998932,Snack Foods,164.3842,OUT049,Medium,Tier 1,Supermarket Type1,7.509130423,Food
DRG23,8.88,Low Fat,0.086748212,Hard Drinks,154.0682,OUT018,Medium,Tier 3,Supermarket Type2,7.971740166,Drinks
FDD04,16,Low Fat,0.08989642,Dairy,143.4154,OUT013,High,Tier 3,Supermarket Type1,7.594087088,Food
FDX37,16.2,Low Fat,0.063385859,Canned,98.17,OUT017,Small,Tier 2,Supermarket Type1,7.90007699,Food
FDM09,11.15,Regular,0.086281593,Snack Foods,170.579,OUT018,Medium,Tier 3,Supermarket Type2,7.214675113,Food
FDA52,16.2,Regular,0.128315409,Frozen Foods,178.137,OUT013,High,Tier 3,Supermarket Type1,8.264263917,Food
NCV41,14.35,Non-Edible,0.017108186,Health and Hygiene,110.3228,OUT018,Medium,Tier 3,Supermarket Type2,6.316467693,Non-Consumable
FDB20,7.72,Low Fat,0.051970838,Fruits and Vegetables,79.7986,OUT035,Small,Tier 2,Supermarket Type1,7.757033178,Food
FDD28,10.695,Low Fat,0.053238458,Frozen Foods,60.5904,OUT017,Small,Tier 2,Supermarket Type1,6.018916277,Food
FDI38,13.35,Regular,0.024482433,Canned,205.7638,OUT010,Small,Tier 3,Grocery Store,6.433247762,Food
FDA28,16.1,Regular,0.047792845,Frozen Foods,126.1362,OUT035,Small,Tier 2,Supermarket Type1,8.0933832,Food
FDB32,20.6,Low Fat,0.023339367,Fruits and Vegetables,94.8778,OUT027,Medium,Tier 3,Supermarket Type3,8.303441746,Food
NCS54,13.6,Non-Edible,0.009991273,Household,175.537,OUT035,Small,Tier 2,Supermarket Type1,8.217756166,Non-Consumable
NCA17,20.6,Non-Edible,0.045675104,Health and Hygiene,150.9392,OUT017,Small,Tier 2,Supermarket Type1,8.300965272,Non-Consumable
FDR14,11.65,Low Fat,0.173904193,Dairy,52.3298,OUT013,High,Tier 3,Supermarket Type1,5.600822778,Food
FDS58,9.285,Regular,0.021039273,Snack Foods,160.0578,OUT049,Medium,Tier 1,Supermarket Type1,7.851009137,Food
FDU08,10.3,Low Fat,0.027426689,Fruits and Vegetables,97.3042,OUT018,Medium,Tier 3,Supermarket Type2,6.544529497,Food
FDI60,7.22,Regular,0.064141866,Baking Goods,61.251,OUT010,Small,Tier 3,Grocery Store,4.848132051,Food
FDU40,20.85,Low Fat,0.037556341,Frozen Foods,195.3478,OUT018,Medium,Tier 3,Supermarket Type2,7.569658408,Food
FDX46,12.3,Regular,0.057835325,Snack Foods,57.5562,OUT027,Medium,Tier 3,Supermarket Type3,7.843462917,Food
FDG41,8.84,Regular,0.076995176,Frozen Foods,112.0228,OUT017,Small,Tier 2,Supermarket Type1,7.103939306,Food
FDD14,20.7,Low Fat,0.297312685,Canned,185.4266,OUT019,Small,Tier 1,Grocery Store,5.91310617,Food
FDX45,16.75,Low Fat,0.104348025,Snack Foods,156.263,OUT027,Medium,Tier 3,Supermarket Type3,8.487012914,Food
NCN30,16.35,Non-Edible,0.016989991,Household,98.541,OUT035,Small,Tier 2,Supermarket Type1,6.650703279,Non-Consumable
DRH13,8.575,Low Fat,0.023885957,Soft Drinks,106.628,OUT046,Small,Tier 1,Supermarket Type1,6.866674918,Drinks
NCP30,20.5,Non-Edible,0.032954044,Household,39.3822,OUT017,Small,Tier 2,Supermarket Type1,5.753390082,Non-Consumable
FDT52,9.695,Regular,0.047429578,Frozen Foods,245.8144,OUT046,Small,Tier 1,Supermarket Type1,8.1406658,Food
FDS36,8.38,Regular,0.047152554,Baking Goods,110.157,OUT017,Small,Tier 2,Supermarket Type1,8.066789188,Food
FDB03,17.75,Regular,0.157470693,Dairy,239.1538,OUT018,Medium,Tier 3,Supermarket Type2,8.372714876,Food
FDO09,13.5,Regular,0.125274674,Snack Foods,262.191,OUT046,Small,Tier 1,Supermarket Type1,7.769766789,Food
FDD28,10.695,Low Fat,0.053038775,Frozen Foods,59.5904,OUT027,Medium,Tier 3,Supermarket Type3,7.403384744,Food
FDF08,14.3,Regular,0.065339802,Fruits and Vegetables,89.1856,OUT045,Small,Tier 2,Supermarket Type1,7.52110009,Food
FDB49,8.3,Regular,0.05046718,Baking Goods,97.6384,OUT010,Small,Tier 3,Grocery Store,5.288654834,Food
FDB08,6.055,Low Fat,0.031143431,Fruits and Vegetables,162.3578,OUT035,Small,Tier 2,Supermarket Type1,7.381239095,Food
NCP06,20.7,Non-Edible,0.039306822,Household,150.7366,OUT049,Medium,Tier 1,Supermarket Type1,8.109527223,Non-Consumable
FDH28,15.85,Regular,0.110254143,Frozen Foods,37.3506,OUT045,Small,Tier 2,Supermarket Type1,5.836433396,Food
FDU20,19.35,Regular,0.037569401,Fruits and Vegetables,120.7098,OUT019,Small,Tier 1,Grocery Store,5.893105574,Food
DRB25,12.3,Low Fat,0.069852615,Soft Drinks,107.4938,OUT017,Small,Tier 2,Supermarket Type1,7.766104815,Drinks
NCM30,19.1,Non-Edible,0.067676056,Household,40.8796,OUT017,Small,Tier 2,Supermarket Type1,5.920281064,Non-Consumable
FDU57,8.27,Regular,0.149895348,Snack Foods,152.0708,OUT010,Small,Tier 3,Grocery Store,6.114594153,Food
FDF56,16.7,Regular,0.209162936,Fruits and Vegetables,179.1976,OUT019,Small,Tier 1,Grocery Store,6.299487337,Food
NCT30,9.1,Non-Edible,0.080277707,Household,47.2718,OUT035,Small,Tier 2,Supermarket Type1,6.747460228,Non-Consumable
FDX15,17.2,Low Fat,0.156935553,Meat,160.6578,OUT018,Medium,Tier 3,Supermarket Type2,7.563456842,Food
FDX58,13.15,Low Fat,0.044011225,Snack Foods,181.295,OUT017,Small,Tier 2,Supermarket Type1,8.301295823,Food
FDQ08,15.7,Regular,0.031685529,Fruits and Vegetables,63.1536,OUT010,Small,Tier 3,Grocery Store,4.816299454,Food
DRL23,18.35,Low Fat,0.015291576,Hard Drinks,106.1938,OUT013,High,Tier 3,Supermarket Type1,7.383310345,Drinks
FDA25,16.5,Regular,0.068112874,Canned,104.599,OUT035,Small,Tier 2,Supermarket Type1,7.969209685,Food
FDV09,12.1,Low Fat,0.020600553,Snack Foods,147.5734,OUT049,Medium,Tier 1,Supermarket Type1,8.136192826,Food
FDQ46,7.51,Low Fat,0.10423592,Snack Foods,111.7544,OUT018,Medium,Tier 3,Supermarket Type2,7.808646769,Food
FDH41,9,Low Fat,0.081614376,Frozen Foods,214.7534,OUT027,Medium,Tier 3,Supermarket Type3,8.666895443,Food
FDY20,12.5,Regular,0.082215187,Fruits and Vegetables,91.4488,OUT017,Small,Tier 2,Supermarket Type1,6.991715473,Food
FDO37,8.06,Low Fat,0.021372636,Breakfast,231.7326,OUT035,Small,Tier 2,Supermarket Type1,8.578241215,Food
FDZ55,6.055,Low Fat,0.025460232,Fruits and Vegetables,160.892,OUT045,Small,Tier 2,Supermarket Type1,7.559300995,Food
FDS32,17.75,Regular,0.029510313,Fruits and Vegetables,141.9838,OUT027,Medium,Tier 3,Supermarket Type3,8.379308979,Food
FDV50,14.3,Low Fat,0.122761775,Dairy,124.373,OUT049,Medium,Tier 1,Supermarket Type1,7.64728067,Food
NCV30,20.2,Non-Edible,0.066065799,Household,61.351,OUT045,Small,Tier 2,Supermarket Type1,7.092381678,Non-Consumable
FDP16,18.6,Low Fat,0.039454924,Frozen Foods,244.0802,OUT018,Medium,Tier 3,Supermarket Type2,8.069293101,Food
FDW39,6.69,Regular,0.036910398,Meat,175.037,OUT046,Small,Tier 1,Supermarket Type1,7.658342723,Food
FDN39,19.35,Regular,0.074358037,Meat,169.0816,OUT013,High,Tier 3,Supermarket Type1,8.167469347,Food
FDV55,17.75,Low Fat,0.055159054,Fruits and Vegetables,145.6444,OUT049,Medium,Tier 1,Supermarket Type1,7.811347647,Food
FDZ20,16.1,Low Fat,0.034300475,Fruits and Vegetables,253.2356,OUT035,Small,Tier 2,Supermarket Type1,8.674319804,Food
FDK02,12.5,Low Fat,0.112399145,Canned,120.444,OUT049,Medium,Tier 1,Supermarket Type1,7.271792654,Food
FDK10,5.785,Regular,0.040523265,Snack Foods,177.866,OUT018,Medium,Tier 3,Supermarket Type2,8.487698879,Food
NCQ41,14.8,Non-Edible,0.019559746,Health and Hygiene,193.7794,OUT018,Medium,Tier 3,Supermarket Type2,7.981798539,Non-Consumable
FDA11,7.75,Low Fat,0.043483398,Baking Goods,94.3436,OUT017,Small,Tier 2,Supermarket Type1,7.768359924,Food
FDN13,18.6,Low Fat,0.152366659,Breakfast,98.5358,OUT045,Small,Tier 2,Supermarket Type1,7.176228079,Food
NCA42,6.965,Non-Edible,0.047784475,Household,158.8604,OUT010,Small,Tier 3,Grocery Store,5.761802295,Non-Consumable
NCX30,16.7,Non-Edible,0.026598474,Household,245.8776,OUT013,High,Tier 3,Supermarket Type1,8.345578717,Non-Consumable
FDL10,8.395,Low Fat,0.039300964,Snack Foods,99.5042,OUT027,Medium,Tier 3,Supermarket Type3,7.542149728,Food
FDQ33,13.35,Low Fat,0.091348964,Snack Foods,150.3708,OUT049,Medium,Tier 1,Supermarket Type1,8.381294015,Food
NCE42,21.1,Non-Edible,0.010602292,Household,235.3958,OUT046,Small,Tier 1,Supermarket Type1,8.0933832,Non-Consumable
FDH58,12.3,Low Fat,0.037001783,Snack Foods,116.4834,OUT018,Medium,Tier 3,Supermarket Type2,7.519656829,Food
FDF33,7.97,Low Fat,0.021579162,Seafood,105.9596,OUT045,Small,Tier 2,Supermarket Type1,7.625757205,Food
DRK49,14.15,Low Fat,0.03593692,Soft Drinks,41.0138,OUT035,Small,Tier 2,Supermarket Type1,6.649841954,Drinks
NCK19,9.8,Non-Edible,0.09046564,Others,193.6478,OUT046,Small,Tier 1,Supermarket Type1,8.039468568,Non-Consumable
FDT24,12.35,Regular,0.206936685,Baking Goods,75.9328,OUT027,Medium,Tier 3,Supermarket Type3,8.010717825,Food
FDI57,19.85,Low Fat,0.054245722,Seafood,196.0768,OUT018,Medium,Tier 3,Supermarket Type2,8.615979214,Food
NCQ06,13,Non-Edible,0.041621987,Household,253.6014,OUT027,Medium,Tier 3,Supermarket Type3,8.799516391,Non-Consumable
FDB16,8.21,Low Fat,0.044888397,Dairy,87.3198,OUT013,High,Tier 3,Supermarket Type1,6.415978077,Food
FDB57,20.25,Regular,0.018805105,Fruits and Vegetables,220.6772,OUT046,Small,Tier 1,Supermarket Type1,7.707409717,Food
DRD13,15,Low Fat,0.049279392,Soft Drinks,65.7168,OUT018,Medium,Tier 3,Supermarket Type2,6.356543677,Drinks
FDC41,15.6,Low Fat,0.116815953,Frozen Foods,75.567,OUT013,High,Tier 3,Supermarket Type1,7.429802109,Food
FDW59,13.15,Low Fat,0.020698674,Breads,86.3566,OUT013,High,Tier 3,Supermarket Type1,7.003279799,Food
FDO49,10.6,Regular,0.033103556,Breakfast,48.9008,OUT049,Medium,Tier 1,Supermarket Type1,6.56443533,Food
FDO08,11.1,Regular,0.090008963,Fruits and Vegetables,164.0526,OUT010,Small,Tier 3,Grocery Store,5.108684749,Food
NCV06,11.3,Non-Edible,0.116750407,Household,195.2478,OUT019,Small,Tier 1,Grocery Store,5.271705388,Non-Consumable
NCY06,15.25,Non-Edible,0.061184804,Household,132.0968,OUT046,Small,Tier 1,Supermarket Type1,8.272801489,Non-Consumable
FDL03,19.25,Regular,0.027190917,Meat,194.811,OUT018,Medium,Tier 3,Supermarket Type2,7.67856742,Food
NCL31,7.39,Non-Edible,0.120467994,Others,145.147,OUT049,Medium,Tier 1,Supermarket Type1,8.574978775,Non-Consumable
FDU46,10.3,Regular,0.011189235,Snack Foods,86.654,OUT017,Small,Tier 2,Supermarket Type1,7.793385546,Food
FDF04,17.5,Low Fat,0.013714183,Frozen Foods,259.2304,OUT017,Small,Tier 2,Supermarket Type1,7.952486507,Food
FDX31,20.35,Regular,0.016260853,Fruits and Vegetables,234.7958,OUT019,Small,Tier 1,Grocery Store,6.149304698,Food
FDI24,10.3,Low Fat,0.078728915,Baking Goods,178.437,OUT035,Small,Tier 2,Supermarket Type1,7.945906766,Food
FDY28,7.47,Regular,0.26639671,Frozen Foods,215.6218,OUT019,Small,Tier 1,Grocery Store,6.464845903,Food
DRN11,7.85,Low Fat,0.163902159,Hard Drinks,143.3444,OUT017,Small,Tier 2,Supermarket Type1,7.376250521,Drinks
FDB10,10,Low Fat,0.067312613,Snack Foods,234.359,OUT049,Medium,Tier 1,Supermarket Type1,8.03062659,Food
FDI60,7.22,Regular,0.03832122,Baking Goods,61.851,OUT046,Small,Tier 1,Supermarket Type1,6.713275712,Food
FDN15,17.5,Low Fat,0.016653022,Meat,139.518,OUT027,Medium,Tier 3,Supermarket Type3,7.985204535,Food
NCE18,10,Non-Edible,0.021421289,Household,248.375,OUT035,Small,Tier 2,Supermarket Type1,8.887594003,Non-Consumable
NCE43,12.5,Non-Edible,0.102941345,Household,171.2448,OUT027,Medium,Tier 3,Supermarket Type3,8.434465629,Non-Consumable
NCN53,5.175,Non-Edible,0.030479118,Health and Hygiene,33.2874,OUT018,Medium,Tier 3,Supermarket Type2,6.455470853,Non-Consumable
NCX41,19,Non-Edible,0.031024168,Health and Hygiene,210.5244,OUT019,Small,Tier 1,Grocery Store,7.301870082,Non-Consumable
FDO52,11.6,Regular,0.077100381,Frozen Foods,172.4106,OUT013,High,Tier 3,Supermarket Type1,7.34018385,Food
FDW45,18,Low Fat,0.038978526,Snack Foods,148.6418,OUT013,High,Tier 3,Supermarket Type1,7.936193356,Food
FDN45,19.35,Low Fat,0.117530851,Snack Foods,222.7088,OUT027,Medium,Tier 3,Supermarket Type3,8.300965272,Food
FDD38,16.75,Regular,0.008238064,Canned,101.9674,OUT017,Small,Tier 2,Supermarket Type1,7.3323764,Food
FDK27,11,Low Fat,0.015664229,Meat,122.2756,OUT019,Small,Tier 1,Grocery Store,4.805459354,Food
FDG40,13.65,Low Fat,0.039824346,Frozen Foods,32.8558,OUT046,Small,Tier 1,Supermarket Type1,6.471047461,Food
FDA34,11.5,Low Fat,0.014883661,Starchy Foods,174.508,OUT049,Medium,Tier 1,Supermarket Type1,8.19871316,Food
FDX48,17.75,Regular,0.038102203,Baking Goods,154.0656,OUT017,Small,Tier 2,Supermarket Type1,7.237915062,Food
FDY37,17,Regular,0.026440214,Canned,143.647,OUT027,Medium,Tier 3,Supermarket Type3,7.959953578,Food
DRE48,8.43,Low Fat,0.017396308,Soft Drinks,196.0768,OUT018,Medium,Tier 3,Supermarket Type2,8.328357536,Drinks
FDT58,9,Low Fat,0.086088353,Snack Foods,168.7816,OUT049,Medium,Tier 1,Supermarket Type1,8.118693369,Food
FDA19,7.52,Low Fat,0.092272132,Fruits and Vegetables,128.7994,OUT010,Small,Tier 3,Grocery Store,4.863676248,Food
FDG52,13.65,Low Fat,0.065618434,Frozen Foods,47.6402,OUT035,Small,Tier 2,Supermarket Type1,6.132100021,Food
FDA32,14,Low Fat,0.052691046,Fruits and Vegetables,216.3192,OUT019,Small,Tier 1,Grocery Store,5.378602506,Food
NCM19,12.65,Non-Edible,0.047333044,Others,113.8202,OUT045,Small,Tier 2,Supermarket Type1,7.496276785,Non-Consumable
NCF42,17.35,Non-Edible,0.167722519,Household,176.3712,OUT045,Small,Tier 2,Supermarket Type1,6.961890372,Non-Consumable
FDV23,11,Low Fat,0.105816753,Breads,126.0046,OUT035,Small,Tier 2,Supermarket Type1,6.771399559,Food
DRA59,8.27,Regular,0.214125129,Soft Drinks,183.9924,OUT010,Small,Tier 3,Grocery Store,5.226243325,Drinks
FDA01,15,Regular,0.054114924,Canned,58.4904,OUT027,Medium,Tier 3,Supermarket Type3,6.961890372,Food
FDX44,9.3,Low Fat,0.042758477,Fruits and Vegetables,88.4172,OUT027,Medium,Tier 3,Supermarket Type3,7.627055274,Food
FDW25,5.175,Low Fat,0.037391881,Canned,83.2224,OUT035,Small,Tier 2,Supermarket Type1,7.490345354,Food
NCM05,6.825,Non-Edible,0.104784329,Health and Hygiene,266.0226,OUT019,Small,Tier 1,Grocery Store,6.272207348,Non-Consumable
NCJ54,9.895,Non-Edible,0.060055757,Household,234.2642,OUT035,Small,Tier 2,Supermarket Type1,8.221163629,Non-Consumable
NCK07,10.65,Non-Edible,0.048885018,Others,166.1526,OUT018,Medium,Tier 3,Supermarket Type2,7.588035636,Non-Consumable
NCX05,15.2,Non-Edible,0.097611115,Health and Hygiene,116.5492,OUT017,Small,Tier 2,Supermarket Type1,6.699431865,Non-Consumable
FDV39,11.3,Low Fat,0.007279889,Meat,199.3426,OUT046,Small,Tier 1,Supermarket Type1,7.772294169,Food
FDI19,15.1,Low Fat,0.059330848,Meat,244.2512,OUT045,Small,Tier 2,Supermarket Type1,8.19871316,Food
FDT12,6.215,Regular,0.049621701,Baking Goods,226.1062,OUT046,Small,Tier 1,Supermarket Type1,8.463967547,Food
FDF12,8.235,Low Fat,0.08235926,Baking Goods,147.6076,OUT013,High,Tier 3,Supermarket Type1,8.040755983,Food
NCQ54,17.7,Non-Edible,0.012481638,Household,168.3474,OUT027,Medium,Tier 3,Supermarket Type3,8.560802223,Non-Consumable
FDU10,10.1,Regular,0.045653999,Snack Foods,35.6848,OUT013,High,Tier 3,Supermarket Type1,6.453375519,Food
NCK53,11.6,Non-Edible,0.037734334,Health and Hygiene,98.1042,OUT018,Medium,Tier 3,Supermarket Type2,7.89339049,Non-Consumable
FDB51,6.92,Low Fat,0.038454076,Dairy,61.5852,OUT046,Small,Tier 1,Supermarket Type1,6.702706525,Food
FDT10,16.7,Regular,0.062395455,Snack Foods,57.6562,OUT017,Small,Tier 2,Supermarket Type1,6.280968334,Food
NCU53,5.485,Non-Edible,0.042716235,Health and Hygiene,164.8842,OUT013,High,Tier 3,Supermarket Type1,7.676100188,Non-Consumable
FDJ40,13.6,Regular,0.049547993,Frozen Foods,108.6912,OUT013,High,Tier 3,Supermarket Type1,7.784559125,Food
NCQ05,11.395,Non-Edible,0.037829469,Health and Hygiene,151.0708,OUT019,Small,Tier 1,Grocery Store,6.114594153,Non-Consumable
FDV15,10.3,Low Fat,0.146172453,Meat,103.3648,OUT046,Small,Tier 1,Supermarket Type1,8.077387787,Food
FDD41,6.765,Regular,0.08739577,Frozen Foods,105.3306,OUT049,Medium,Tier 1,Supermarket Type1,6.730116501,Food
FDT20,10.5,Low Fat,0.041479396,Fruits and Vegetables,36.8164,OUT045,Small,Tier 2,Supermarket Type1,6.650703279,Food
FDM44,12.5,Low Fat,0.031023835,Fruits and Vegetables,104.099,OUT013,High,Tier 3,Supermarket Type1,5.738496252,Food
FDG21,17.35,Regular,0.168293362,Seafood,150.205,OUT045,Small,Tier 2,Supermarket Type1,8.698380772,Food
DRZ11,8.85,Regular,0.112893431,Soft Drinks,123.3388,OUT045,Small,Tier 2,Supermarket Type1,7.997370953,Drinks
FDC59,16.7,Regular,0.054851438,Starchy Foods,64.4168,OUT018,Medium,Tier 3,Supermarket Type2,6.723734359,Food
NCD43,8.85,Non-Edible,0.016052446,Household,106.7964,OUT045,Small,Tier 2,Supermarket Type1,7.221509402,Non-Consumable
DRL49,13.15,Low Fat,0.094450618,Soft Drinks,141.4812,OUT010,Small,Tier 3,Grocery Store,5.655860334,Drinks
NCE07,8.18,Non-Edible,0.02197698,Household,140.6154,OUT010,Small,Tier 3,Grocery Store,6.055486216,Non-Consumable
FDM02,12.5,Regular,0.074152133,Canned,88.6198,OUT017,Small,Tier 2,Supermarket Type1,7.241736415,Food
DRJ49,6.865,Low Fat,0.014072399,Soft Drinks,127.3652,OUT017,Small,Tier 2,Supermarket Type1,7.426636926,Drinks
FDY25,12,Low Fat,0.034112833,Canned,180.1976,OUT018,Medium,Tier 3,Supermarket Type2,8.290329529,Food
DRH39,20.7,Low Fat,0.092725807,Dairy,75.967,OUT019,Small,Tier 1,Grocery Store,5.037822354,Drinks
FDB09,16.25,Low Fat,0.100493148,Fruits and Vegetables,123.1046,OUT019,Small,Tier 1,Grocery Store,4.832342411,Food
FDM38,5.885,Regular,0.092771309,Canned,54.1982,OUT046,Small,Tier 1,Supermarket Type1,6.908121012,Food
FDY22,16.5,Regular,0.159690469,Snack Foods,142.4128,OUT035,Small,Tier 2,Supermarket Type1,6.356543677,Food
FDP48,7.52,Regular,0.044272226,Baking Goods,181.395,OUT017,Small,Tier 2,Supermarket Type1,7.849452515,Food
NCT05,10.895,Non-Edible,0.020934413,Health and Hygiene,256.5672,OUT013,High,Tier 3,Supermarket Type1,8.31670975,Non-Consumable
NCS06,7.935,Non-Edible,0.035709697,Household,263.691,OUT046,Small,Tier 1,Supermarket Type1,6.671998768,Non-Consumable
FDD47,7.6,Regular,0.142632186,Starchy Foods,172.3448,OUT049,Medium,Tier 1,Supermarket Type1,8.396733657,Food
FDZ49,11,Regular,0.13341564,Canned,218.7798,OUT045,Small,Tier 2,Supermarket Type1,7.698391174,Food
FDW59,13.15,Low Fat,0.020711996,Breads,82.7566,OUT035,Small,Tier 2,Supermarket Type1,7.433744551,Food
DRO47,10.195,Low Fat,0.112399145,Hard Drinks,111.686,OUT049,Medium,Tier 1,Supermarket Type1,7.72520641,Drinks
FDR46,16.85,Low Fat,0.139700397,Snack Foods,147.776,OUT045,Small,Tier 2,Supermarket Type1,7.820476448,Food
FDY59,8.195,Low Fat,0.031377308,Baking Goods,93.6462,OUT013,High,Tier 3,Supermarket Type1,6.83137303,Food
NCU05,11.8,Non-Edible,0.058855357,Health and Hygiene,79.1618,OUT045,Small,Tier 2,Supermarket Type1,7.756748359,Non-Consumable
DRJ25,14.6,Low Fat,0.151180862,Soft Drinks,47.5692,OUT018,Medium,Tier 3,Supermarket Type2,6.096776362,Drinks
FDU28,19.2,Regular,0.09391835,Frozen Foods,189.8214,OUT046,Small,Tier 1,Supermarket Type1,6.849179744,Food
FDL50,12.15,Regular,0.042378864,Canned,125.4046,OUT049,Medium,Tier 1,Supermarket Type1,7.532928176,Food
FDA43,10.895,Low Fat,0.064939211,Fruits and Vegetables,194.1794,OUT018,Medium,Tier 3,Supermarket Type2,7.75874039,Food
FDD08,8.3,Low Fat,0.035183156,Fruits and Vegetables,37.8506,OUT027,Medium,Tier 3,Supermarket Type3,6.036573181,Food
FDJ57,7.42,Regular,0.021661527,Seafood,187.7582,OUT018,Medium,Tier 3,Supermarket Type2,7.863887608,Food
FDC39,7.405,Low Fat,0.159165324,Dairy,207.1296,OUT035,Small,Tier 2,Supermarket Type1,8.226876398,Food
FDQ58,7.315,Low Fat,0.015331129,Snack Foods,153.734,OUT035,Small,Tier 2,Supermarket Type1,7.922047838,Food
FDA22,7.435,Low Fat,0.084436394,Starchy Foods,168.6158,OUT035,Small,Tier 2,Supermarket Type1,8.414745452,Food
FDP39,12.65,Low Fat,0.069532901,Meat,51.8324,OUT049,Medium,Tier 1,Supermarket Type1,6.995381833,Food
FDV44,8.365,Regular,0.039836895,Fruits and Vegetables,191.6188,OUT035,Small,Tier 2,Supermarket Type1,7.647598432,Food
FDE04,19.75,Regular,0.018019662,Frozen Foods,181.566,OUT035,Small,Tier 2,Supermarket Type1,7.964592341,Food
NCO30,19.5,Non-Edible,0.015711807,Household,181.8608,OUT013,High,Tier 3,Supermarket Type1,8.304924692,Non-Consumable
FDA44,19.7,Low Fat,0.053330653,Fruits and Vegetables,56.793,OUT045,Small,Tier 2,Supermarket Type1,6.745112812,Food
FDI16,14,Regular,0.227260689,Frozen Foods,54.364,OUT010,Small,Tier 3,Grocery Store,5.080111604,Food
FDM15,11.8,Regular,0.057410724,Meat,149.5366,OUT035,Small,Tier 2,Supermarket Type1,7.503641939,Food
DRJ13,12.65,Low Fat,0.062878412,Soft Drinks,160.9578,OUT035,Small,Tier 2,Supermarket Type1,8.37409864,Drinks
FDT48,4.92,Low Fat,0.0460511,Baking Goods,196.5084,OUT027,Medium,Tier 3,Supermarket Type3,6.677881128,Food
FDH33,12.85,Low Fat,0.121725411,Snack Foods,45.1428,OUT046,Small,Tier 1,Supermarket Type1,6.269690047,Food
FDE14,13.65,Regular,0.031439206,Canned,100.07,OUT035,Small,Tier 2,Supermarket Type1,7.86235092,Food
FDE26,9.3,Low Fat,0.088931701,Canned,143.3786,OUT013,High,Tier 3,Supermarket Type1,8.017983376,Food
FDN08,7.72,Regular,0.103312359,Fruits and Vegetables,117.7466,OUT018,Medium,Tier 3,Supermarket Type2,7.168050173,Food
NCO29,11.15,Non-Edible,0.032387589,Health and Hygiene,164.3526,OUT018,Medium,Tier 3,Supermarket Type2,7.993331905,Non-Consumable
FDK60,16.5,Regular,0.094010215,Baking Goods,95.2068,OUT049,Medium,Tier 1,Supermarket Type1,6.657567302,Food
FDX40,12.85,Low Fat,0.173324207,Frozen Foods,39.9164,OUT019,Small,Tier 1,Grocery Store,3.679243174,Food
FDX15,17.2,Low Fat,0.156541861,Meat,162.4578,OUT049,Medium,Tier 1,Supermarket Type1,7.968748909,Food
FDO28,5.765,Low Fat,0.071948252,Frozen Foods,121.6098,OUT027,Medium,Tier 3,Supermarket Type3,6.18009781,Food
NCL05,19.6,Non-Edible,0.048092778,Health and Hygiene,44.477,OUT018,Medium,Tier 3,Supermarket Type2,6.07251444,Non-Consumable
FDT04,17.25,Low Fat,0.107258822,Frozen Foods,40.1822,OUT045,Small,Tier 2,Supermarket Type1,6.23767715,Food
FDS26,20.35,Low Fat,0.089975294,Dairy,261.6594,OUT017,Small,Tier 2,Supermarket Type1,8.934471264,Food
FDV50,14.3,Low Fat,0.123070513,Dairy,121.173,OUT018,Medium,Tier 3,Supermarket Type2,7.64728067,Food
FDG02,7.855,Low Fat,0.019716846,Canned,191.9188,OUT019,Small,Tier 1,Grocery Store,6.349587143,Food
FDC28,7.905,Low Fat,0.054986919,Frozen Foods,108.6254,OUT046,Small,Tier 1,Supermarket Type1,7.52073947,Food
FDK21,7.905,Low Fat,0.010027885,Snack Foods,249.6408,OUT049,Medium,Tier 1,Supermarket Type1,8.088079773,Food
NCO42,21.25,Non-Edible,0.024795057,Household,147.4102,OUT017,Small,Tier 2,Supermarket Type1,8.240666057,Non-Consumable
FDB46,10.5,Regular,0.093954022,Snack Foods,211.8244,OUT045,Small,Tier 2,Supermarket Type1,8.128169303,Food
NCH54,13.5,Non-Edible,0.127234249,Household,158.392,OUT019,Small,Tier 1,Grocery Store,5.080111604,Non-Consumable
FDL26,18,Low Fat,0.073606829,Canned,156.6972,OUT017,Small,Tier 2,Supermarket Type1,8.344629725,Food
NCQ30,7.725,Non-Edible,0.029131242,Household,123.8414,OUT045,Small,Tier 2,Supermarket Type1,6.191064306,Non-Consumable
FDY50,5.8,Low Fat,0.130931048,Dairy,89.9172,OUT035,Small,Tier 2,Supermarket Type1,7.324946302,Food
FDX20,7.365,Low Fat,0.074517508,Fruits and Vegetables,227.372,OUT019,Small,Tier 1,Grocery Store,6.117533162,Food
FDQ34,10.85,Low Fat,0.162211939,Snack Foods,107.0622,OUT035,Small,Tier 2,Supermarket Type1,6.609396951,Food
FDN39,19.35,Regular,0.065507999,Meat,168.9816,OUT035,Small,Tier 2,Supermarket Type1,7.956227012,Food
FDB17,13.15,Low Fat,0.036672107,Frozen Foods,182.5976,OUT046,Small,Tier 1,Supermarket Type1,8.334770381,Food
FDQ31,5.785,Regular,0.053802405,Fruits and Vegetables,85.9856,OUT013,High,Tier 3,Supermarket Type1,7.309918408,Food
FDG59,15.85,Low Fat,0.043025208,Starchy Foods,37.6164,OUT027,Medium,Tier 3,Supermarket Type3,6.699431865,Food
FDO56,10.195,Regular,0.045073782,Fruits and Vegetables,119.1808,OUT045,Small,Tier 2,Supermarket Type1,6.152143585,Food
FDX11,16,Regular,0.106968577,Baking Goods,180.5634,OUT045,Small,Tier 2,Supermarket Type1,7.911122752,Food
FDJ32,10.695,Low Fat,0.057744249,Fruits and Vegetables,61.2536,OUT013,High,Tier 3,Supermarket Type1,6.514400939,Food
FDV31,9.8,Low Fat,0.142778334,Fruits and Vegetables,175.237,OUT049,Medium,Tier 1,Supermarket Type1,8.264263917,Food
FDB20,7.72,Low Fat,0.052086085,Fruits and Vegetables,76.8986,OUT045,Small,Tier 2,Supermarket Type1,6.149304698,Food
FDQ45,9.5,Regular,0.019114349,Snack Foods,182.1608,OUT019,Small,Tier 1,Grocery Store,5.909499326,Food
FDW27,5.86,Regular,0.151087845,Meat,155.1314,OUT049,Medium,Tier 1,Supermarket Type1,7.347502,Food
NCT53,5.4,Non-Edible,0.048388423,Health and Hygiene,163.0526,OUT017,Small,Tier 2,Supermarket Type1,7.742113959,Non-Consumable
NCS41,12.85,Non-Edible,0.053185208,Health and Hygiene,182.9608,OUT027,Medium,Tier 3,Supermarket Type3,7.411463957,Non-Consumable
DRI47,14.7,Low Fat,0.035016091,Hard Drinks,144.3128,OUT010,Small,Tier 3,Grocery Store,6.069439888,Drinks
NCJ42,19.75,Non-Edible,0.01433033,Household,104.2332,OUT045,Small,Tier 2,Supermarket Type1,7.675173404,Non-Consumable
NCS17,18.6,Non-Edible,0.080626601,Health and Hygiene,92.5436,OUT049,Medium,Tier 1,Supermarket Type1,5.937996258,Non-Consumable
NCO41,12.5,Non-Edible,0.018887088,Health and Hygiene,98.8384,OUT045,Small,Tier 2,Supermarket Type1,7.156176013,Non-Consumable
FDC05,13.1,Regular,0.099343352,Frozen Foods,198.1768,OUT017,Small,Tier 2,Supermarket Type1,7.586685881,Food
FDX34,6.195,Low Fat,0.071971918,Snack Foods,121.3098,OUT035,Small,Tier 2,Supermarket Type1,8.480817962,Food
FDL10,8.395,Low Fat,0.039553606,Snack Foods,99.1042,OUT049,Medium,Tier 1,Supermarket Type1,7.855664516,Food
FDQ58,7.315,Low Fat,0.015331129,Snack Foods,154.534,OUT019,Small,Tier 1,Grocery Store,6.132100021,Food
FDT56,16,Regular,0.115826834,Fruits and Vegetables,56.0246,OUT045,Small,Tier 2,Supermarket Type1,6.545486433,Food
FDZ28,20,Regular,0.051702257,Frozen Foods,125.8678,OUT018,Medium,Tier 3,Supermarket Type2,6.63857669,Food
DRI11,8.26,Low Fat,0.03447406,Hard Drinks,117.0834,OUT045,Small,Tier 2,Supermarket Type1,7.386202907,Drinks
DRJ49,6.865,Low Fat,0.014033719,Soft Drinks,129.9652,OUT013,High,Tier 3,Supermarket Type1,7.751893983,Drinks
DRK37,5,Low Fat,0.04379158,Soft Drinks,189.053,OUT027,Medium,Tier 3,Supermarket Type3,8.742390472,Drinks
FDR20,20,Regular,0.02819757,Fruits and Vegetables,46.4744,OUT010,Small,Tier 3,Grocery Store,3.834588892,Food
DRG13,17.25,Low Fat,0.037006076,Soft Drinks,164.7526,OUT027,Medium,Tier 3,Supermarket Type3,8.321741409,Drinks
NCN14,19.1,Non-Edible,0.09147267,Others,184.6608,OUT027,Medium,Tier 3,Supermarket Type3,7.922047838,Non-Consumable
FDV13,17.35,Regular,0.027723342,Canned,89.6856,OUT018,Medium,Tier 3,Supermarket Type2,7.654563788,Food
FDU44,12.15,Regular,0.102295904,Fruits and Vegetables,162.3552,OUT019,Small,Tier 1,Grocery Store,6.191064306,Food
FDO03,10.395,Regular,0.037033223,Meat,227.9352,OUT018,Medium,Tier 3,Supermarket Type2,8.478606031,Food
FDT34,9.3,Low Fat,0.174350275,Snack Foods,104.4964,OUT046,Small,Tier 1,Supermarket Type1,7.791736515,Food
FDP21,7.42,Regular,0.025886443,Snack Foods,189.1872,OUT017,Small,Tier 2,Supermarket Type1,8.461295629,Food
NCI54,15.2,Non-Edible,0.03959349,Household,110.4912,OUT017,Small,Tier 2,Supermarket Type1,7.401761039,Non-Consumable
FDE22,9.695,Low Fat,0.029567218,Snack Foods,160.492,OUT035,Small,Tier 2,Supermarket Type1,8.369941591,Food
FDJ57,7.42,Regular,0.021695674,Seafood,185.3582,OUT017,Small,Tier 2,Supermarket Type1,8.220447232,Food
FDT08,13.65,Low Fat,0.049209192,Fruits and Vegetables,150.005,OUT035,Small,Tier 2,Supermarket Type1,7.717829573,Food
NCP54,15.35,Non-Edible,0.035292855,Household,124.573,OUT018,Medium,Tier 3,Supermarket Type2,7.379163546,Non-Consumable
NCK53,11.6,Non-Edible,0.037574137,Health and Hygiene,100.0042,OUT035,Small,Tier 2,Supermarket Type1,7.998713685,Non-Consumable
NCQ42,20.35,Non-Edible,0.045164911,Household,125.1678,OUT017,Small,Tier 2,Supermarket Type1,7.55408178,Non-Consumable
FDW21,5.34,Regular,0.005997615,Snack Foods,100.4358,OUT017,Small,Tier 2,Supermarket Type1,7.319226978,Food
NCH43,8.42,Non-Edible,0.070712031,Household,216.4192,OUT045,Small,Tier 2,Supermarket Type1,8.013365955,Non-Consumable
FDQ44,20.5,Low Fat,0.036133463,Fruits and Vegetables,120.1756,OUT035,Small,Tier 2,Supermarket Type1,8.129739932,Food
NCN18,8.895,Non-Edible,0.124110734,Household,111.7544,OUT027,Medium,Tier 3,Supermarket Type3,8.328357536,Non-Consumable
FDB46,10.5,Regular,0.094145821,Snack Foods,210.8244,OUT018,Medium,Tier 3,Supermarket Type2,7.658342723,Food
DRF37,17.25,Low Fat,0.084676173,Soft Drinks,263.191,OUT018,Medium,Tier 3,Supermarket Type2,8.280423474,Drinks
FDN28,5.88,Regular,0.030242184,Frozen Foods,101.799,OUT035,Small,Tier 2,Supermarket Type1,6.248033203,Food
FDW31,11.35,Regular,0.04324563,Fruits and Vegetables,199.4742,OUT045,Small,Tier 2,Supermarket Type1,7.859013306,Food
FDG45,8.1,Low Fat,0.214306131,Fruits and Vegetables,213.9902,OUT010,Small,Tier 3,Grocery Store,6.05392372,Food
FDN58,13.8,Regular,0.056861638,Snack Foods,231.5984,OUT035,Small,Tier 2,Supermarket Type1,8.879562945,Food
FDF05,17.5,Low Fat,0.026980351,Frozen Foods,262.591,OUT018,Medium,Tier 3,Supermarket Type2,8.344946156,Food
FDR26,20.7,Low Fat,0.04280113,Dairy,178.3028,OUT013,High,Tier 3,Supermarket Type1,7.81619092,Food
FDH31,12,Regular,0.020407296,Meat,99.9042,OUT035,Small,Tier 2,Supermarket Type1,6.390618448,Food
FDA01,15,Regular,0.054488534,Canned,57.5904,OUT045,Small,Tier 2,Supermarket Type1,6.152143585,Food
FDH24,20.7,Low Fat,0.021518435,Baking Goods,157.5288,OUT018,Medium,Tier 3,Supermarket Type2,7.360287162,Food
NCJ19,18.6,Non-Edible,0.118661426,Others,58.7588,OUT018,Medium,Tier 3,Supermarket Type2,6.756795171,Non-Consumable
FDF53,20.75,Regular,0.083606565,Frozen Foods,178.8318,OUT046,Small,Tier 1,Supermarket Type1,8.191362215,Food
FDF22,6.865,Low Fat,0.056783389,Snack Foods,214.5218,OUT013,High,Tier 3,Supermarket Type1,7.929984384,Food
FDS36,8.38,Regular,0.046982429,Baking Goods,108.157,OUT045,Small,Tier 2,Supermarket Type1,6.310436326,Food
NCJ29,10.6,Non-Edible,0.035186271,Health and Hygiene,85.1224,OUT035,Small,Tier 2,Supermarket Type1,7.085159432,Non-Consumable
FDN46,7.21,Regular,0.145220646,Snack Foods,103.1332,OUT018,Medium,Tier 3,Supermarket Type2,7.52110009,Food
DRG01,14.8,Low Fat,0.04487828,Soft Drinks,75.467,OUT046,Small,Tier 1,Supermarket Type1,6.642056461,Drinks
